{"type":"FeatureCollection","features":[{"type":"Feature","properties":{"id":0,"z":112.83,"code":"GRD"},"geometry":{"type":"Point","coordinates":[-1.802079,53.1986527]}},{"type":"Feature","properties":{"id":1,"z":113.13,"code":"GRD"},"geometry":{"type":"Point","coordinates":[-1.8019377,53.1986608]}},{"type":"Feature","properties":{"id":2,"z":112.99,"code":"GRD"},"geometry":{"type":"Point","coordinates":[-1.8018032,53.1986638]}},{"type":"Feature","properties":{"id":3,"z":111.86,"code":"GRD"},"geometry":{"type":"Point","coordinates":[-1.8015647,53.1986605]}},{"type":"Feature","properties":{"id":4,"z":111.45,"code":"GRD"},"geometry":{"type":"Point","coordinates":[-1.801507,53.1986546]}},{"type":"Feature","properties":{"id":5,"z":109.65,"code":"GRD"},"geometry":{"type":"Point","coordinates":[-1.8012495,53.1986547]}},{"type":"Feature","properties":{"id":6,"z":109.07,"code":"GRD"},"geometry":{"type":"Point","coordinates":[-1.8011034,53.1986575]}},{"type":"Feature","properties":{"id":7,"z":109.02,"code":"GRD"},"geometry":{"type":"Point","coordinates":[-1.8010517,53.198662]}},{"type":"Feature","properties":{"id":8,"z":109.16,"code":"GRD"},"geometry":{"type":"Point","coordinates":[-1.8008672,53.198659]}},{"type":"Feature","properties":{"id":9,"z":109.33,"code":"GRD"},"geometry":{"type":"Point","coordinates":[-1.8008201,53.1986568]}},{"type":"Feature","properties":{"id":10,"z":109.72,"code":"GRD"},"geometry":{"type":"Point","coordinates":[-1.8007267,53.1986544]}},{"type":"Feature","properties":{"id":11,"z":109.97,"code":"GRD"},"geometry":{"type":"Point","coordinates":[-1.8006666,53.1986549]}},{"type":"Feature","properties":{"id":12,"z":110.57,"code":"GRD"},"geometry":{"type":"Point","coordinates":[-1.8005346,53.1986637]}},{"type":"Feature","properties":{"id":13,"z":110.77,"code":"GRD"},"geometry":{"type":"Point","coordinates":[-1.8005043,53.1986576]}},{"type":"Feature","properties":{"id":14,"z":111.07,"code":"GRD"},"geometry":{"type":"Point","coordinates":[-1.8004167,53.1986649]}},{"type":"Feature","properties":{"id":15,"z":111.15,"code":"GRD"},"geometry":{"type":"Point","coordinates":[-1.8003647,53.1986568]}},{"type":"Feature","properties":{"id":16,"z":111.11,"code":"GRD"},"geometry":{"type":"Point","coordinates":[-1.8001895,53.1986593]}},{"type":"Feature","properties":{"id":17,"z":110.83,"code":"GRD"},"geometry":{"type":"Point","coordinates":[-1.8001126,53.1986619]}},{"type":"Feature","properties":{"id":18,"z":110.1,"code":"GRD"},"geometry":{"type":"Point","coordinates":[-1.7999799,53.1986622]}},{"type":"Feature","properties":{"id":19,"z":109.15,"code":"GRD"},"geometry":{"type":"Point","coordinates":[-1.799862,53.1986622]}},{"type":"Feature","properties":{"id":20,"z":107.16,"code":"GRD"},"geometry":{"type":"Point","coordinates":[-1.7994836,53.1986542]}},{"type":"Feature","properties":{"id":21,"z":106.99,"code":"GRD"},"geometry":{"type":"Point","coordinates":[-1.7994145,53.1986555]}},{"type":"Feature","properties":{"id":22,"z":107.23,"code":"GRD"},"geometry":{"type":"Point","coordinates":[-1.7992724,53.1986596]}},{"type":"Feature","properties":{"id":23,"z":107.46,"code":"GRD"},"geometry":{"type":"Point","coordinates":[-1.7991799,53.1986559]}},{"type":"Feature","properties":{"id":24,"z":109.13,"code":"GRD"},"geometry":{"type":"Point","coordinates":[-1.7988052,53.1986619]}},{"type":"Feature","properties":{"id":25,"z":109.12,"code":"GRD"},"geometry":{"type":"Point","coordinates":[-1.7985817,53.1986649]}},{"type":"Feature","properties":{"id":26,"z":107.58,"code":"GRD"},"geometry":{"type":"Point","coordinates":[-1.7983015,53.1986639]}},{"type":"Feature","properties":{"id":27,"z":106.51,"code":"GRD"},"geometry":{"type":"Point","coordinates":[-1.7981543,53.1986646]}},{"type":"Feature","properties":{"id":28,"z":106.01,"code":"GRD"},"geometry":{"type":"Point","coordinates":[-1.7980772,53.1986575]}},{"type":"Feature","properties":{"id":29,"z":105.85,"code":"GRD"},"geometry":{"type":"Point","coordinates":[-1.7980435,53.1986594]}},{"type":"Feature","properties":{"id":30,"z":105.41,"code":"GRD"},"geometry":{"type":"Point","coordinates":[-1.7979651,53.1986596]}},{"type":"Feature","properties":{"id":31,"z":105.21,"code":"GRD"},"geometry":{"type":"Point","coordinates":[-1.7978904,53.1986647]}},{"type":"Feature","properties":{"id":32,"z":105.11,"code":"GRD"},"geometry":{"type":"Point","coordinates":[-1.7978257,53.1986602]}},{"type":"Feature","properties":{"id":33,"z":105.02,"code":"GRD"},"geometry":{"type":"Point","coordinates":[-1.797789,53.198653]}},{"type":"Feature","properties":{"id":34,"z":112.18,"code":"GRD"},"geometry":{"type":"Point","coordinates":[-1.8022063,53.1986847]}},{"type":"Feature","properties":{"id":35,"z":112.7,"code":"GRD"},"geometry":{"type":"Point","coordinates":[-1.8021043,53.1986889]}},{"type":"Feature","properties":{"id":36,"z":112.86,"code":"GRD"},"geometry":{"type":"Point","coordinates":[-1.8020421,53.1987025]}},{"type":"Feature","properties":{"id":37,"z":112.95,"code":"GRD"},"geometry":{"type":"Point","coordinates":[-1.8020092,53.1986834]}},{"type":"Feature","properties":{"id":38,"z":113.01,"code":"GRD"},"geometry":{"type":"Point","coordinates":[-1.8019473,53.1986828]}},{"type":"Feature","properties":{"id":39,"z":113.01,"code":"GRD"},"geometry":{"type":"Point","coordinates":[-1.8018572,53.1986897]}},{"type":"Feature","properties":{"id":40,"z":113.01,"code":"GRD"},"geometry":{"type":"Point","coordinates":[-1.8018021,53.1986978]}},{"type":"Feature","properties":{"id":41,"z":112.75,"code":"GRD"},"geometry":{"type":"Point","coordinates":[-1.8017284,53.1986974]}},{"type":"Feature","properties":{"id":42,"z":112.51,"code":"GRD"},"geometry":{"type":"Point","coordinates":[-1.8016721,53.1986897]}},{"type":"Feature","properties":{"id":43,"z":112.28,"code":"GRD"},"geometry":{"type":"Point","coordinates":[-1.8016266,53.1986978]}},{"type":"Feature","properties":{"id":44,"z":111.57,"code":"GRD"},"geometry":{"type":"Point","coordinates":[-1.8015368,53.1986876]}},{"type":"Feature","properties":{"id":45,"z":111.34,"code":"GRD"},"geometry":{"type":"Point","coordinates":[-1.8014842,53.198682]}},{"type":"Feature","properties":{"id":46,"z":111.06,"code":"GRD"},"geometry":{"type":"Point","coordinates":[-1.8014463,53.1986815]}},{"type":"Feature","properties":{"id":47,"z":110.48,"code":"GRD"},"geometry":{"type":"Point","coordinates":[-1.8013825,53.1986985]}},{"type":"Feature","properties":{"id":48,"z":109.84,"code":"GRD"},"geometry":{"type":"Point","coordinates":[-1.8012845,53.1986942]}},{"type":"Feature","properties":{"id":49,"z":109.75,"code":"GRD"},"geometry":{"type":"Point","coordinates":[-1.8012572,53.198678]}},{"type":"Feature","properties":{"id":50,"z":109.15,"code":"GRD"},"geometry":{"type":"Point","coordinates":[-1.8011589,53.198694]}},{"type":"Feature","properties":{"id":51,"z":109.09,"code":"GRD"},"geometry":{"type":"Point","coordinates":[-1.8011185,53.1986996]}},{"type":"Feature","properties":{"id":52,"z":108.95,"code":"GRD"},"geometry":{"type":"Point","coordinates":[-1.801039,53.198683]}},{"type":"Feature","properties":{"id":53,"z":108.96,"code":"GRD"},"geometry":{"type":"Point","coordinates":[-1.8010006,53.1986924]}},{"type":"Feature","properties":{"id":54,"z":109.03,"code":"GRD"},"geometry":{"type":"Point","coordinates":[-1.8009369,53.1986882]}},{"type":"Feature","properties":{"id":55,"z":109.18,"code":"GRD"},"geometry":{"type":"Point","coordinates":[-1.8008699,53.1986892]}},{"type":"Feature","properties":{"id":56,"z":109.28,"code":"GRD"},"geometry":{"type":"Point","coordinates":[-1.8007973,53.1987004]}},{"type":"Feature","properties":{"id":57,"z":109.66,"code":"GRD"},"geometry":{"type":"Point","coordinates":[-1.8007377,53.1986911]}},{"type":"Feature","properties":{"id":58,"z":109.91,"code":"GRD"},"geometry":{"type":"Point","coordinates":[-1.8006738,53.1986782]}},{"type":"Feature","properties":{"id":59,"z":110.13,"code":"GRD"},"geometry":{"type":"Point","coordinates":[-1.8006327,53.1986978]}},{"type":"Feature","properties":{"id":60,"z":110.46,"code":"GRD"},"geometry":{"type":"Point","coordinates":[-1.8005626,53.1986896]}},{"type":"Feature","properties":{"id":61,"z":110.71,"code":"GRD"},"geometry":{"type":"Point","coordinates":[-1.8004932,53.1986907]}},{"type":"Feature","properties":{"id":62,"z":111.02,"code":"GRD"},"geometry":{"type":"Point","coordinates":[-1.8004206,53.1986974]}},{"type":"Feature","properties":{"id":63,"z":111.15,"code":"GRD"},"geometry":{"type":"Point","coordinates":[-1.8003705,53.1986847]}},{"type":"Feature","properties":{"id":64,"z":111.1,"code":"GRD"},"geometry":{"type":"Point","coordinates":[-1.8002855,53.1986905]}},{"type":"Feature","properties":{"id":65,"z":111.07,"code":"GRD"},"geometry":{"type":"Point","coordinates":[-1.8002166,53.1986888]}},{"type":"Feature","properties":{"id":66,"z":110.9,"code":"GRD"},"geometry":{"type":"Point","coordinates":[-1.8001662,53.1986904]}},{"type":"Feature","properties":{"id":67,"z":110.74,"code":"GRD"},"geometry":{"type":"Point","coordinates":[-1.80011,53.1986911]}},{"type":"Feature","properties":{"id":68,"z":110.38,"code":"GRD"},"geometry":{"type":"Point","coordinates":[-1.8000459,53.1987014]}},{"type":"Feature","properties":{"id":69,"z":109.85,"code":"GRD"},"geometry":{"type":"Point","coordinates":[-1.7999634,53.1986842]}},{"type":"Feature","properties":{"id":70,"z":109.58,"code":"GRD"},"geometry":{"type":"Point","coordinates":[-1.7999165,53.1987014]}},{"type":"Feature","properties":{"id":71,"z":109.25,"code":"GRD"},"geometry":{"type":"Point","coordinates":[-1.7998719,53.1986888]}},{"type":"Feature","properties":{"id":72,"z":108.87,"code":"GRD"},"geometry":{"type":"Point","coordinates":[-1.799811,53.1986837]}},{"type":"Feature","properties":{"id":73,"z":108.19,"code":"GRD"},"geometry":{"type":"Point","coordinates":[-1.7997181,53.1987002]}},{"type":"Feature","properties":{"id":74,"z":107.92,"code":"GRD"},"geometry":{"type":"Point","coordinates":[-1.7996816,53.1986957]}},{"type":"Feature","properties":{"id":75,"z":107.41,"code":"GRD"},"geometry":{"type":"Point","coordinates":[-1.799588,53.198702]}},{"type":"Feature","properties":{"id":76,"z":107.25,"code":"GRD"},"geometry":{"type":"Point","coordinates":[-1.7995529,53.1987016]}},{"type":"Feature","properties":{"id":77,"z":107.07,"code":"GRD"},"geometry":{"type":"Point","coordinates":[-1.7994576,53.1986986]}},{"type":"Feature","properties":{"id":78,"z":106.97,"code":"GRD"},"geometry":{"type":"Point","coordinates":[-1.7994294,53.1986885]}},{"type":"Feature","properties":{"id":79,"z":107.0,"code":"GRD"},"geometry":{"type":"Point","coordinates":[-1.7993649,53.1986857]}},{"type":"Feature","properties":{"id":80,"z":107.11,"code":"GRD"},"geometry":{"type":"Point","coordinates":[-1.7992798,53.1986782]}},{"type":"Feature","properties":{"id":81,"z":107.23,"code":"GRD"},"geometry":{"type":"Point","coordinates":[-1.7992464,53.198686]}},{"type":"Feature","properties":{"id":82,"z":107.68,"code":"GRD"},"geometry":{"type":"Point","coordinates":[-1.799158,53.1986906]}},{"type":"Feature","properties":{"id":83,"z":107.94,"code":"GRD"},"geometry":{"type":"Point","coordinates":[-1.7990881,53.1987021]}},{"type":"Feature","properties":{"id":84,"z":108.15,"code":"GRD"},"geometry":{"type":"Point","coordinates":[-1.7990538,53.1986844]}},{"type":"Feature","properties":{"id":85,"z":108.45,"code":"GRD"},"geometry":{"type":"Point","coordinates":[-1.7989839,53.1986809]}},{"type":"Feature","properties":{"id":86,"z":108.72,"code":"GRD"},"geometry":{"type":"Point","coordinates":[-1.7989145,53.1987006]}},{"type":"Feature","properties":{"id":87,"z":108.88,"code":"GRD"},"geometry":{"type":"Point","coordinates":[-1.798863,53.1987008]}},{"type":"Feature","properties":{"id":88,"z":109.15,"code":"GRD"},"geometry":{"type":"Point","coordinates":[-1.7987823,53.1986953]}},{"type":"Feature","properties":{"id":89,"z":109.24,"code":"GRD"},"geometry":{"type":"Point","coordinates":[-1.7987144,53.1986884]}},{"type":"Feature","properties":{"id":90,"z":109.15,"code":"GRD"},"geometry":{"type":"Point","coordinates":[-1.7986773,53.1987013]}},{"type":"Feature","properties":{"id":91,"z":109.08,"code":"GRD"},"geometry":{"type":"Point","coordinates":[-1.7986138,53.1986992]}},{"type":"Feature","properties":{"id":92,"z":108.93,"code":"GRD"},"geometry":{"type":"Point","coordinates":[-1.7985516,53.1986994]}},{"type":"Feature","properties":{"id":93,"z":108.61,"code":"GRD"},"geometry":{"type":"Point","coordinates":[-1.7984682,53.198701]}},{"type":"Feature","properties":{"id":94,"z":108.33,"code":"GRD"},"geometry":{"type":"Point","coordinates":[-1.7984171,53.1986809]}},{"type":"Feature","properties":{"id":95,"z":107.99,"code":"GRD"},"geometry":{"type":"Point","coordinates":[-1.7983608,53.1986817]}},{"type":"Feature","properties":{"id":96,"z":107.55,"code":"GRD"},"geometry":{"type":"Point","coordinates":[-1.7983003,53.1986828]}},{"type":"Feature","properties":{"id":97,"z":106.91,"code":"GRD"},"geometry":{"type":"Point","coordinates":[-1.7982075,53.198685]}},{"type":"Feature","properties":{"id":98,"z":106.5,"code":"GRD"},"geometry":{"type":"Point","coordinates":[-1.7981555,53.1986822]}},{"type":"Feature","properties":{"id":99,"z":106.16,"code":"GRD"},"geometry":{"type":"Point","coordinates":[-1.798103,53.1986781]}},{"type":"Feature","properties":{"id":100,"z":105.68,"code":"GRD"},"geometry":{"type":"Point","coordinates":[-1.7980197,53.1986915]}},{"type":"Feature","properties":{"id":101,"z":105.39,"code":"GRD"},"geometry":{"type":"Point","coordinates":[-1.7979483,53.1986804]}},{"type":"Feature","properties":{"id":102,"z":105.1,"code":"GRD"},"geometry":{"type":"Point","coordinates":[-1.7978901,53.1986886]}},{"type":"Feature","properties":{"id":103,"z":105.1,"code":"GRD"},"geometry":{"type":"Point","coordinates":[-1.797845,53.1986904]}},{"type":"Feature","properties":{"id":104,"z":105.04,"code":"GRD"},"geometry":{"type":"Point","coordinates":[-1.7977697,53.1987024]}},{"type":"Feature","properties":{"id":105,"z":112.02,"code":"GRD"},"geometry":{"type":"Point","coordinates":[-1.8022408,53.1987314]}},{"type":"Feature","properties":{"id":106,"z":112.22,"code":"GRD"},"geometry":{"type":"Point","coordinates":[-1.8021905,53.1987242]}},{"type":"Feature","properties":{"id":107,"z":112.4,"code":"GRD"},"geometry":{"type":"Point","coordinates":[-1.8021415,53.1987341]}},{"type":"Feature","properties":{"id":108,"z":112.76,"code":"GRD"},"geometry":{"type":"Point","coordinates":[-1.8020707,53.1987195]}},{"type":"Feature","properties":{"id":109,"z":112.92,"code":"GRD"},"geometry":{"type":"Point","coordinates":[-1.8019819,53.1987323]}},{"type":"Feature","properties":{"id":110,"z":112.96,"code":"GRD"},"geometry":{"type":"Point","coordinates":[-1.8019437,53.1987215]}},{"type":"Feature","properties":{"id":111,"z":113.01,"code":"GRD"},"geometry":{"type":"Point","coordinates":[-1.8018859,53.1987266]}},{"type":"Feature","properties":{"id":112,"z":112.89,"code":"GRD"},"geometry":{"type":"Point","coordinates":[-1.8018185,53.1987396]}},{"type":"Feature","properties":{"id":113,"z":112.68,"code":"GRD"},"geometry":{"type":"Point","coordinates":[-1.8017563,53.1987397]}},{"type":"Feature","properties":{"id":114,"z":112.52,"code":"GRD"},"geometry":{"type":"Point","coordinates":[-1.8016906,53.1987244]}},{"type":"Feature","properties":{"id":115,"z":112.11,"code":"GRD"},"geometry":{"type":"Point","coordinates":[-1.8016207,53.1987281]}},{"type":"Feature","properties":{"id":116,"z":111.82,"code":"GRD"},"geometry":{"type":"Point","coordinates":[-1.8015692,53.1987281]}},{"type":"Feature","properties":{"id":117,"z":111.41,"code":"GRD"},"geometry":{"type":"Point","coordinates":[-1.8015109,53.1987255]}},{"type":"Feature","properties":{"id":118,"z":110.98,"code":"GRD"},"geometry":{"type":"Point","coordinates":[-1.8014499,53.198716]}},{"type":"Feature","properties":{"id":119,"z":110.41,"code":"GRD"},"geometry":{"type":"Point","coordinates":[-1.8013641,53.1987287]}},{"type":"Feature","properties":{"id":120,"z":109.92,"code":"GRD"},"geometry":{"type":"Point","coordinates":[-1.8012942,53.198732]}},{"type":"Feature","properties":{"id":121,"z":109.58,"code":"GRD"},"geometry":{"type":"Point","coordinates":[-1.8012463,53.1987236]}},{"type":"Feature","properties":{"id":122,"z":109.25,"code":"GRD"},"geometry":{"type":"Point","coordinates":[-1.8011584,53.1987192]}},{"type":"Feature","properties":{"id":123,"z":109.15,"code":"GRD"},"geometry":{"type":"Point","coordinates":[-1.8011349,53.1987364]}},{"type":"Feature","properties":{"id":124,"z":108.99,"code":"GRD"},"geometry":{"type":"Point","coordinates":[-1.8010363,53.1987312]}},{"type":"Feature","properties":{"id":125,"z":108.9,"code":"GRD"},"geometry":{"type":"Point","coordinates":[-1.8010049,53.1987286]}},{"type":"Feature","properties":{"id":126,"z":109.06,"code":"GRD"},"geometry":{"type":"Point","coordinates":[-1.8009266,53.1987364]}},{"type":"Feature","properties":{"id":127,"z":109.1,"code":"GRD"},"geometry":{"type":"Point","coordinates":[-1.8008603,53.1987379]}},{"type":"Feature","properties":{"id":128,"z":109.39,"code":"GRD"},"geometry":{"type":"Point","coordinates":[-1.8007931,53.1987329]}},{"type":"Feature","properties":{"id":129,"z":109.55,"code":"GRD"},"geometry":{"type":"Point","coordinates":[-1.8007532,53.1987245]}},{"type":"Feature","properties":{"id":130,"z":109.75,"code":"GRD"},"geometry":{"type":"Point","coordinates":[-1.8006914,53.1987364]}},{"type":"Feature","properties":{"id":131,"z":110.18,"code":"GRD"},"geometry":{"type":"Point","coordinates":[-1.8006065,53.1987325]}},{"type":"Feature","properties":{"id":132,"z":110.5,"code":"GRD"},"geometry":{"type":"Point","coordinates":[-1.8005493,53.1987155]}},{"type":"Feature","properties":{"id":133,"z":110.64,"code":"GRD"},"geometry":{"type":"Point","coordinates":[-1.8004858,53.1987289]}},{"type":"Feature","properties":{"id":134,"z":110.94,"code":"GRD"},"geometry":{"type":"Point","coordinates":[-1.8004162,53.1987171]}},{"type":"Feature","properties":{"id":135,"z":110.98,"code":"GRD"},"geometry":{"type":"Point","coordinates":[-1.8003778,53.1987221]}},{"type":"Feature","properties":{"id":136,"z":111.07,"code":"GRD"},"geometry":{"type":"Point","coordinates":[-1.8002873,53.1987206]}},{"type":"Feature","properties":{"id":137,"z":110.9,"code":"GRD"},"geometry":{"type":"Point","coordinates":[-1.8002342,53.198725]}},{"type":"Feature","properties":{"id":138,"z":110.85,"code":"GRD"},"geometry":{"type":"Point","coordinates":[-1.8001718,53.1987326]}},{"type":"Feature","properties":{"id":139,"z":110.59,"code":"GRD"},"geometry":{"type":"Point","coordinates":[-1.800102,53.1987174]}},{"type":"Feature","properties":{"id":140,"z":110.42,"code":"GRD"},"geometry":{"type":"Point","coordinates":[-1.8000598,53.1987218]}},{"type":"Feature","properties":{"id":141,"z":109.94,"code":"GRD"},"geometry":{"type":"Point","coordinates":[-1.7999792,53.1987157]}},{"type":"Feature","properties":{"id":142,"z":109.65,"code":"GRD"},"geometry":{"type":"Point","coordinates":[-1.7999375,53.1987222]}},{"type":"Feature","properties":{"id":143,"z":109.0,"code":"GRD"},"geometry":{"type":"Point","coordinates":[-1.7998487,53.1987227]}},{"type":"Feature","properties":{"id":144,"z":108.64,"code":"GRD"},"geometry":{"type":"Point","coordinates":[-1.7997924,53.1987271]}},{"type":"Feature","properties":{"id":145,"z":108.13,"code":"GRD"},"geometry":{"type":"Point","coordinates":[-1.7997135,53.1987204]}},{"type":"Feature","properties":{"id":146,"z":107.8,"code":"GRD"},"geometry":{"type":"Point","coordinates":[-1.799647,53.198739]}},{"type":"Feature","properties":{"id":147,"z":107.49,"code":"GRD"},"geometry":{"type":"Point","coordinates":[-1.7995907,53.1987398]}},{"type":"Feature","properties":{"id":148,"z":107.3,"code":"GRD"},"geometry":{"type":"Point","coordinates":[-1.7995432,53.1987222]}},{"type":"Feature","properties":{"id":149,"z":107.23,"code":"GRD"},"geometry":{"type":"Point","coordinates":[-1.7994903,53.19873]}},{"type":"Feature","properties":{"id":150,"z":107.06,"code":"GRD"},"geometry":{"type":"Point","coordinates":[-1.7994302,53.1987286]}},{"type":"Feature","properties":{"id":151,"z":107.05,"code":"GRD"},"geometry":{"type":"Point","coordinates":[-1.7993387,53.1987282]}},{"type":"Feature","properties":{"id":152,"z":107.2,"code":"GRD"},"geometry":{"type":"Point","coordinates":[-1.7992729,53.1987331]}},{"type":"Feature","properties":{"id":153,"z":107.39,"code":"GRD"},"geometry":{"type":"Point","coordinates":[-1.7992268,53.198716]}},{"type":"Feature","properties":{"id":154,"z":107.43,"code":"GRD"},"geometry":{"type":"Point","coordinates":[-1.7991841,53.1987278]}},{"type":"Feature","properties":{"id":155,"z":107.76,"code":"GRD"},"geometry":{"type":"Point","coordinates":[-1.7991153,53.1987241]}},{"type":"Feature","properties":{"id":156,"z":108.13,"code":"GRD"},"geometry":{"type":"Point","coordinates":[-1.799045,53.1987365]}},{"type":"Feature","properties":{"id":157,"z":108.48,"code":"GRD"},"geometry":{"type":"Point","coordinates":[-1.79896,53.1987184]}},{"type":"Feature","properties":{"id":158,"z":108.74,"code":"GRD"},"geometry":{"type":"Point","coordinates":[-1.7988934,53.1987333]}},{"type":"Feature","properties":{"id":159,"z":108.85,"code":"GRD"},"geometry":{"type":"Point","coordinates":[-1.7988537,53.1987253]}},{"type":"Feature","properties":{"id":160,"z":109.03,"code":"GRD"},"geometry":{"type":"Point","coordinates":[-1.7987644,53.1987302]}},{"type":"Feature","properties":{"id":161,"z":109.18,"code":"GRD"},"geometry":{"type":"Point","coordinates":[-1.7987318,53.1987166]}},{"type":"Feature","properties":{"id":162,"z":109.06,"code":"GRD"},"geometry":{"type":"Point","coordinates":[-1.7986761,53.1987364]}},{"type":"Feature","properties":{"id":163,"z":109.13,"code":"GRD"},"geometry":{"type":"Point","coordinates":[-1.7986069,53.1987221]}},{"type":"Feature","properties":{"id":164,"z":108.76,"code":"GRD"},"geometry":{"type":"Point","coordinates":[-1.7985329,53.1987202]}},{"type":"Feature","properties":{"id":165,"z":108.5,"code":"GRD"},"geometry":{"type":"Point","coordinates":[-1.7984542,53.1987358]}},{"type":"Feature","properties":{"id":166,"z":108.18,"code":"GRD"},"geometry":{"type":"Point","coordinates":[-1.7984019,53.1987384]}},{"type":"Feature","properties":{"id":167,"z":107.74,"code":"GRD"},"geometry":{"type":"Point","coordinates":[-1.7983352,53.1987167]}},{"type":"Feature","properties":{"id":168,"z":107.3,"code":"GRD"},"geometry":{"type":"Point","coordinates":[-1.7982717,53.1987268]}},{"type":"Feature","properties":{"id":169,"z":106.94,"code":"GRD"},"geometry":{"type":"Point","coordinates":[-1.7982274,53.1987166]}},{"type":"Feature","properties":{"id":170,"z":106.33,"code":"GRD"},"geometry":{"type":"Point","coordinates":[-1.7981375,53.1987186]}},{"type":"Feature","properties":{"id":171,"z":106.15,"code":"GRD"},"geometry":{"type":"Point","coordinates":[-1.798101,53.198734]}},{"type":"Feature","properties":{"id":172,"z":105.61,"code":"GRD"},"geometry":{"type":"Point","coordinates":[-1.7980095,53.198722]}},{"type":"Feature","properties":{"id":173,"z":105.41,"code":"GRD"},"geometry":{"type":"Point","coordinates":[-1.7979641,53.1987253]}},{"type":"Feature","properties":{"id":174,"z":105.29,"code":"GRD"},"geometry":{"type":"Point","coordinates":[-1.7979175,53.1987195]}},{"type":"Feature","properties":{"id":175,"z":105.2,"code":"GRD"},"geometry":{"type":"Point","coordinates":[-1.7978407,53.1987209]}},{"type":"Feature","properties":{"id":176,"z":105.11,"code":"GRD"},"geometry":{"type":"Point","coordinates":[-1.7977605,53.1987405]}},{"type":"Feature","properties":{"id":177,"z":112.14,"code":"GRD"},"geometry":{"type":"Point","coordinates":[-1.8021931,53.1987554]}},{"type":"Feature","properties":{"id":178,"z":112.28,"code":"GRD"},"geometry":{"type":"Point","coordinates":[-1.8021344,53.1987596]}},{"type":"Feature","properties":{"id":179,"z":112.58,"code":"GRD"},"geometry":{"type":"Point","coordinates":[-1.80205,53.1987635]}},{"type":"Feature","properties":{"id":180,"z":112.68,"code":"GRD"},"geometry":{"type":"Point","coordinates":[-1.8020011,53.1987663]}},{"type":"Feature","properties":{"id":181,"z":112.83,"code":"GRD"},"geometry":{"type":"Point","coordinates":[-1.8019529,53.1987601]}},{"type":"Feature","properties":{"id":182,"z":112.76,"code":"GRD"},"geometry":{"type":"Point","coordinates":[-1.8018519,53.1987563]}},{"type":"Feature","properties":{"id":183,"z":112.7,"code":"GRD"},"geometry":{"type":"Point","coordinates":[-1.8017933,53.1987586]}},{"type":"Feature","properties":{"id":184,"z":112.56,"code":"GRD"},"geometry":{"type":"Point","coordinates":[-1.8017552,53.1987594]}},{"type":"Feature","properties":{"id":185,"z":112.19,"code":"GRD"},"geometry":{"type":"Point","coordinates":[-1.8016635,53.1987745]}},{"type":"Feature","properties":{"id":186,"z":112.0,"code":"GRD"},"geometry":{"type":"Point","coordinates":[-1.8016039,53.1987537]}},{"type":"Feature","properties":{"id":187,"z":111.53,"code":"GRD"},"geometry":{"type":"Point","coordinates":[-1.80154,53.198765]}},{"type":"Feature","properties":{"id":188,"z":111.15,"code":"GRD"},"geometry":{"type":"Point","coordinates":[-1.80149,53.1987531]}},{"type":"Feature","properties":{"id":189,"z":110.78,"code":"GRD"},"geometry":{"type":"Point","coordinates":[-1.801417,53.1987747]}},{"type":"Feature","properties":{"id":190,"z":110.3,"code":"GRD"},"geometry":{"type":"Point","coordinates":[-1.8013478,53.1987594]}},{"type":"Feature","properties":{"id":191,"z":110.05,"code":"GRD"},"geometry":{"type":"Point","coordinates":[-1.8013037,53.1987703]}},{"type":"Feature","properties":{"id":192,"z":109.58,"code":"GRD"},"geometry":{"type":"Point","coordinates":[-1.8012232,53.1987713]}},{"type":"Feature","properties":{"id":193,"z":109.38,"code":"GRD"},"geometry":{"type":"Point","coordinates":[-1.8011805,53.198767]}},{"type":"Feature","properties":{"id":194,"z":109.31,"code":"GRD"},"geometry":{"type":"Point","coordinates":[-1.8011351,53.1987728]}},{"type":"Feature","properties":{"id":195,"z":109.17,"code":"GRD"},"geometry":{"type":"Point","coordinates":[-1.8010466,53.1987608]}},{"type":"Feature","properties":{"id":196,"z":109.0,"code":"GRD"},"geometry":{"type":"Point","coordinates":[-1.8010054,53.1987595]}},{"type":"Feature","properties":{"id":197,"z":109.01,"code":"GRD"},"geometry":{"type":"Point","coordinates":[-1.8009431,53.1987549]}},{"type":"Feature","properties":{"id":198,"z":109.2,"code":"GRD"},"geometry":{"type":"Point","coordinates":[-1.8008628,53.1987678]}},{"type":"Feature","properties":{"id":199,"z":109.41,"code":"GRD"},"geometry":{"type":"Point","coordinates":[-1.8007966,53.1987534]}},{"type":"Feature","properties":{"id":200,"z":109.64,"code":"GRD"},"geometry":{"type":"Point","coordinates":[-1.8007461,53.1987647]}},{"type":"Feature","properties":{"id":201,"z":109.92,"code":"GRD"},"geometry":{"type":"Point","coordinates":[-1.8006587,53.1987651]}},{"type":"Feature","properties":{"id":202,"z":110.15,"code":"GRD"},"geometry":{"type":"Point","coordinates":[-1.800623,53.1987594]}},{"type":"Feature","properties":{"id":203,"z":110.35,"code":"GRD"},"geometry":{"type":"Point","coordinates":[-1.800557,53.1987537]}},{"type":"Feature","properties":{"id":204,"z":110.55,"code":"GRD"},"geometry":{"type":"Point","coordinates":[-1.8004859,53.1987701]}},{"type":"Feature","properties":{"id":205,"z":110.74,"code":"GRD"},"geometry":{"type":"Point","coordinates":[-1.8004159,53.1987764]}},{"type":"Feature","properties":{"id":206,"z":110.88,"code":"GRD"},"geometry":{"type":"Point","coordinates":[-1.8003714,53.198754]}},{"type":"Feature","properties":{"id":207,"z":110.96,"code":"GRD"},"geometry":{"type":"Point","coordinates":[-1.8002893,53.1987581]}},{"type":"Feature","properties":{"id":208,"z":110.76,"code":"GRD"},"geometry":{"type":"Point","coordinates":[-1.8002215,53.1987717]}},{"type":"Feature","properties":{"id":209,"z":110.66,"code":"GRD"},"geometry":{"type":"Point","coordinates":[-1.8001512,53.198761]}},{"type":"Feature","properties":{"id":210,"z":110.47,"code":"GRD"},"geometry":{"type":"Point","coordinates":[-1.8000945,53.1987589]}},{"type":"Feature","properties":{"id":211,"z":110.26,"code":"GRD"},"geometry":{"type":"Point","coordinates":[-1.8000536,53.1987771]}},{"type":"Feature","properties":{"id":212,"z":109.89,"code":"GRD"},"geometry":{"type":"Point","coordinates":[-1.7999822,53.1987579]}},{"type":"Feature","properties":{"id":213,"z":109.44,"code":"GRD"},"geometry":{"type":"Point","coordinates":[-1.7999121,53.198777]}},{"type":"Feature","properties":{"id":214,"z":109.19,"code":"GRD"},"geometry":{"type":"Point","coordinates":[-1.7998709,53.198763]}},{"type":"Feature","properties":{"id":215,"z":108.86,"code":"GRD"},"geometry":{"type":"Point","coordinates":[-1.7998081,53.1987544]}},{"type":"Feature","properties":{"id":216,"z":108.43,"code":"GRD"},"geometry":{"type":"Point","coordinates":[-1.7997485,53.198763]}},{"type":"Feature","properties":{"id":217,"z":107.82,"code":"GRD"},"geometry":{"type":"Point","coordinates":[-1.7996573,53.1987782]}},{"type":"Feature","properties":{"id":218,"z":107.54,"code":"GRD"},"geometry":{"type":"Point","coordinates":[-1.799586,53.1987614]}},{"type":"Feature","properties":{"id":219,"z":107.38,"code":"GRD"},"geometry":{"type":"Point","coordinates":[-1.7995308,53.1987539]}},{"type":"Feature","properties":{"id":220,"z":107.15,"code":"GRD"},"geometry":{"type":"Point","coordinates":[-1.7994712,53.1987627]}},{"type":"Feature","properties":{"id":221,"z":107.12,"code":"GRD"},"geometry":{"type":"Point","coordinates":[-1.799429,53.1987532]}},{"type":"Feature","properties":{"id":222,"z":107.13,"code":"GRD"},"geometry":{"type":"Point","coordinates":[-1.7993614,53.198762]}},{"type":"Feature","properties":{"id":223,"z":107.23,"code":"GRD"},"geometry":{"type":"Point","coordinates":[-1.7992697,53.1987584]}},{"type":"Feature","properties":{"id":224,"z":107.37,"code":"GRD"},"geometry":{"type":"Point","coordinates":[-1.7992322,53.1987738]}},{"type":"Feature","properties":{"id":225,"z":107.46,"code":"GRD"},"geometry":{"type":"Point","coordinates":[-1.7991821,53.1987651]}},{"type":"Feature","properties":{"id":226,"z":107.8,"code":"GRD"},"geometry":{"type":"Point","coordinates":[-1.7991056,53.1987763]}},{"type":"Feature","properties":{"id":227,"z":108.19,"code":"GRD"},"geometry":{"type":"Point","coordinates":[-1.7990206,53.1987539]}},{"type":"Feature","properties":{"id":228,"z":108.29,"code":"GRD"},"geometry":{"type":"Point","coordinates":[-1.798978,53.1987736]}},{"type":"Feature","properties":{"id":229,"z":108.51,"code":"GRD"},"geometry":{"type":"Point","coordinates":[-1.7989308,53.1987547]}},{"type":"Feature","properties":{"id":230,"z":108.81,"code":"GRD"},"geometry":{"type":"Point","coordinates":[-1.7988306,53.1987596]}},{"type":"Feature","properties":{"id":231,"z":108.81,"code":"GRD"},"geometry":{"type":"Point","coordinates":[-1.7987921,53.19876]}},{"type":"Feature","properties":{"id":232,"z":108.93,"code":"GRD"},"geometry":{"type":"Point","coordinates":[-1.7987031,53.1987687]}},{"type":"Feature","properties":{"id":233,"z":109.03,"code":"GRD"},"geometry":{"type":"Point","coordinates":[-1.798667,53.1987601]}},{"type":"Feature","properties":{"id":234,"z":108.89,"code":"GRD"},"geometry":{"type":"Point","coordinates":[-1.7986172,53.1987722]}},{"type":"Feature","properties":{"id":235,"z":108.61,"code":"GRD"},"geometry":{"type":"Point","coordinates":[-1.7985148,53.1987538]}},{"type":"Feature","properties":{"id":236,"z":108.54,"code":"GRD"},"geometry":{"type":"Point","coordinates":[-1.7984816,53.1987651]}},{"type":"Feature","properties":{"id":237,"z":108.1,"code":"GRD"},"geometry":{"type":"Point","coordinates":[-1.7984122,53.1987595]}},{"type":"Feature","properties":{"id":238,"z":107.75,"code":"GRD"},"geometry":{"type":"Point","coordinates":[-1.7983474,53.1987656]}},{"type":"Feature","properties":{"id":239,"z":107.2,"code":"GRD"},"geometry":{"type":"Point","coordinates":[-1.7982687,53.1987717]}},{"type":"Feature","properties":{"id":240,"z":106.77,"code":"GRD"},"geometry":{"type":"Point","coordinates":[-1.7982049,53.1987726]}},{"type":"Feature","properties":{"id":241,"z":106.52,"code":"GRD"},"geometry":{"type":"Point","coordinates":[-1.798163,53.1987622]}},{"type":"Feature","properties":{"id":242,"z":106.06,"code":"GRD"},"geometry":{"type":"Point","coordinates":[-1.7980806,53.1987551]}},{"type":"Feature","properties":{"id":243,"z":105.88,"code":"GRD"},"geometry":{"type":"Point","coordinates":[-1.7980401,53.1987548]}},{"type":"Feature","properties":{"id":244,"z":105.55,"code":"GRD"},"geometry":{"type":"Point","coordinates":[-1.7979861,53.198767]}},{"type":"Feature","properties":{"id":245,"z":105.43,"code":"GRD"},"geometry":{"type":"Point","coordinates":[-1.7978874,53.198778]}},{"type":"Feature","properties":{"id":246,"z":105.24,"code":"GRD"},"geometry":{"type":"Point","coordinates":[-1.7978504,53.1987553]}},{"type":"Feature","properties":{"id":247,"z":105.21,"code":"GRD"},"geometry":{"type":"Point","coordinates":[-1.7977687,53.1987644]}},{"type":"Feature","properties":{"id":248,"z":112.06,"code":"GRD"},"geometry":{"type":"Point","coordinates":[-1.8021814,53.1988078]}},{"type":"Feature","properties":{"id":249,"z":112.23,"code":"GRD"},"geometry":{"type":"Point","coordinates":[-1.8021166,53.1987939]}},{"type":"Feature","properties":{"id":250,"z":112.44,"code":"GRD"},"geometry":{"type":"Point","coordinates":[-1.8020462,53.1987983]}},{"type":"Feature","properties":{"id":251,"z":112.57,"code":"GRD"},"geometry":{"type":"Point","coordinates":[-1.8019875,53.1987959]}},{"type":"Feature","properties":{"id":252,"z":112.67,"code":"GRD"},"geometry":{"type":"Point","coordinates":[-1.8019451,53.198797]}},{"type":"Feature","properties":{"id":253,"z":112.67,"code":"GRD"},"geometry":{"type":"Point","coordinates":[-1.8018682,53.1987991]}},{"type":"Feature","properties":{"id":254,"z":112.39,"code":"GRD"},"geometry":{"type":"Point","coordinates":[-1.8018129,53.1988158]}},{"type":"Feature","properties":{"id":255,"z":112.27,"code":"GRD"},"geometry":{"type":"Point","coordinates":[-1.8017326,53.1988073]}},{"type":"Feature","properties":{"id":256,"z":112.0,"code":"GRD"},"geometry":{"type":"Point","coordinates":[-1.801662,53.1987934]}},{"type":"Feature","properties":{"id":257,"z":111.74,"code":"GRD"},"geometry":{"type":"Point","coordinates":[-1.8016053,53.1988139]}},{"type":"Feature","properties":{"id":258,"z":111.65,"code":"GRD"},"geometry":{"type":"Point","coordinates":[-1.8015759,53.1987983]}},{"type":"Feature","properties":{"id":259,"z":111.06,"code":"GRD"},"geometry":{"type":"Point","coordinates":[-1.8014738,53.1988055]}},{"type":"Feature","properties":{"id":260,"z":110.72,"code":"GRD"},"geometry":{"type":"Point","coordinates":[-1.8014126,53.1988002]}},{"type":"Feature","properties":{"id":261,"z":110.46,"code":"GRD"},"geometry":{"type":"Point","coordinates":[-1.8013777,53.1988104]}},{"type":"Feature","properties":{"id":262,"z":109.93,"code":"GRD"},"geometry":{"type":"Point","coordinates":[-1.801286,53.1987935]}},{"type":"Feature","properties":{"id":263,"z":109.8,"code":"GRD"},"geometry":{"type":"Point","coordinates":[-1.8012535,53.1988001]}},{"type":"Feature","properties":{"id":264,"z":109.57,"code":"GRD"},"geometry":{"type":"Point","coordinates":[-1.8011938,53.198796]}},{"type":"Feature","properties":{"id":265,"z":109.36,"code":"GRD"},"geometry":{"type":"Point","coordinates":[-1.8011094,53.198796]}},{"type":"Feature","properties":{"id":266,"z":109.24,"code":"GRD"},"geometry":{"type":"Point","coordinates":[-1.8010733,53.1987991]}},{"type":"Feature","properties":{"id":267,"z":109.14,"code":"GRD"},"geometry":{"type":"Point","coordinates":[-1.8009976,53.198796]}},{"type":"Feature","properties":{"id":268,"z":109.25,"code":"GRD"},"geometry":{"type":"Point","coordinates":[-1.8009144,53.1988047]}},{"type":"Feature","properties":{"id":269,"z":109.31,"code":"GRD"},"geometry":{"type":"Point","coordinates":[-1.8008682,53.1988047]}},{"type":"Feature","properties":{"id":270,"z":109.48,"code":"GRD"},"geometry":{"type":"Point","coordinates":[-1.800795,53.1987932]}},{"type":"Feature","properties":{"id":271,"z":109.67,"code":"GRD"},"geometry":{"type":"Point","coordinates":[-1.8007416,53.198798]}},{"type":"Feature","properties":{"id":272,"z":109.8,"code":"GRD"},"geometry":{"type":"Point","coordinates":[-1.8006829,53.1988148]}},{"type":"Feature","properties":{"id":273,"z":110.1,"code":"GRD"},"geometry":{"type":"Point","coordinates":[-1.8006178,53.1988013]}},{"type":"Feature","properties":{"id":274,"z":110.26,"code":"GRD"},"geometry":{"type":"Point","coordinates":[-1.8005336,53.1988159]}},{"type":"Feature","properties":{"id":275,"z":110.52,"code":"GRD"},"geometry":{"type":"Point","coordinates":[-1.8004763,53.198796]}},{"type":"Feature","properties":{"id":276,"z":110.43,"code":"GRD"},"geometry":{"type":"Point","coordinates":[-1.8004436,53.1988136]}},{"type":"Feature","properties":{"id":277,"z":110.64,"code":"GRD"},"geometry":{"type":"Point","coordinates":[-1.8003638,53.1988131]}},{"type":"Feature","properties":{"id":278,"z":110.78,"code":"GRD"},"geometry":{"type":"Point","coordinates":[-1.8002986,53.198795]}},{"type":"Feature","properties":{"id":279,"z":110.56,"code":"GRD"},"geometry":{"type":"Point","coordinates":[-1.800228,53.1988138]}},{"type":"Feature","properties":{"id":280,"z":110.49,"code":"GRD"},"geometry":{"type":"Point","coordinates":[-1.8001882,53.1988065]}},{"type":"Feature","properties":{"id":281,"z":110.41,"code":"GRD"},"geometry":{"type":"Point","coordinates":[-1.8001228,53.198798]}},{"type":"Feature","properties":{"id":282,"z":110.02,"code":"GRD"},"geometry":{"type":"Point","coordinates":[-1.8000441,53.1988142]}},{"type":"Feature","properties":{"id":283,"z":109.65,"code":"GRD"},"geometry":{"type":"Point","coordinates":[-1.7999692,53.1988152]}},{"type":"Feature","properties":{"id":284,"z":109.58,"code":"GRD"},"geometry":{"type":"Point","coordinates":[-1.7999317,53.1987941]}},{"type":"Feature","properties":{"id":285,"z":108.99,"code":"GRD"},"geometry":{"type":"Point","coordinates":[-1.7998568,53.1987922]}},{"type":"Feature","properties":{"id":286,"z":108.59,"code":"GRD"},"geometry":{"type":"Point","coordinates":[-1.7997752,53.1988006]}},{"type":"Feature","properties":{"id":287,"z":108.17,"code":"GRD"},"geometry":{"type":"Point","coordinates":[-1.7997164,53.1987949]}},{"type":"Feature","properties":{"id":288,"z":107.83,"code":"GRD"},"geometry":{"type":"Point","coordinates":[-1.7996551,53.1987965]}},{"type":"Feature","properties":{"id":289,"z":107.66,"code":"GRD"},"geometry":{"type":"Point","coordinates":[-1.7995903,53.1987955]}},{"type":"Feature","properties":{"id":290,"z":107.46,"code":"GRD"},"geometry":{"type":"Point","coordinates":[-1.7995529,53.1988009]}},{"type":"Feature","properties":{"id":291,"z":107.33,"code":"GRD"},"geometry":{"type":"Point","coordinates":[-1.799494,53.1987971]}},{"type":"Feature","properties":{"id":292,"z":107.34,"code":"GRD"},"geometry":{"type":"Point","coordinates":[-1.7994057,53.1988134]}},{"type":"Feature","properties":{"id":293,"z":107.22,"code":"GRD"},"geometry":{"type":"Point","coordinates":[-1.7993414,53.1987918]}},{"type":"Feature","properties":{"id":294,"z":107.26,"code":"GRD"},"geometry":{"type":"Point","coordinates":[-1.799275,53.1987938]}},{"type":"Feature","properties":{"id":295,"z":107.4,"code":"GRD"},"geometry":{"type":"Point","coordinates":[-1.7992209,53.1987986]}},{"type":"Feature","properties":{"id":296,"z":107.54,"code":"GRD"},"geometry":{"type":"Point","coordinates":[-1.7991666,53.1988055]}},{"type":"Feature","properties":{"id":297,"z":107.82,"code":"GRD"},"geometry":{"type":"Point","coordinates":[-1.7991025,53.1988019]}},{"type":"Feature","properties":{"id":298,"z":107.92,"code":"GRD"},"geometry":{"type":"Point","coordinates":[-1.7990573,53.1988064]}},{"type":"Feature","properties":{"id":299,"z":108.25,"code":"GRD"},"geometry":{"type":"Point","coordinates":[-1.7989632,53.1988105]}},{"type":"Feature","properties":{"id":300,"z":108.43,"code":"GRD"},"geometry":{"type":"Point","coordinates":[-1.798913,53.1987954]}},{"type":"Feature","properties":{"id":301,"z":108.56,"code":"GRD"},"geometry":{"type":"Point","coordinates":[-1.7988639,53.1988017]}},{"type":"Feature","properties":{"id":302,"z":108.66,"code":"GRD"},"geometry":{"type":"Point","coordinates":[-1.7988024,53.198802]}},{"type":"Feature","properties":{"id":303,"z":108.8,"code":"GRD"},"geometry":{"type":"Point","coordinates":[-1.7987166,53.1987929]}},{"type":"Feature","properties":{"id":304,"z":108.64,"code":"GRD"},"geometry":{"type":"Point","coordinates":[-1.7986495,53.1988104]}},{"type":"Feature","properties":{"id":305,"z":108.63,"code":"GRD"},"geometry":{"type":"Point","coordinates":[-1.7985962,53.1988004]}},{"type":"Feature","properties":{"id":306,"z":108.52,"code":"GRD"},"geometry":{"type":"Point","coordinates":[-1.7985144,53.1987943]}},{"type":"Feature","properties":{"id":307,"z":108.03,"code":"GRD"},"geometry":{"type":"Point","coordinates":[-1.7984606,53.1988114]}},{"type":"Feature","properties":{"id":308,"z":107.84,"code":"GRD"},"geometry":{"type":"Point","coordinates":[-1.7984203,53.1988156]}},{"type":"Feature","properties":{"id":309,"z":107.53,"code":"GRD"},"geometry":{"type":"Point","coordinates":[-1.7983269,53.198795]}},{"type":"Feature","properties":{"id":310,"z":107.19,"code":"GRD"},"geometry":{"type":"Point","coordinates":[-1.7982693,53.1988143]}},{"type":"Feature","properties":{"id":311,"z":106.83,"code":"GRD"},"geometry":{"type":"Point","coordinates":[-1.7982077,53.1987949]}},{"type":"Feature","properties":{"id":312,"z":106.42,"code":"GRD"},"geometry":{"type":"Point","coordinates":[-1.7981388,53.1987978]}},{"type":"Feature","properties":{"id":313,"z":106.17,"code":"GRD"},"geometry":{"type":"Point","coordinates":[-1.7980924,53.198814]}},{"type":"Feature","properties":{"id":314,"z":105.88,"code":"GRD"},"geometry":{"type":"Point","coordinates":[-1.7980417,53.1987975]}},{"type":"Feature","properties":{"id":315,"z":105.67,"code":"GRD"},"geometry":{"type":"Point","coordinates":[-1.797986,53.1987955]}},{"type":"Feature","properties":{"id":316,"z":105.5,"code":"GRD"},"geometry":{"type":"Point","coordinates":[-1.7979177,53.1988144]}},{"type":"Feature","properties":{"id":317,"z":105.32,"code":"GRD"},"geometry":{"type":"Point","coordinates":[-1.7978544,53.1988106]}},{"type":"Feature","properties":{"id":318,"z":105.29,"code":"GRD"},"geometry":{"type":"Point","coordinates":[-1.7977937,53.1988042]}},{"type":"Feature","properties":{"id":319,"z":111.81,"code":"GRD"},"geometry":{"type":"Point","coordinates":[-1.8022338,53.1988426]}},{"type":"Feature","properties":{"id":320,"z":112.04,"code":"GRD"},"geometry":{"type":"Point","coordinates":[-1.8021831,53.1988508]}},{"type":"Feature","properties":{"id":321,"z":112.21,"code":"GRD"},"geometry":{"type":"Point","coordinates":[-1.802118,53.1988385]}},{"type":"Feature","properties":{"id":322,"z":112.34,"code":"GRD"},"geometry":{"type":"Point","coordinates":[-1.802048,53.1988353]}},{"type":"Feature","properties":{"id":323,"z":112.27,"code":"GRD"},"geometry":{"type":"Point","coordinates":[-1.8020034,53.1988478]}},{"type":"Feature","properties":{"id":324,"z":112.4,"code":"GRD"},"geometry":{"type":"Point","coordinates":[-1.8019369,53.198833]}},{"type":"Feature","properties":{"id":325,"z":112.35,"code":"GRD"},"geometry":{"type":"Point","coordinates":[-1.8018581,53.198835]}},{"type":"Feature","properties":{"id":326,"z":112.1,"code":"GRD"},"geometry":{"type":"Point","coordinates":[-1.8018027,53.1988534]}},{"type":"Feature","properties":{"id":327,"z":112.18,"code":"GRD"},"geometry":{"type":"Point","coordinates":[-1.8017534,53.1988286]}},{"type":"Feature","properties":{"id":328,"z":112.0,"code":"GRD"},"geometry":{"type":"Point","coordinates":[-1.8017022,53.1988324]}},{"type":"Feature","properties":{"id":329,"z":111.59,"code":"GRD"},"geometry":{"type":"Point","coordinates":[-1.8016191,53.1988511]}},{"type":"Feature","properties":{"id":330,"z":111.48,"code":"GRD"},"geometry":{"type":"Point","coordinates":[-1.8015721,53.1988343]}},{"type":"Feature","properties":{"id":331,"z":111.19,"code":"GRD"},"geometry":{"type":"Point","coordinates":[-1.8015145,53.1988375]}},{"type":"Feature","properties":{"id":332,"z":110.87,"code":"GRD"},"geometry":{"type":"Point","coordinates":[-1.8014472,53.1988376]}},{"type":"Feature","properties":{"id":333,"z":110.49,"code":"GRD"},"geometry":{"type":"Point","coordinates":[-1.8013639,53.1988337]}},{"type":"Feature","properties":{"id":334,"z":110.21,"code":"GRD"},"geometry":{"type":"Point","coordinates":[-1.8012995,53.1988405]}},{"type":"Feature","properties":{"id":335,"z":109.99,"code":"GRD"},"geometry":{"type":"Point","coordinates":[-1.8012525,53.1988324]}},{"type":"Feature","properties":{"id":336,"z":109.81,"code":"GRD"},"geometry":{"type":"Point","coordinates":[-1.8011957,53.1988447]}},{"type":"Feature","properties":{"id":337,"z":109.46,"code":"GRD"},"geometry":{"type":"Point","coordinates":[-1.8011198,53.1988352]}},{"type":"Feature","properties":{"id":338,"z":109.43,"code":"GRD"},"geometry":{"type":"Point","coordinates":[-1.8010732,53.1988448]}},{"type":"Feature","properties":{"id":339,"z":109.35,"code":"GRD"},"geometry":{"type":"Point","coordinates":[-1.8009836,53.1988398]}},{"type":"Feature","properties":{"id":340,"z":109.42,"code":"GRD"},"geometry":{"type":"Point","coordinates":[-1.8009084,53.1988471]}},{"type":"Feature","properties":{"id":341,"z":109.5,"code":"GRD"},"geometry":{"type":"Point","coordinates":[-1.8008829,53.198842]}},{"type":"Feature","properties":{"id":342,"z":109.58,"code":"GRD"},"geometry":{"type":"Point","coordinates":[-1.8008047,53.1988346]}},{"type":"Feature","properties":{"id":343,"z":109.66,"code":"GRD"},"geometry":{"type":"Point","coordinates":[-1.8007583,53.1988425]}},{"type":"Feature","properties":{"id":344,"z":109.91,"code":"GRD"},"geometry":{"type":"Point","coordinates":[-1.8006563,53.1988322]}},{"type":"Feature","properties":{"id":345,"z":110.05,"code":"GRD"},"geometry":{"type":"Point","coordinates":[-1.8006116,53.1988447]}},{"type":"Feature","properties":{"id":346,"z":110.2,"code":"GRD"},"geometry":{"type":"Point","coordinates":[-1.8005357,53.198833]}},{"type":"Feature","properties":{"id":347,"z":110.24,"code":"GRD"},"geometry":{"type":"Point","coordinates":[-1.8005048,53.198851]}},{"type":"Feature","properties":{"id":348,"z":110.45,"code":"GRD"},"geometry":{"type":"Point","coordinates":[-1.800411,53.1988466]}},{"type":"Feature","properties":{"id":349,"z":110.45,"code":"GRD"},"geometry":{"type":"Point","coordinates":[-1.8003496,53.1988403]}},{"type":"Feature","properties":{"id":350,"z":110.44,"code":"GRD"},"geometry":{"type":"Point","coordinates":[-1.8002868,53.19884]}},{"type":"Feature","properties":{"id":351,"z":110.49,"code":"GRD"},"geometry":{"type":"Point","coordinates":[-1.8002452,53.1988296]}},{"type":"Feature","properties":{"id":352,"z":110.2,"code":"GRD"},"geometry":{"type":"Point","coordinates":[-1.8001779,53.1988475]}},{"type":"Feature","properties":{"id":353,"z":110.01,"code":"GRD"},"geometry":{"type":"Point","coordinates":[-1.8000991,53.1988353]}},{"type":"Feature","properties":{"id":354,"z":109.86,"code":"GRD"},"geometry":{"type":"Point","coordinates":[-1.8000427,53.1988396]}},{"type":"Feature","properties":{"id":355,"z":109.56,"code":"GRD"},"geometry":{"type":"Point","coordinates":[-1.7999919,53.1988448]}},{"type":"Feature","properties":{"id":356,"z":109.21,"code":"GRD"},"geometry":{"type":"Point","coordinates":[-1.7998995,53.1988341]}},{"type":"Feature","properties":{"id":357,"z":109.02,"code":"GRD"},"geometry":{"type":"Point","coordinates":[-1.7998661,53.1988345]}},{"type":"Feature","properties":{"id":358,"z":108.6,"code":"GRD"},"geometry":{"type":"Point","coordinates":[-1.7997828,53.1988524]}},{"type":"Feature","properties":{"id":359,"z":108.23,"code":"GRD"},"geometry":{"type":"Point","coordinates":[-1.7997141,53.1988369]}},{"type":"Feature","properties":{"id":360,"z":108.1,"code":"GRD"},"geometry":{"type":"Point","coordinates":[-1.799678,53.1988514]}},{"type":"Feature","properties":{"id":361,"z":107.81,"code":"GRD"},"geometry":{"type":"Point","coordinates":[-1.7995972,53.1988532]}},{"type":"Feature","properties":{"id":362,"z":107.65,"code":"GRD"},"geometry":{"type":"Point","coordinates":[-1.7995424,53.1988497]}},{"type":"Feature","properties":{"id":363,"z":107.46,"code":"GRD"},"geometry":{"type":"Point","coordinates":[-1.7994808,53.1988468]}},{"type":"Feature","properties":{"id":364,"z":107.41,"code":"GRD"},"geometry":{"type":"Point","coordinates":[-1.7994122,53.1988363]}},{"type":"Feature","properties":{"id":365,"z":107.51,"code":"GRD"},"geometry":{"type":"Point","coordinates":[-1.7993699,53.1988515]}},{"type":"Feature","properties":{"id":366,"z":107.45,"code":"GRD"},"geometry":{"type":"Point","coordinates":[-1.7993041,53.1988293]}},{"type":"Feature","properties":{"id":367,"z":107.55,"code":"GRD"},"geometry":{"type":"Point","coordinates":[-1.7992327,53.1988322]}},{"type":"Feature","properties":{"id":368,"z":107.57,"code":"GRD"},"geometry":{"type":"Point","coordinates":[-1.799183,53.1988296]}},{"type":"Feature","properties":{"id":369,"z":107.77,"code":"GRD"},"geometry":{"type":"Point","coordinates":[-1.799092,53.1988471]}},{"type":"Feature","properties":{"id":370,"z":107.87,"code":"GRD"},"geometry":{"type":"Point","coordinates":[-1.7990555,53.1988435]}},{"type":"Feature","properties":{"id":371,"z":108.19,"code":"GRD"},"geometry":{"type":"Point","coordinates":[-1.7989608,53.198851]}},{"type":"Feature","properties":{"id":372,"z":108.28,"code":"GRD"},"geometry":{"type":"Point","coordinates":[-1.7989295,53.1988504]}},{"type":"Feature","properties":{"id":373,"z":108.35,"code":"GRD"},"geometry":{"type":"Point","coordinates":[-1.7988648,53.1988338]}},{"type":"Feature","properties":{"id":374,"z":108.56,"code":"GRD"},"geometry":{"type":"Point","coordinates":[-1.7988016,53.1988295]}},{"type":"Feature","properties":{"id":375,"z":108.37,"code":"GRD"},"geometry":{"type":"Point","coordinates":[-1.7987167,53.1988494]}},{"type":"Feature","properties":{"id":376,"z":108.51,"code":"GRD"},"geometry":{"type":"Point","coordinates":[-1.7986538,53.1988358]}},{"type":"Feature","properties":{"id":377,"z":108.41,"code":"GRD"},"geometry":{"type":"Point","coordinates":[-1.7985855,53.1988338]}},{"type":"Feature","properties":{"id":378,"z":108.28,"code":"GRD"},"geometry":{"type":"Point","coordinates":[-1.798541,53.1988393]}},{"type":"Feature","properties":{"id":379,"z":108.01,"code":"GRD"},"geometry":{"type":"Point","coordinates":[-1.7984795,53.1988466]}},{"type":"Feature","properties":{"id":380,"z":107.85,"code":"GRD"},"geometry":{"type":"Point","coordinates":[-1.7984129,53.1988367]}},{"type":"Feature","properties":{"id":381,"z":107.38,"code":"GRD"},"geometry":{"type":"Point","coordinates":[-1.7983297,53.1988442]}},{"type":"Feature","properties":{"id":382,"z":107.21,"code":"GRD"},"geometry":{"type":"Point","coordinates":[-1.7983011,53.198839]}},{"type":"Feature","properties":{"id":383,"z":106.91,"code":"GRD"},"geometry":{"type":"Point","coordinates":[-1.7982249,53.1988463]}},{"type":"Feature","properties":{"id":384,"z":106.54,"code":"GRD"},"geometry":{"type":"Point","coordinates":[-1.7981539,53.198834]}},{"type":"Feature","properties":{"id":385,"z":106.16,"code":"GRD"},"geometry":{"type":"Point","coordinates":[-1.798079,53.1988329]}},{"type":"Feature","properties":{"id":386,"z":106.06,"code":"GRD"},"geometry":{"type":"Point","coordinates":[-1.7980504,53.1988337]}},{"type":"Feature","properties":{"id":387,"z":105.73,"code":"GRD"},"geometry":{"type":"Point","coordinates":[-1.7979873,53.1988409]}},{"type":"Feature","properties":{"id":388,"z":105.68,"code":"GRD"},"geometry":{"type":"Point","coordinates":[-1.7979039,53.1988486]}},{"type":"Feature","properties":{"id":389,"z":105.61,"code":"GRD"},"geometry":{"type":"Point","coordinates":[-1.797847,53.1988495]}},{"type":"Feature","properties":{"id":390,"z":105.53,"code":"GRD"},"geometry":{"type":"Point","coordinates":[-1.7977876,53.1988523]}},{"type":"Feature","properties":{"id":391,"z":111.8,"code":"GRD"},"geometry":{"type":"Point","coordinates":[-1.8022411,53.1988789]}},{"type":"Feature","properties":{"id":392,"z":111.89,"code":"GRD"},"geometry":{"type":"Point","coordinates":[-1.8022028,53.1988823]}},{"type":"Feature","properties":{"id":393,"z":111.97,"code":"GRD"},"geometry":{"type":"Point","coordinates":[-1.8021152,53.1988861]}},{"type":"Feature","properties":{"id":394,"z":112.02,"code":"GRD"},"geometry":{"type":"Point","coordinates":[-1.8020551,53.1988753]}},{"type":"Feature","properties":{"id":395,"z":112.17,"code":"GRD"},"geometry":{"type":"Point","coordinates":[-1.8019811,53.1988685]}},{"type":"Feature","properties":{"id":396,"z":112.17,"code":"GRD"},"geometry":{"type":"Point","coordinates":[-1.8019182,53.198867]}},{"type":"Feature","properties":{"id":397,"z":112.06,"code":"GRD"},"geometry":{"type":"Point","coordinates":[-1.8018547,53.1988789]}},{"type":"Feature","properties":{"id":398,"z":111.9,"code":"GRD"},"geometry":{"type":"Point","coordinates":[-1.8018136,53.1988886]}},{"type":"Feature","properties":{"id":399,"z":111.84,"code":"GRD"},"geometry":{"type":"Point","coordinates":[-1.8017442,53.1988853]}},{"type":"Feature","properties":{"id":400,"z":111.6,"code":"GRD"},"geometry":{"type":"Point","coordinates":[-1.801672,53.1988826]}},{"type":"Feature","properties":{"id":401,"z":111.51,"code":"GRD"},"geometry":{"type":"Point","coordinates":[-1.8016341,53.1988875]}},{"type":"Feature","properties":{"id":402,"z":111.23,"code":"GRD"},"geometry":{"type":"Point","coordinates":[-1.8015498,53.198885]}},{"type":"Feature","properties":{"id":403,"z":111.0,"code":"GRD"},"geometry":{"type":"Point","coordinates":[-1.8014821,53.1988809]}},{"type":"Feature","properties":{"id":404,"z":110.84,"code":"GRD"},"geometry":{"type":"Point","coordinates":[-1.8014463,53.198878]}},{"type":"Feature","properties":{"id":405,"z":110.53,"code":"GRD"},"geometry":{"type":"Point","coordinates":[-1.8013806,53.1988739]}},{"type":"Feature","properties":{"id":406,"z":110.28,"code":"GRD"},"geometry":{"type":"Point","coordinates":[-1.8012961,53.1988876]}},{"type":"Feature","properties":{"id":407,"z":110.09,"code":"GRD"},"geometry":{"type":"Point","coordinates":[-1.8012523,53.1988745]}},{"type":"Feature","properties":{"id":408,"z":109.82,"code":"GRD"},"geometry":{"type":"Point","coordinates":[-1.8011778,53.1988704]}},{"type":"Feature","properties":{"id":409,"z":109.76,"code":"GRD"},"geometry":{"type":"Point","coordinates":[-1.8010958,53.1988847]}},{"type":"Feature","properties":{"id":410,"z":109.76,"code":"GRD"},"geometry":{"type":"Point","coordinates":[-1.8010695,53.1988905]}},{"type":"Feature","properties":{"id":411,"z":109.64,"code":"GRD"},"geometry":{"type":"Point","coordinates":[-1.8009694,53.1988863]}},{"type":"Feature","properties":{"id":412,"z":109.58,"code":"GRD"},"geometry":{"type":"Point","coordinates":[-1.800917,53.1988773]}},{"type":"Feature","properties":{"id":413,"z":109.6,"code":"GRD"},"geometry":{"type":"Point","coordinates":[-1.8008803,53.1988715]}},{"type":"Feature","properties":{"id":414,"z":109.55,"code":"GRD"},"geometry":{"type":"Point","coordinates":[-1.8008055,53.1988672]}},{"type":"Feature","properties":{"id":415,"z":109.79,"code":"GRD"},"geometry":{"type":"Point","coordinates":[-1.8007297,53.1988789]}},{"type":"Feature","properties":{"id":416,"z":109.88,"code":"GRD"},"geometry":{"type":"Point","coordinates":[-1.8006693,53.198878]}},{"type":"Feature","properties":{"id":417,"z":109.96,"code":"GRD"},"geometry":{"type":"Point","coordinates":[-1.8006158,53.198885]}},{"type":"Feature","properties":{"id":418,"z":110.0,"code":"GRD"},"geometry":{"type":"Point","coordinates":[-1.8005317,53.1988771]}},{"type":"Feature","properties":{"id":419,"z":110.11,"code":"GRD"},"geometry":{"type":"Point","coordinates":[-1.8004892,53.1988721]}},{"type":"Feature","properties":{"id":420,"z":110.12,"code":"GRD"},"geometry":{"type":"Point","coordinates":[-1.8004136,53.1988885]}},{"type":"Feature","properties":{"id":421,"z":110.09,"code":"GRD"},"geometry":{"type":"Point","coordinates":[-1.8003451,53.1988834]}},{"type":"Feature","properties":{"id":422,"z":110.14,"code":"GRD"},"geometry":{"type":"Point","coordinates":[-1.800291,53.1988777]}},{"type":"Feature","properties":{"id":423,"z":110.18,"code":"GRD"},"geometry":{"type":"Point","coordinates":[-1.8002508,53.1988769]}},{"type":"Feature","properties":{"id":424,"z":109.9,"code":"GRD"},"geometry":{"type":"Point","coordinates":[-1.8001591,53.1988843]}},{"type":"Feature","properties":{"id":425,"z":109.83,"code":"GRD"},"geometry":{"type":"Point","coordinates":[-1.8001112,53.1988778]}},{"type":"Feature","properties":{"id":426,"z":109.6,"code":"GRD"},"geometry":{"type":"Point","coordinates":[-1.8000399,53.1988766]}},{"type":"Feature","properties":{"id":427,"z":109.37,"code":"GRD"},"geometry":{"type":"Point","coordinates":[-1.7999953,53.1988828]}},{"type":"Feature","properties":{"id":428,"z":109.03,"code":"GRD"},"geometry":{"type":"Point","coordinates":[-1.7999073,53.1988761]}},{"type":"Feature","properties":{"id":429,"z":109.0,"code":"GRD"},"geometry":{"type":"Point","coordinates":[-1.7998754,53.19888]}},{"type":"Feature","properties":{"id":430,"z":108.76,"code":"GRD"},"geometry":{"type":"Point","coordinates":[-1.7998073,53.198886]}},{"type":"Feature","properties":{"id":431,"z":108.46,"code":"GRD"},"geometry":{"type":"Point","coordinates":[-1.7997468,53.1988808]}},{"type":"Feature","properties":{"id":432,"z":108.14,"code":"GRD"},"geometry":{"type":"Point","coordinates":[-1.7996654,53.1988844]}},{"type":"Feature","properties":{"id":433,"z":107.94,"code":"GRD"},"geometry":{"type":"Point","coordinates":[-1.7995903,53.1988795]}},{"type":"Feature","properties":{"id":434,"z":107.91,"code":"GRD"},"geometry":{"type":"Point","coordinates":[-1.7995449,53.1988902]}},{"type":"Feature","properties":{"id":435,"z":107.81,"code":"GRD"},"geometry":{"type":"Point","coordinates":[-1.7994826,53.1988855]}},{"type":"Feature","properties":{"id":436,"z":107.7,"code":"GRD"},"geometry":{"type":"Point","coordinates":[-1.799431,53.1988911]}},{"type":"Feature","properties":{"id":437,"z":107.59,"code":"GRD"},"geometry":{"type":"Point","coordinates":[-1.7993616,53.1988764]}},{"type":"Feature","properties":{"id":438,"z":107.53,"code":"GRD"},"geometry":{"type":"Point","coordinates":[-1.7993096,53.1988769]}},{"type":"Feature","properties":{"id":439,"z":107.65,"code":"GRD"},"geometry":{"type":"Point","coordinates":[-1.7992324,53.198873]}},{"type":"Feature","properties":{"id":440,"z":107.76,"code":"GRD"},"geometry":{"type":"Point","coordinates":[-1.7991748,53.198885]}},{"type":"Feature","properties":{"id":441,"z":107.78,"code":"GRD"},"geometry":{"type":"Point","coordinates":[-1.799112,53.1988865]}},{"type":"Feature","properties":{"id":442,"z":107.97,"code":"GRD"},"geometry":{"type":"Point","coordinates":[-1.7990418,53.1988717]}},{"type":"Feature","properties":{"id":443,"z":108.08,"code":"GRD"},"geometry":{"type":"Point","coordinates":[-1.7989613,53.1988823]}},{"type":"Feature","properties":{"id":444,"z":108.12,"code":"GRD"},"geometry":{"type":"Point","coordinates":[-1.7989126,53.1988805]}},{"type":"Feature","properties":{"id":445,"z":108.25,"code":"GRD"},"geometry":{"type":"Point","coordinates":[-1.7988545,53.1988824]}},{"type":"Feature","properties":{"id":446,"z":108.13,"code":"GRD"},"geometry":{"type":"Point","coordinates":[-1.7987719,53.1988869]}},{"type":"Feature","properties":{"id":447,"z":108.29,"code":"GRD"},"geometry":{"type":"Point","coordinates":[-1.7987203,53.1988695]}},{"type":"Feature","properties":{"id":448,"z":108.2,"code":"GRD"},"geometry":{"type":"Point","coordinates":[-1.7986453,53.1988753]}},{"type":"Feature","properties":{"id":449,"z":108.11,"code":"GRD"},"geometry":{"type":"Point","coordinates":[-1.7986016,53.1988727]}},{"type":"Feature","properties":{"id":450,"z":108.08,"code":"GRD"},"geometry":{"type":"Point","coordinates":[-1.7985365,53.198871]}},{"type":"Feature","properties":{"id":451,"z":107.85,"code":"GRD"},"geometry":{"type":"Point","coordinates":[-1.7984796,53.1988725]}},{"type":"Feature","properties":{"id":452,"z":107.55,"code":"GRD"},"geometry":{"type":"Point","coordinates":[-1.7984157,53.1988784]}},{"type":"Feature","properties":{"id":453,"z":107.35,"code":"GRD"},"geometry":{"type":"Point","coordinates":[-1.7983377,53.1988754]}},{"type":"Feature","properties":{"id":454,"z":107.07,"code":"GRD"},"geometry":{"type":"Point","coordinates":[-1.7982634,53.1988878]}},{"type":"Feature","properties":{"id":455,"z":106.79,"code":"GRD"},"geometry":{"type":"Point","coordinates":[-1.7982014,53.1988861]}},{"type":"Feature","properties":{"id":456,"z":106.64,"code":"GRD"},"geometry":{"type":"Point","coordinates":[-1.7981706,53.1988872]}},{"type":"Feature","properties":{"id":457,"z":106.44,"code":"GRD"},"geometry":{"type":"Point","coordinates":[-1.798113,53.1988903]}},{"type":"Feature","properties":{"id":458,"z":106.11,"code":"GRD"},"geometry":{"type":"Point","coordinates":[-1.7980229,53.1988726]}},{"type":"Feature","properties":{"id":459,"z":106.03,"code":"GRD"},"geometry":{"type":"Point","coordinates":[-1.7979777,53.1988859]}},{"type":"Feature","properties":{"id":460,"z":105.84,"code":"GRD"},"geometry":{"type":"Point","coordinates":[-1.79791,53.1988702]}},{"type":"Feature","properties":{"id":461,"z":105.76,"code":"GRD"},"geometry":{"type":"Point","coordinates":[-1.7978545,53.1988887]}},{"type":"Feature","properties":{"id":462,"z":105.67,"code":"GRD"},"geometry":{"type":"Point","coordinates":[-1.797773,53.198886]}},{"type":"Feature","properties":{"id":463,"z":111.64,"code":"GRD"},"geometry":{"type":"Point","coordinates":[-1.8022373,53.1989252]}},{"type":"Feature","properties":{"id":464,"z":111.67,"code":"GRD"},"geometry":{"type":"Point","coordinates":[-1.8021992,53.1989215]}},{"type":"Feature","properties":{"id":465,"z":111.73,"code":"GRD"},"geometry":{"type":"Point","coordinates":[-1.802126,53.1989263]}},{"type":"Feature","properties":{"id":466,"z":111.85,"code":"GRD"},"geometry":{"type":"Point","coordinates":[-1.8020582,53.1989107]}},{"type":"Feature","properties":{"id":467,"z":111.91,"code":"GRD"},"geometry":{"type":"Point","coordinates":[-1.8019978,53.1989055]}},{"type":"Feature","properties":{"id":468,"z":111.81,"code":"GRD"},"geometry":{"type":"Point","coordinates":[-1.8019359,53.1989077]}},{"type":"Feature","properties":{"id":469,"z":111.66,"code":"GRD"},"geometry":{"type":"Point","coordinates":[-1.8018699,53.1989258]}},{"type":"Feature","properties":{"id":470,"z":111.57,"code":"GRD"},"geometry":{"type":"Point","coordinates":[-1.8018293,53.1989252]}},{"type":"Feature","properties":{"id":471,"z":111.49,"code":"GRD"},"geometry":{"type":"Point","coordinates":[-1.8017386,53.1989252]}},{"type":"Feature","properties":{"id":472,"z":111.47,"code":"GRD"},"geometry":{"type":"Point","coordinates":[-1.8016878,53.1989146]}},{"type":"Feature","properties":{"id":473,"z":111.24,"code":"GRD"},"geometry":{"type":"Point","coordinates":[-1.8016138,53.1989201]}},{"type":"Feature","properties":{"id":474,"z":111.11,"code":"GRD"},"geometry":{"type":"Point","coordinates":[-1.8015764,53.1989194]}},{"type":"Feature","properties":{"id":475,"z":110.84,"code":"GRD"},"geometry":{"type":"Point","coordinates":[-1.8015007,53.1989288]}},{"type":"Feature","properties":{"id":476,"z":110.75,"code":"GRD"},"geometry":{"type":"Point","coordinates":[-1.8014302,53.1989163]}},{"type":"Feature","properties":{"id":477,"z":110.53,"code":"GRD"},"geometry":{"type":"Point","coordinates":[-1.8013585,53.1989198]}},{"type":"Feature","properties":{"id":478,"z":110.4,"code":"GRD"},"geometry":{"type":"Point","coordinates":[-1.8013115,53.1989257]}},{"type":"Feature","properties":{"id":479,"z":110.29,"code":"GRD"},"geometry":{"type":"Point","coordinates":[-1.8012406,53.1989234]}},{"type":"Feature","properties":{"id":480,"z":110.06,"code":"GRD"},"geometry":{"type":"Point","coordinates":[-1.8011909,53.198915]}},{"type":"Feature","properties":{"id":481,"z":109.94,"code":"GRD"},"geometry":{"type":"Point","coordinates":[-1.801102,53.1989114]}},{"type":"Feature","properties":{"id":482,"z":109.82,"code":"GRD"},"geometry":{"type":"Point","coordinates":[-1.801039,53.1989142]}},{"type":"Feature","properties":{"id":483,"z":109.9,"code":"GRD"},"geometry":{"type":"Point","coordinates":[-1.8009895,53.1989286]}},{"type":"Feature","properties":{"id":484,"z":109.81,"code":"GRD"},"geometry":{"type":"Point","coordinates":[-1.8009203,53.198924]}},{"type":"Feature","properties":{"id":485,"z":109.81,"code":"GRD"},"geometry":{"type":"Point","coordinates":[-1.8008722,53.1989188]}},{"type":"Feature","properties":{"id":486,"z":109.87,"code":"GRD"},"geometry":{"type":"Point","coordinates":[-1.8007951,53.1989238]}},{"type":"Feature","properties":{"id":487,"z":109.83,"code":"GRD"},"geometry":{"type":"Point","coordinates":[-1.8007216,53.1989178]}},{"type":"Feature","properties":{"id":488,"z":109.85,"code":"GRD"},"geometry":{"type":"Point","coordinates":[-1.8006937,53.1989116]}},{"type":"Feature","properties":{"id":489,"z":109.88,"code":"GRD"},"geometry":{"type":"Point","coordinates":[-1.8005942,53.1989194]}},{"type":"Feature","properties":{"id":490,"z":109.93,"code":"GRD"},"geometry":{"type":"Point","coordinates":[-1.8005422,53.1989239]}},{"type":"Feature","properties":{"id":491,"z":109.88,"code":"GRD"},"geometry":{"type":"Point","coordinates":[-1.800481,53.1989198]}},{"type":"Feature","properties":{"id":492,"z":109.9,"code":"GRD"},"geometry":{"type":"Point","coordinates":[-1.8004146,53.1989191]}},{"type":"Feature","properties":{"id":493,"z":109.89,"code":"GRD"},"geometry":{"type":"Point","coordinates":[-1.8003529,53.1989156]}},{"type":"Feature","properties":{"id":494,"z":109.94,"code":"GRD"},"geometry":{"type":"Point","coordinates":[-1.8002859,53.1989066]}},{"type":"Feature","properties":{"id":495,"z":109.7,"code":"GRD"},"geometry":{"type":"Point","coordinates":[-1.8002224,53.1989271]}},{"type":"Feature","properties":{"id":496,"z":109.74,"code":"GRD"},"geometry":{"type":"Point","coordinates":[-1.8001644,53.1989133]}},{"type":"Feature","properties":{"id":497,"z":109.54,"code":"GRD"},"geometry":{"type":"Point","coordinates":[-1.8001054,53.1989105]}},{"type":"Feature","properties":{"id":498,"z":109.43,"code":"GRD"},"geometry":{"type":"Point","coordinates":[-1.8000533,53.1989147]}},{"type":"Feature","properties":{"id":499,"z":109.22,"code":"GRD"},"geometry":{"type":"Point","coordinates":[-1.7999761,53.1989275]}},{"type":"Feature","properties":{"id":500,"z":109.13,"code":"GRD"},"geometry":{"type":"Point","coordinates":[-1.7999377,53.1989183]}},{"type":"Feature","properties":{"id":501,"z":108.84,"code":"GRD"},"geometry":{"type":"Point","coordinates":[-1.799843,53.1989185]}},{"type":"Feature","properties":{"id":502,"z":108.67,"code":"GRD"},"geometry":{"type":"Point","coordinates":[-1.7997755,53.1989153]}},{"type":"Feature","properties":{"id":503,"z":108.51,"code":"GRD"},"geometry":{"type":"Point","coordinates":[-1.7997262,53.1989276]}},{"type":"Feature","properties":{"id":504,"z":108.25,"code":"GRD"},"geometry":{"type":"Point","coordinates":[-1.7996469,53.198916]}},{"type":"Feature","properties":{"id":505,"z":108.13,"code":"GRD"},"geometry":{"type":"Point","coordinates":[-1.799598,53.1989094]}},{"type":"Feature","properties":{"id":506,"z":108.06,"code":"GRD"},"geometry":{"type":"Point","coordinates":[-1.7995557,53.1989045]}},{"type":"Feature","properties":{"id":507,"z":108.03,"code":"GRD"},"geometry":{"type":"Point","coordinates":[-1.799494,53.1989284]}},{"type":"Feature","properties":{"id":508,"z":107.94,"code":"GRD"},"geometry":{"type":"Point","coordinates":[-1.7994324,53.1989259]}},{"type":"Feature","properties":{"id":509,"z":107.77,"code":"GRD"},"geometry":{"type":"Point","coordinates":[-1.799343,53.1989102]}},{"type":"Feature","properties":{"id":510,"z":107.81,"code":"GRD"},"geometry":{"type":"Point","coordinates":[-1.7992794,53.1989088]}},{"type":"Feature","properties":{"id":511,"z":107.84,"code":"GRD"},"geometry":{"type":"Point","coordinates":[-1.7992172,53.1989256]}},{"type":"Feature","properties":{"id":512,"z":107.74,"code":"GRD"},"geometry":{"type":"Point","coordinates":[-1.7991536,53.1989062]}},{"type":"Feature","properties":{"id":513,"z":107.79,"code":"GRD"},"geometry":{"type":"Point","coordinates":[-1.7991019,53.1989275]}},{"type":"Feature","properties":{"id":514,"z":107.85,"code":"GRD"},"geometry":{"type":"Point","coordinates":[-1.7990476,53.1989283]}},{"type":"Feature","properties":{"id":515,"z":107.88,"code":"GRD"},"geometry":{"type":"Point","coordinates":[-1.7989946,53.1989204]}},{"type":"Feature","properties":{"id":516,"z":107.97,"code":"GRD"},"geometry":{"type":"Point","coordinates":[-1.7988979,53.1989061]}},{"type":"Feature","properties":{"id":517,"z":107.95,"code":"GRD"},"geometry":{"type":"Point","coordinates":[-1.7988623,53.1989257]}},{"type":"Feature","properties":{"id":518,"z":107.99,"code":"GRD"},"geometry":{"type":"Point","coordinates":[-1.7987859,53.1989056]}},{"type":"Feature","properties":{"id":519,"z":107.92,"code":"GRD"},"geometry":{"type":"Point","coordinates":[-1.7987249,53.1989211]}},{"type":"Feature","properties":{"id":520,"z":107.77,"code":"GRD"},"geometry":{"type":"Point","coordinates":[-1.7986742,53.1989241]}},{"type":"Feature","properties":{"id":521,"z":107.83,"code":"GRD"},"geometry":{"type":"Point","coordinates":[-1.7985909,53.1989146]}},{"type":"Feature","properties":{"id":522,"z":107.68,"code":"GRD"},"geometry":{"type":"Point","coordinates":[-1.7985382,53.1989238]}},{"type":"Feature","properties":{"id":523,"z":107.53,"code":"GRD"},"geometry":{"type":"Point","coordinates":[-1.7984676,53.1989114]}},{"type":"Feature","properties":{"id":524,"z":107.32,"code":"GRD"},"geometry":{"type":"Point","coordinates":[-1.7984258,53.1989286]}},{"type":"Feature","properties":{"id":525,"z":107.13,"code":"GRD"},"geometry":{"type":"Point","coordinates":[-1.7983515,53.1989193]}},{"type":"Feature","properties":{"id":526,"z":106.91,"code":"GRD"},"geometry":{"type":"Point","coordinates":[-1.7982614,53.198925]}},{"type":"Feature","properties":{"id":527,"z":106.8,"code":"GRD"},"geometry":{"type":"Point","coordinates":[-1.7982214,53.1989264]}},{"type":"Feature","properties":{"id":528,"z":106.59,"code":"GRD"},"geometry":{"type":"Point","coordinates":[-1.7981606,53.1989213]}},{"type":"Feature","properties":{"id":529,"z":106.35,"code":"GRD"},"geometry":{"type":"Point","coordinates":[-1.7980796,53.1989112]}},{"type":"Feature","properties":{"id":530,"z":106.28,"code":"GRD"},"geometry":{"type":"Point","coordinates":[-1.7980504,53.1989107]}},{"type":"Feature","properties":{"id":531,"z":106.21,"code":"GRD"},"geometry":{"type":"Point","coordinates":[-1.7979532,53.1989264]}},{"type":"Feature","properties":{"id":532,"z":106.15,"code":"GRD"},"geometry":{"type":"Point","coordinates":[-1.7979227,53.198925]}},{"type":"Feature","properties":{"id":533,"z":105.84,"code":"GRD"},"geometry":{"type":"Point","coordinates":[-1.7978375,53.1989109]}},{"type":"Feature","properties":{"id":534,"z":105.89,"code":"GRD"},"geometry":{"type":"Point","coordinates":[-1.7977628,53.1989244]}},{"type":"Feature","properties":{"id":535,"z":111.54,"code":"GRD"},"geometry":{"type":"Point","coordinates":[-1.8021842,53.1989618]}},{"type":"Feature","properties":{"id":536,"z":111.61,"code":"GRD"},"geometry":{"type":"Point","coordinates":[-1.802136,53.1989607]}},{"type":"Feature","properties":{"id":537,"z":111.53,"code":"GRD"},"geometry":{"type":"Point","coordinates":[-1.802056,53.1989588]}},{"type":"Feature","properties":{"id":538,"z":111.58,"code":"GRD"},"geometry":{"type":"Point","coordinates":[-1.801999,53.198947]}},{"type":"Feature","properties":{"id":539,"z":111.54,"code":"GRD"},"geometry":{"type":"Point","coordinates":[-1.8019223,53.1989534]}},{"type":"Feature","properties":{"id":540,"z":111.37,"code":"GRD"},"geometry":{"type":"Point","coordinates":[-1.8018888,53.1989621]}},{"type":"Feature","properties":{"id":541,"z":111.22,"code":"GRD"},"geometry":{"type":"Point","coordinates":[-1.8018052,53.1989643]}},{"type":"Feature","properties":{"id":542,"z":111.18,"code":"GRD"},"geometry":{"type":"Point","coordinates":[-1.8017294,53.1989549]}},{"type":"Feature","properties":{"id":543,"z":111.25,"code":"GRD"},"geometry":{"type":"Point","coordinates":[-1.8016956,53.1989466]}},{"type":"Feature","properties":{"id":544,"z":111.02,"code":"GRD"},"geometry":{"type":"Point","coordinates":[-1.801633,53.1989594]}},{"type":"Feature","properties":{"id":545,"z":111.0,"code":"GRD"},"geometry":{"type":"Point","coordinates":[-1.8015607,53.1989548]}},{"type":"Feature","properties":{"id":546,"z":110.94,"code":"GRD"},"geometry":{"type":"Point","coordinates":[-1.8015084,53.1989429]}},{"type":"Feature","properties":{"id":547,"z":110.76,"code":"GRD"},"geometry":{"type":"Point","coordinates":[-1.8014472,53.1989577]}},{"type":"Feature","properties":{"id":548,"z":110.55,"code":"GRD"},"geometry":{"type":"Point","coordinates":[-1.8013556,53.1989457]}},{"type":"Feature","properties":{"id":549,"z":110.45,"code":"GRD"},"geometry":{"type":"Point","coordinates":[-1.8013039,53.1989423]}},{"type":"Feature","properties":{"id":550,"z":110.53,"code":"GRD"},"geometry":{"type":"Point","coordinates":[-1.8012613,53.1989667]}},{"type":"Feature","properties":{"id":551,"z":110.24,"code":"GRD"},"geometry":{"type":"Point","coordinates":[-1.8011759,53.1989484]}},{"type":"Feature","properties":{"id":552,"z":110.26,"code":"GRD"},"geometry":{"type":"Point","coordinates":[-1.801104,53.1989525]}},{"type":"Feature","properties":{"id":553,"z":110.19,"code":"GRD"},"geometry":{"type":"Point","coordinates":[-1.8010393,53.198966]}},{"type":"Feature","properties":{"id":554,"z":110.01,"code":"GRD"},"geometry":{"type":"Point","coordinates":[-1.8010001,53.1989427]}},{"type":"Feature","properties":{"id":555,"z":109.98,"code":"GRD"},"geometry":{"type":"Point","coordinates":[-1.8009443,53.1989431]}},{"type":"Feature","properties":{"id":556,"z":109.91,"code":"GRD"},"geometry":{"type":"Point","coordinates":[-1.8008614,53.1989637]}},{"type":"Feature","properties":{"id":557,"z":109.9,"code":"GRD"},"geometry":{"type":"Point","coordinates":[-1.8007836,53.1989434]}},{"type":"Feature","properties":{"id":558,"z":109.95,"code":"GRD"},"geometry":{"type":"Point","coordinates":[-1.8007337,53.1989518]}},{"type":"Feature","properties":{"id":559,"z":109.92,"code":"GRD"},"geometry":{"type":"Point","coordinates":[-1.800685,53.198956]}},{"type":"Feature","properties":{"id":560,"z":109.76,"code":"GRD"},"geometry":{"type":"Point","coordinates":[-1.8006059,53.1989658]}},{"type":"Feature","properties":{"id":561,"z":109.77,"code":"GRD"},"geometry":{"type":"Point","coordinates":[-1.800551,53.1989458]}},{"type":"Feature","properties":{"id":562,"z":109.65,"code":"GRD"},"geometry":{"type":"Point","coordinates":[-1.8004663,53.1989667]}},{"type":"Feature","properties":{"id":563,"z":109.72,"code":"GRD"},"geometry":{"type":"Point","coordinates":[-1.8004331,53.1989506]}},{"type":"Feature","properties":{"id":564,"z":109.53,"code":"GRD"},"geometry":{"type":"Point","coordinates":[-1.800343,53.1989645]}},{"type":"Feature","properties":{"id":565,"z":109.49,"code":"GRD"},"geometry":{"type":"Point","coordinates":[-1.8002849,53.1989596]}},{"type":"Feature","properties":{"id":566,"z":109.39,"code":"GRD"},"geometry":{"type":"Point","coordinates":[-1.8002278,53.1989666]}},{"type":"Feature","properties":{"id":567,"z":109.29,"code":"GRD"},"geometry":{"type":"Point","coordinates":[-1.8001603,53.1989654]}},{"type":"Feature","properties":{"id":568,"z":109.26,"code":"GRD"},"geometry":{"type":"Point","coordinates":[-1.8001005,53.1989493]}},{"type":"Feature","properties":{"id":569,"z":109.2,"code":"GRD"},"geometry":{"type":"Point","coordinates":[-1.8000616,53.1989499]}},{"type":"Feature","properties":{"id":570,"z":109.11,"code":"GRD"},"geometry":{"type":"Point","coordinates":[-1.7999922,53.1989449]}},{"type":"Feature","properties":{"id":571,"z":109.0,"code":"GRD"},"geometry":{"type":"Point","coordinates":[-1.79993,53.1989454]}},{"type":"Feature","properties":{"id":572,"z":108.82,"code":"GRD"},"geometry":{"type":"Point","coordinates":[-1.7998486,53.1989421]}},{"type":"Feature","properties":{"id":573,"z":108.72,"code":"GRD"},"geometry":{"type":"Point","coordinates":[-1.7998125,53.1989651]}},{"type":"Feature","properties":{"id":574,"z":108.68,"code":"GRD"},"geometry":{"type":"Point","coordinates":[-1.7997418,53.1989653]}},{"type":"Feature","properties":{"id":575,"z":108.43,"code":"GRD"},"geometry":{"type":"Point","coordinates":[-1.7996822,53.198953]}},{"type":"Feature","properties":{"id":576,"z":108.47,"code":"GRD"},"geometry":{"type":"Point","coordinates":[-1.799621,53.1989652]}},{"type":"Feature","properties":{"id":577,"z":108.19,"code":"GRD"},"geometry":{"type":"Point","coordinates":[-1.7995431,53.1989503]}},{"type":"Feature","properties":{"id":578,"z":108.14,"code":"GRD"},"geometry":{"type":"Point","coordinates":[-1.7994646,53.1989538]}},{"type":"Feature","properties":{"id":579,"z":108.02,"code":"GRD"},"geometry":{"type":"Point","coordinates":[-1.7994268,53.1989432]}},{"type":"Feature","properties":{"id":580,"z":108.08,"code":"GRD"},"geometry":{"type":"Point","coordinates":[-1.7993432,53.1989557]}},{"type":"Feature","properties":{"id":581,"z":108.03,"code":"GRD"},"geometry":{"type":"Point","coordinates":[-1.799299,53.1989521]}},{"type":"Feature","properties":{"id":582,"z":107.93,"code":"GRD"},"geometry":{"type":"Point","coordinates":[-1.7992407,53.1989486]}},{"type":"Feature","properties":{"id":583,"z":107.86,"code":"GRD"},"geometry":{"type":"Point","coordinates":[-1.7991772,53.1989541]}},{"type":"Feature","properties":{"id":584,"z":107.94,"code":"GRD"},"geometry":{"type":"Point","coordinates":[-1.7991079,53.1989645]}},{"type":"Feature","properties":{"id":585,"z":107.89,"code":"GRD"},"geometry":{"type":"Point","coordinates":[-1.7990558,53.1989643]}},{"type":"Feature","properties":{"id":586,"z":107.77,"code":"GRD"},"geometry":{"type":"Point","coordinates":[-1.7989672,53.1989471]}},{"type":"Feature","properties":{"id":587,"z":107.79,"code":"GRD"},"geometry":{"type":"Point","coordinates":[-1.7989214,53.1989469]}},{"type":"Feature","properties":{"id":588,"z":107.72,"code":"GRD"},"geometry":{"type":"Point","coordinates":[-1.798854,53.1989667]}},{"type":"Feature","properties":{"id":589,"z":107.71,"code":"GRD"},"geometry":{"type":"Point","coordinates":[-1.7988022,53.1989491]}},{"type":"Feature","properties":{"id":590,"z":107.67,"code":"GRD"},"geometry":{"type":"Point","coordinates":[-1.7987057,53.1989432]}},{"type":"Feature","properties":{"id":591,"z":107.58,"code":"GRD"},"geometry":{"type":"Point","coordinates":[-1.7986392,53.1989422]}},{"type":"Feature","properties":{"id":592,"z":107.47,"code":"GRD"},"geometry":{"type":"Point","coordinates":[-1.7985835,53.1989504]}},{"type":"Feature","properties":{"id":593,"z":107.34,"code":"GRD"},"geometry":{"type":"Point","coordinates":[-1.7985194,53.198955]}},{"type":"Feature","properties":{"id":594,"z":107.32,"code":"GRD"},"geometry":{"type":"Point","coordinates":[-1.7984836,53.1989527]}},{"type":"Feature","properties":{"id":595,"z":107.19,"code":"GRD"},"geometry":{"type":"Point","coordinates":[-1.7984044,53.1989453]}},{"type":"Feature","properties":{"id":596,"z":107.03,"code":"GRD"},"geometry":{"type":"Point","coordinates":[-1.7983578,53.1989612]}},{"type":"Feature","properties":{"id":597,"z":106.96,"code":"GRD"},"geometry":{"type":"Point","coordinates":[-1.7982991,53.198944]}},{"type":"Feature","properties":{"id":598,"z":106.79,"code":"GRD"},"geometry":{"type":"Point","coordinates":[-1.7982139,53.1989543]}},{"type":"Feature","properties":{"id":599,"z":106.72,"code":"GRD"},"geometry":{"type":"Point","coordinates":[-1.7981507,53.1989596]}},{"type":"Feature","properties":{"id":600,"z":106.56,"code":"GRD"},"geometry":{"type":"Point","coordinates":[-1.7980794,53.1989565]}},{"type":"Feature","properties":{"id":601,"z":106.45,"code":"GRD"},"geometry":{"type":"Point","coordinates":[-1.7980197,53.1989521]}},{"type":"Feature","properties":{"id":602,"z":106.3,"code":"GRD"},"geometry":{"type":"Point","coordinates":[-1.7979572,53.1989432]}},{"type":"Feature","properties":{"id":603,"z":106.28,"code":"GRD"},"geometry":{"type":"Point","coordinates":[-1.7978892,53.1989635]}},{"type":"Feature","properties":{"id":604,"z":106.16,"code":"GRD"},"geometry":{"type":"Point","coordinates":[-1.7978408,53.1989422]}},{"type":"Feature","properties":{"id":605,"z":106.05,"code":"GRD"},"geometry":{"type":"Point","coordinates":[-1.7977619,53.1989485]}},{"type":"Feature","properties":{"id":606,"z":111.52,"code":"GRD"},"geometry":{"type":"Point","coordinates":[-1.802192,53.1989836]}},{"type":"Feature","properties":{"id":607,"z":111.49,"code":"GRD"},"geometry":{"type":"Point","coordinates":[-1.8021443,53.1989926]}},{"type":"Feature","properties":{"id":608,"z":111.37,"code":"GRD"},"geometry":{"type":"Point","coordinates":[-1.8020628,53.1989925]}},{"type":"Feature","properties":{"id":609,"z":111.17,"code":"GRD"},"geometry":{"type":"Point","coordinates":[-1.8019842,53.1990013]}},{"type":"Feature","properties":{"id":610,"z":111.05,"code":"GRD"},"geometry":{"type":"Point","coordinates":[-1.801942,53.1989974]}},{"type":"Feature","properties":{"id":611,"z":111.04,"code":"GRD"},"geometry":{"type":"Point","coordinates":[-1.80189,53.1990015]}},{"type":"Feature","properties":{"id":612,"z":110.93,"code":"GRD"},"geometry":{"type":"Point","coordinates":[-1.8017895,53.198992]}},{"type":"Feature","properties":{"id":613,"z":111.04,"code":"GRD"},"geometry":{"type":"Point","coordinates":[-1.801744,53.19898]}},{"type":"Feature","properties":{"id":614,"z":110.93,"code":"GRD"},"geometry":{"type":"Point","coordinates":[-1.801663,53.1989851]}},{"type":"Feature","properties":{"id":615,"z":110.81,"code":"GRD"},"geometry":{"type":"Point","coordinates":[-1.8016301,53.1990001]}},{"type":"Feature","properties":{"id":616,"z":110.85,"code":"GRD"},"geometry":{"type":"Point","coordinates":[-1.8015763,53.1989819]}},{"type":"Feature","properties":{"id":617,"z":110.74,"code":"GRD"},"geometry":{"type":"Point","coordinates":[-1.8015139,53.1989946]}},{"type":"Feature","properties":{"id":618,"z":110.72,"code":"GRD"},"geometry":{"type":"Point","coordinates":[-1.8014274,53.1989927]}},{"type":"Feature","properties":{"id":619,"z":110.67,"code":"GRD"},"geometry":{"type":"Point","coordinates":[-1.8013521,53.1989976]}},{"type":"Feature","properties":{"id":620,"z":110.58,"code":"GRD"},"geometry":{"type":"Point","coordinates":[-1.8013238,53.1989826]}},{"type":"Feature","properties":{"id":621,"z":110.56,"code":"GRD"},"geometry":{"type":"Point","coordinates":[-1.8012509,53.1989826]}},{"type":"Feature","properties":{"id":622,"z":110.42,"code":"GRD"},"geometry":{"type":"Point","coordinates":[-1.8011827,53.198983]}},{"type":"Feature","properties":{"id":623,"z":110.47,"code":"GRD"},"geometry":{"type":"Point","coordinates":[-1.8011305,53.1989939]}},{"type":"Feature","properties":{"id":624,"z":110.38,"code":"GRD"},"geometry":{"type":"Point","coordinates":[-1.8010424,53.1989837]}},{"type":"Feature","properties":{"id":625,"z":110.25,"code":"GRD"},"geometry":{"type":"Point","coordinates":[-1.8009944,53.1989901]}},{"type":"Feature","properties":{"id":626,"z":110.16,"code":"GRD"},"geometry":{"type":"Point","coordinates":[-1.8009125,53.1989927]}},{"type":"Feature","properties":{"id":627,"z":110.18,"code":"GRD"},"geometry":{"type":"Point","coordinates":[-1.8008522,53.198988]}},{"type":"Feature","properties":{"id":628,"z":109.96,"code":"GRD"},"geometry":{"type":"Point","coordinates":[-1.8008117,53.1989879]}},{"type":"Feature","properties":{"id":629,"z":110.0,"code":"GRD"},"geometry":{"type":"Point","coordinates":[-1.800725,53.1990025]}},{"type":"Feature","properties":{"id":630,"z":109.88,"code":"GRD"},"geometry":{"type":"Point","coordinates":[-1.8006616,53.1990008]}},{"type":"Feature","properties":{"id":631,"z":109.71,"code":"GRD"},"geometry":{"type":"Point","coordinates":[-1.8005926,53.199003]}},{"type":"Feature","properties":{"id":632,"z":109.64,"code":"GRD"},"geometry":{"type":"Point","coordinates":[-1.8005594,53.1989901]}},{"type":"Feature","properties":{"id":633,"z":109.56,"code":"GRD"},"geometry":{"type":"Point","coordinates":[-1.8004846,53.1989813]}},{"type":"Feature","properties":{"id":634,"z":109.46,"code":"GRD"},"geometry":{"type":"Point","coordinates":[-1.8004257,53.1989922]}},{"type":"Feature","properties":{"id":635,"z":109.25,"code":"GRD"},"geometry":{"type":"Point","coordinates":[-1.8003402,53.1989991]}},{"type":"Feature","properties":{"id":636,"z":109.22,"code":"GRD"},"geometry":{"type":"Point","coordinates":[-1.8002786,53.1989954]}},{"type":"Feature","properties":{"id":637,"z":109.16,"code":"GRD"},"geometry":{"type":"Point","coordinates":[-1.8002178,53.1989804]}},{"type":"Feature","properties":{"id":638,"z":109.11,"code":"GRD"},"geometry":{"type":"Point","coordinates":[-1.800165,53.1989862]}},{"type":"Feature","properties":{"id":639,"z":108.9,"code":"GRD"},"geometry":{"type":"Point","coordinates":[-1.8001062,53.1990028]}},{"type":"Feature","properties":{"id":640,"z":108.94,"code":"GRD"},"geometry":{"type":"Point","coordinates":[-1.8000399,53.1989858]}},{"type":"Feature","properties":{"id":641,"z":108.89,"code":"GRD"},"geometry":{"type":"Point","coordinates":[-1.7999631,53.1989868]}},{"type":"Feature","properties":{"id":642,"z":108.87,"code":"GRD"},"geometry":{"type":"Point","coordinates":[-1.7999272,53.1989958]}},{"type":"Feature","properties":{"id":643,"z":108.8,"code":"GRD"},"geometry":{"type":"Point","coordinates":[-1.7998369,53.1989924]}},{"type":"Feature","properties":{"id":644,"z":108.71,"code":"GRD"},"geometry":{"type":"Point","coordinates":[-1.7998028,53.1989913]}},{"type":"Feature","properties":{"id":645,"z":108.67,"code":"GRD"},"geometry":{"type":"Point","coordinates":[-1.7997459,53.1989828]}},{"type":"Feature","properties":{"id":646,"z":108.61,"code":"GRD"},"geometry":{"type":"Point","coordinates":[-1.7996757,53.1989897]}},{"type":"Feature","properties":{"id":647,"z":108.61,"code":"GRD"},"geometry":{"type":"Point","coordinates":[-1.7996214,53.1989933]}},{"type":"Feature","properties":{"id":648,"z":108.44,"code":"GRD"},"geometry":{"type":"Point","coordinates":[-1.7995268,53.1989949]}},{"type":"Feature","properties":{"id":649,"z":108.45,"code":"GRD"},"geometry":{"type":"Point","coordinates":[-1.7994907,53.1989974]}},{"type":"Feature","properties":{"id":650,"z":108.32,"code":"GRD"},"geometry":{"type":"Point","coordinates":[-1.7994168,53.1989933]}},{"type":"Feature","properties":{"id":651,"z":108.2,"code":"GRD"},"geometry":{"type":"Point","coordinates":[-1.7993601,53.1989856]}},{"type":"Feature","properties":{"id":652,"z":108.15,"code":"GRD"},"geometry":{"type":"Point","coordinates":[-1.7993009,53.1989924]}},{"type":"Feature","properties":{"id":653,"z":108.13,"code":"GRD"},"geometry":{"type":"Point","coordinates":[-1.7992467,53.1989884]}},{"type":"Feature","properties":{"id":654,"z":107.89,"code":"GRD"},"geometry":{"type":"Point","coordinates":[-1.799148,53.1989855]}},{"type":"Feature","properties":{"id":655,"z":107.88,"code":"GRD"},"geometry":{"type":"Point","coordinates":[-1.7991093,53.1990044]}},{"type":"Feature","properties":{"id":656,"z":107.78,"code":"GRD"},"geometry":{"type":"Point","coordinates":[-1.7990458,53.1989989]}},{"type":"Feature","properties":{"id":657,"z":107.65,"code":"GRD"},"geometry":{"type":"Point","coordinates":[-1.7989587,53.1989906]}},{"type":"Feature","properties":{"id":658,"z":107.54,"code":"GRD"},"geometry":{"type":"Point","coordinates":[-1.7989297,53.1989893]}},{"type":"Feature","properties":{"id":659,"z":107.55,"code":"GRD"},"geometry":{"type":"Point","coordinates":[-1.7988647,53.1989852]}},{"type":"Feature","properties":{"id":660,"z":107.31,"code":"GRD"},"geometry":{"type":"Point","coordinates":[-1.798766,53.1989981]}},{"type":"Feature","properties":{"id":661,"z":107.28,"code":"GRD"},"geometry":{"type":"Point","coordinates":[-1.7987285,53.1989965]}},{"type":"Feature","properties":{"id":662,"z":107.13,"code":"GRD"},"geometry":{"type":"Point","coordinates":[-1.7986545,53.1990009]}},{"type":"Feature","properties":{"id":663,"z":107.02,"code":"GRD"},"geometry":{"type":"Point","coordinates":[-1.7985863,53.1989982]}},{"type":"Feature","properties":{"id":664,"z":107.06,"code":"GRD"},"geometry":{"type":"Point","coordinates":[-1.7985225,53.1989915]}},{"type":"Feature","properties":{"id":665,"z":106.98,"code":"GRD"},"geometry":{"type":"Point","coordinates":[-1.798453,53.1989827]}},{"type":"Feature","properties":{"id":666,"z":107.0,"code":"GRD"},"geometry":{"type":"Point","coordinates":[-1.7983918,53.1989796]}},{"type":"Feature","properties":{"id":667,"z":106.79,"code":"GRD"},"geometry":{"type":"Point","coordinates":[-1.7983445,53.1990037]}},{"type":"Feature","properties":{"id":668,"z":106.86,"code":"GRD"},"geometry":{"type":"Point","coordinates":[-1.7982784,53.19899]}},{"type":"Feature","properties":{"id":669,"z":106.71,"code":"GRD"},"geometry":{"type":"Point","coordinates":[-1.7982139,53.1989891]}},{"type":"Feature","properties":{"id":670,"z":106.74,"code":"GRD"},"geometry":{"type":"Point","coordinates":[-1.7981575,53.198991]}},{"type":"Feature","properties":{"id":671,"z":106.67,"code":"GRD"},"geometry":{"type":"Point","coordinates":[-1.7980971,53.1989935]}},{"type":"Feature","properties":{"id":672,"z":106.65,"code":"GRD"},"geometry":{"type":"Point","coordinates":[-1.7980343,53.1989876]}},{"type":"Feature","properties":{"id":673,"z":106.5,"code":"GRD"},"geometry":{"type":"Point","coordinates":[-1.7979665,53.1989907]}},{"type":"Feature","properties":{"id":674,"z":106.53,"code":"GRD"},"geometry":{"type":"Point","coordinates":[-1.7979168,53.1989872]}},{"type":"Feature","properties":{"id":675,"z":106.41,"code":"GRD"},"geometry":{"type":"Point","coordinates":[-1.7978371,53.1989817]}},{"type":"Feature","properties":{"id":676,"z":106.36,"code":"GRD"},"geometry":{"type":"Point","coordinates":[-1.7977599,53.1989877]}},{"type":"Feature","properties":{"id":677,"z":111.44,"code":"GRD"},"geometry":{"type":"Point","coordinates":[-1.8022302,53.1990224]}},{"type":"Feature","properties":{"id":678,"z":111.32,"code":"GRD"},"geometry":{"type":"Point","coordinates":[-1.8021895,53.1990402]}},{"type":"Feature","properties":{"id":679,"z":111.18,"code":"GRD"},"geometry":{"type":"Point","coordinates":[-1.8021207,53.1990298]}},{"type":"Feature","properties":{"id":680,"z":110.78,"code":"GRD"},"geometry":{"type":"Point","coordinates":[-1.8020428,53.1990367]}},{"type":"Feature","properties":{"id":681,"z":110.84,"code":"GRD"},"geometry":{"type":"Point","coordinates":[-1.8019968,53.1990303]}},{"type":"Feature","properties":{"id":682,"z":110.74,"code":"GRD"},"geometry":{"type":"Point","coordinates":[-1.8019267,53.199027]}},{"type":"Feature","properties":{"id":683,"z":110.58,"code":"GRD"},"geometry":{"type":"Point","coordinates":[-1.8018778,53.1990411]}},{"type":"Feature","properties":{"id":684,"z":110.62,"code":"GRD"},"geometry":{"type":"Point","coordinates":[-1.8018011,53.1990305]}},{"type":"Feature","properties":{"id":685,"z":110.57,"code":"GRD"},"geometry":{"type":"Point","coordinates":[-1.8017497,53.1990314]}},{"type":"Feature","properties":{"id":686,"z":110.51,"code":"GRD"},"geometry":{"type":"Point","coordinates":[-1.8016795,53.1990394]}},{"type":"Feature","properties":{"id":687,"z":110.53,"code":"GRD"},"geometry":{"type":"Point","coordinates":[-1.8016221,53.199033]}},{"type":"Feature","properties":{"id":688,"z":110.56,"code":"GRD"},"geometry":{"type":"Point","coordinates":[-1.8015358,53.1990259]}},{"type":"Feature","properties":{"id":689,"z":110.64,"code":"GRD"},"geometry":{"type":"Point","coordinates":[-1.8015075,53.1990252]}},{"type":"Feature","properties":{"id":690,"z":110.68,"code":"GRD"},"geometry":{"type":"Point","coordinates":[-1.8014106,53.199038]}},{"type":"Feature","properties":{"id":691,"z":110.75,"code":"GRD"},"geometry":{"type":"Point","coordinates":[-1.8013511,53.1990346]}},{"type":"Feature","properties":{"id":692,"z":110.84,"code":"GRD"},"geometry":{"type":"Point","coordinates":[-1.8012912,53.1990422]}},{"type":"Feature","properties":{"id":693,"z":110.73,"code":"GRD"},"geometry":{"type":"Point","coordinates":[-1.8012561,53.1990245]}},{"type":"Feature","properties":{"id":694,"z":110.79,"code":"GRD"},"geometry":{"type":"Point","coordinates":[-1.8011782,53.1990299]}},{"type":"Feature","properties":{"id":695,"z":110.78,"code":"GRD"},"geometry":{"type":"Point","coordinates":[-1.8011103,53.1990324]}},{"type":"Feature","properties":{"id":696,"z":110.78,"code":"GRD"},"geometry":{"type":"Point","coordinates":[-1.8010589,53.1990422]}},{"type":"Feature","properties":{"id":697,"z":110.65,"code":"GRD"},"geometry":{"type":"Point","coordinates":[-1.8009935,53.1990371]}},{"type":"Feature","properties":{"id":698,"z":110.58,"code":"GRD"},"geometry":{"type":"Point","coordinates":[-1.8009349,53.1990346]}},{"type":"Feature","properties":{"id":699,"z":110.34,"code":"GRD"},"geometry":{"type":"Point","coordinates":[-1.8008494,53.199032]}},{"type":"Feature","properties":{"id":700,"z":110.12,"code":"GRD"},"geometry":{"type":"Point","coordinates":[-1.8007937,53.1990222]}},{"type":"Feature","properties":{"id":701,"z":110.08,"code":"GRD"},"geometry":{"type":"Point","coordinates":[-1.8007476,53.1990335]}},{"type":"Feature","properties":{"id":702,"z":109.84,"code":"GRD"},"geometry":{"type":"Point","coordinates":[-1.8006735,53.1990423]}},{"type":"Feature","properties":{"id":703,"z":109.73,"code":"GRD"},"geometry":{"type":"Point","coordinates":[-1.8006277,53.1990212]}},{"type":"Feature","properties":{"id":704,"z":109.54,"code":"GRD"},"geometry":{"type":"Point","coordinates":[-1.800538,53.1990199]}},{"type":"Feature","properties":{"id":705,"z":109.32,"code":"GRD"},"geometry":{"type":"Point","coordinates":[-1.8004849,53.199038]}},{"type":"Feature","properties":{"id":706,"z":109.14,"code":"GRD"},"geometry":{"type":"Point","coordinates":[-1.8004181,53.1990375]}},{"type":"Feature","properties":{"id":707,"z":109.07,"code":"GRD"},"geometry":{"type":"Point","coordinates":[-1.8003485,53.1990254]}},{"type":"Feature","properties":{"id":708,"z":108.97,"code":"GRD"},"geometry":{"type":"Point","coordinates":[-1.8002879,53.1990261]}},{"type":"Feature","properties":{"id":709,"z":108.81,"code":"GRD"},"geometry":{"type":"Point","coordinates":[-1.8002508,53.19904]}},{"type":"Feature","properties":{"id":710,"z":108.77,"code":"GRD"},"geometry":{"type":"Point","coordinates":[-1.8001675,53.199026]}},{"type":"Feature","properties":{"id":711,"z":108.69,"code":"GRD"},"geometry":{"type":"Point","coordinates":[-1.8001267,53.1990396]}},{"type":"Feature","properties":{"id":712,"z":108.6,"code":"GRD"},"geometry":{"type":"Point","coordinates":[-1.8000415,53.1990414]}},{"type":"Feature","properties":{"id":713,"z":108.79,"code":"GRD"},"geometry":{"type":"Point","coordinates":[-1.7999925,53.1990184]}},{"type":"Feature","properties":{"id":714,"z":108.67,"code":"GRD"},"geometry":{"type":"Point","coordinates":[-1.7999009,53.1990387]}},{"type":"Feature","properties":{"id":715,"z":108.82,"code":"GRD"},"geometry":{"type":"Point","coordinates":[-1.7998428,53.1990249]}},{"type":"Feature","properties":{"id":716,"z":108.67,"code":"GRD"},"geometry":{"type":"Point","coordinates":[-1.7997887,53.1990414]}},{"type":"Feature","properties":{"id":717,"z":108.76,"code":"GRD"},"geometry":{"type":"Point","coordinates":[-1.7997409,53.1990271]}},{"type":"Feature","properties":{"id":718,"z":108.71,"code":"GRD"},"geometry":{"type":"Point","coordinates":[-1.7996579,53.1990228]}},{"type":"Feature","properties":{"id":719,"z":108.87,"code":"GRD"},"geometry":{"type":"Point","coordinates":[-1.7996048,53.1990372]}},{"type":"Feature","properties":{"id":720,"z":108.67,"code":"GRD"},"geometry":{"type":"Point","coordinates":[-1.7995519,53.1990216]}},{"type":"Feature","properties":{"id":721,"z":108.63,"code":"GRD"},"geometry":{"type":"Point","coordinates":[-1.7994583,53.1990246]}},{"type":"Feature","properties":{"id":722,"z":108.49,"code":"GRD"},"geometry":{"type":"Point","coordinates":[-1.7994126,53.1990201]}},{"type":"Feature","properties":{"id":723,"z":108.42,"code":"GRD"},"geometry":{"type":"Point","coordinates":[-1.7993562,53.1990189]}},{"type":"Feature","properties":{"id":724,"z":108.42,"code":"GRD"},"geometry":{"type":"Point","coordinates":[-1.799305,53.199038]}},{"type":"Feature","properties":{"id":725,"z":108.25,"code":"GRD"},"geometry":{"type":"Point","coordinates":[-1.7992392,53.1990244]}},{"type":"Feature","properties":{"id":726,"z":108.04,"code":"GRD"},"geometry":{"type":"Point","coordinates":[-1.7991742,53.1990181]}},{"type":"Feature","properties":{"id":727,"z":107.9,"code":"GRD"},"geometry":{"type":"Point","coordinates":[-1.7991147,53.199035]}},{"type":"Feature","properties":{"id":728,"z":107.78,"code":"GRD"},"geometry":{"type":"Point","coordinates":[-1.7990543,53.199024]}},{"type":"Feature","properties":{"id":729,"z":107.5,"code":"GRD"},"geometry":{"type":"Point","coordinates":[-1.7989766,53.1990383]}},{"type":"Feature","properties":{"id":730,"z":107.35,"code":"GRD"},"geometry":{"type":"Point","coordinates":[-1.7988985,53.1990213]}},{"type":"Feature","properties":{"id":731,"z":107.21,"code":"GRD"},"geometry":{"type":"Point","coordinates":[-1.7988535,53.1990414]}},{"type":"Feature","properties":{"id":732,"z":106.99,"code":"GRD"},"geometry":{"type":"Point","coordinates":[-1.7987976,53.1990412]}},{"type":"Feature","properties":{"id":733,"z":107.04,"code":"GRD"},"geometry":{"type":"Point","coordinates":[-1.7987243,53.1990205]}},{"type":"Feature","properties":{"id":734,"z":106.95,"code":"GRD"},"geometry":{"type":"Point","coordinates":[-1.7986507,53.1990238]}},{"type":"Feature","properties":{"id":735,"z":106.83,"code":"GRD"},"geometry":{"type":"Point","coordinates":[-1.7986019,53.1990234]}},{"type":"Feature","properties":{"id":736,"z":106.82,"code":"GRD"},"geometry":{"type":"Point","coordinates":[-1.7985288,53.1990226]}},{"type":"Feature","properties":{"id":737,"z":106.71,"code":"GRD"},"geometry":{"type":"Point","coordinates":[-1.7984698,53.1990309]}},{"type":"Feature","properties":{"id":738,"z":106.64,"code":"GRD"},"geometry":{"type":"Point","coordinates":[-1.798417,53.1990367]}},{"type":"Feature","properties":{"id":739,"z":106.8,"code":"GRD"},"geometry":{"type":"Point","coordinates":[-1.7983416,53.1990251]}},{"type":"Feature","properties":{"id":740,"z":106.82,"code":"GRD"},"geometry":{"type":"Point","coordinates":[-1.7982861,53.1990194]}},{"type":"Feature","properties":{"id":741,"z":106.85,"code":"GRD"},"geometry":{"type":"Point","coordinates":[-1.798226,53.1990339]}},{"type":"Feature","properties":{"id":742,"z":106.77,"code":"GRD"},"geometry":{"type":"Point","coordinates":[-1.7981719,53.1990314]}},{"type":"Feature","properties":{"id":743,"z":106.82,"code":"GRD"},"geometry":{"type":"Point","coordinates":[-1.798101,53.1990189]}},{"type":"Feature","properties":{"id":744,"z":106.83,"code":"GRD"},"geometry":{"type":"Point","coordinates":[-1.7980374,53.1990229]}},{"type":"Feature","properties":{"id":745,"z":106.83,"code":"GRD"},"geometry":{"type":"Point","coordinates":[-1.7979756,53.1990274]}},{"type":"Feature","properties":{"id":746,"z":106.84,"code":"GRD"},"geometry":{"type":"Point","coordinates":[-1.7978864,53.1990367]}},{"type":"Feature","properties":{"id":747,"z":106.62,"code":"GRD"},"geometry":{"type":"Point","coordinates":[-1.797856,53.1990242]}},{"type":"Feature","properties":{"id":748,"z":106.64,"code":"GRD"},"geometry":{"type":"Point","coordinates":[-1.7977973,53.1990343]}},{"type":"Feature","properties":{"id":749,"z":111.08,"code":"GRD"},"geometry":{"type":"Point","coordinates":[-1.8021781,53.1990612]}},{"type":"Feature","properties":{"id":750,"z":110.81,"code":"GRD"},"geometry":{"type":"Point","coordinates":[-1.8021089,53.1990638]}},{"type":"Feature","properties":{"id":751,"z":110.5,"code":"GRD"},"geometry":{"type":"Point","coordinates":[-1.8020766,53.1990779]}},{"type":"Feature","properties":{"id":752,"z":110.31,"code":"GRD"},"geometry":{"type":"Point","coordinates":[-1.8019877,53.1990729]}},{"type":"Feature","properties":{"id":753,"z":110.4,"code":"GRD"},"geometry":{"type":"Point","coordinates":[-1.8019487,53.19906]}},{"type":"Feature","properties":{"id":754,"z":110.23,"code":"GRD"},"geometry":{"type":"Point","coordinates":[-1.8018798,53.1990646]}},{"type":"Feature","properties":{"id":755,"z":110.21,"code":"GRD"},"geometry":{"type":"Point","coordinates":[-1.8018027,53.1990595]}},{"type":"Feature","properties":{"id":756,"z":110.04,"code":"GRD"},"geometry":{"type":"Point","coordinates":[-1.8017313,53.1990693]}},{"type":"Feature","properties":{"id":757,"z":110.01,"code":"GRD"},"geometry":{"type":"Point","coordinates":[-1.8016853,53.1990722]}},{"type":"Feature","properties":{"id":758,"z":110.37,"code":"GRD"},"geometry":{"type":"Point","coordinates":[-1.8016259,53.199055]}},{"type":"Feature","properties":{"id":759,"z":110.34,"code":"GRD"},"geometry":{"type":"Point","coordinates":[-1.8015656,53.1990561]}},{"type":"Feature","properties":{"id":760,"z":110.49,"code":"GRD"},"geometry":{"type":"Point","coordinates":[-1.8014788,53.1990703]}},{"type":"Feature","properties":{"id":761,"z":110.52,"code":"GRD"},"geometry":{"type":"Point","coordinates":[-1.801447,53.1990749]}},{"type":"Feature","properties":{"id":762,"z":110.68,"code":"GRD"},"geometry":{"type":"Point","coordinates":[-1.8013798,53.199078]}},{"type":"Feature","properties":{"id":763,"z":110.84,"code":"GRD"},"geometry":{"type":"Point","coordinates":[-1.8012965,53.1990649]}},{"type":"Feature","properties":{"id":764,"z":110.98,"code":"GRD"},"geometry":{"type":"Point","coordinates":[-1.8012313,53.1990758]}},{"type":"Feature","properties":{"id":765,"z":111.0,"code":"GRD"},"geometry":{"type":"Point","coordinates":[-1.80116,53.1990656]}},{"type":"Feature","properties":{"id":766,"z":111.01,"code":"GRD"},"geometry":{"type":"Point","coordinates":[-1.8010977,53.1990724]}},{"type":"Feature","properties":{"id":767,"z":110.86,"code":"GRD"},"geometry":{"type":"Point","coordinates":[-1.8010474,53.1990664]}},{"type":"Feature","properties":{"id":768,"z":110.88,"code":"GRD"},"geometry":{"type":"Point","coordinates":[-1.8010085,53.1990725]}},{"type":"Feature","properties":{"id":769,"z":110.65,"code":"GRD"},"geometry":{"type":"Point","coordinates":[-1.8009088,53.1990582]}},{"type":"Feature","properties":{"id":770,"z":110.45,"code":"GRD"},"geometry":{"type":"Point","coordinates":[-1.8008528,53.1990561]}},{"type":"Feature","properties":{"id":771,"z":110.33,"code":"GRD"},"geometry":{"type":"Point","coordinates":[-1.8008108,53.1990687]}},{"type":"Feature","properties":{"id":772,"z":110.04,"code":"GRD"},"geometry":{"type":"Point","coordinates":[-1.8007181,53.199071]}},{"type":"Feature","properties":{"id":773,"z":109.95,"code":"GRD"},"geometry":{"type":"Point","coordinates":[-1.8006933,53.199064]}},{"type":"Feature","properties":{"id":774,"z":109.66,"code":"GRD"},"geometry":{"type":"Point","coordinates":[-1.8006156,53.19906]}},{"type":"Feature","properties":{"id":775,"z":109.37,"code":"GRD"},"geometry":{"type":"Point","coordinates":[-1.8005402,53.1990718]}},{"type":"Feature","properties":{"id":776,"z":109.19,"code":"GRD"},"geometry":{"type":"Point","coordinates":[-1.8004969,53.1990611]}},{"type":"Feature","properties":{"id":777,"z":108.93,"code":"GRD"},"geometry":{"type":"Point","coordinates":[-1.8004046,53.1990638]}},{"type":"Feature","properties":{"id":778,"z":108.78,"code":"GRD"},"geometry":{"type":"Point","coordinates":[-1.8003683,53.1990772]}},{"type":"Feature","properties":{"id":779,"z":108.65,"code":"GRD"},"geometry":{"type":"Point","coordinates":[-1.8003039,53.1990755]}},{"type":"Feature","properties":{"id":780,"z":108.53,"code":"GRD"},"geometry":{"type":"Point","coordinates":[-1.8002319,53.1990741]}},{"type":"Feature","properties":{"id":781,"z":108.55,"code":"GRD"},"geometry":{"type":"Point","coordinates":[-1.8001668,53.1990666]}},{"type":"Feature","properties":{"id":782,"z":108.45,"code":"GRD"},"geometry":{"type":"Point","coordinates":[-1.8000968,53.1990759]}},{"type":"Feature","properties":{"id":783,"z":108.56,"code":"GRD"},"geometry":{"type":"Point","coordinates":[-1.8000508,53.1990602]}},{"type":"Feature","properties":{"id":784,"z":108.57,"code":"GRD"},"geometry":{"type":"Point","coordinates":[-1.8000005,53.199062]}},{"type":"Feature","properties":{"id":785,"z":108.7,"code":"GRD"},"geometry":{"type":"Point","coordinates":[-1.7999212,53.1990578]}},{"type":"Feature","properties":{"id":786,"z":108.67,"code":"GRD"},"geometry":{"type":"Point","coordinates":[-1.7998634,53.1990668]}},{"type":"Feature","properties":{"id":787,"z":108.77,"code":"GRD"},"geometry":{"type":"Point","coordinates":[-1.799811,53.1990552]}},{"type":"Feature","properties":{"id":788,"z":108.95,"code":"GRD"},"geometry":{"type":"Point","coordinates":[-1.7997094,53.1990739]}},{"type":"Feature","properties":{"id":789,"z":108.96,"code":"GRD"},"geometry":{"type":"Point","coordinates":[-1.7996469,53.1990692]}},{"type":"Feature","properties":{"id":790,"z":108.91,"code":"GRD"},"geometry":{"type":"Point","coordinates":[-1.7996205,53.1990673]}},{"type":"Feature","properties":{"id":791,"z":108.88,"code":"GRD"},"geometry":{"type":"Point","coordinates":[-1.7995393,53.1990552]}},{"type":"Feature","properties":{"id":792,"z":108.84,"code":"GRD"},"geometry":{"type":"Point","coordinates":[-1.7994605,53.1990712]}},{"type":"Feature","properties":{"id":793,"z":108.71,"code":"GRD"},"geometry":{"type":"Point","coordinates":[-1.7994087,53.1990613]}},{"type":"Feature","properties":{"id":794,"z":108.75,"code":"GRD"},"geometry":{"type":"Point","coordinates":[-1.7993628,53.1990585]}},{"type":"Feature","properties":{"id":795,"z":108.5,"code":"GRD"},"geometry":{"type":"Point","coordinates":[-1.7992749,53.1990624]}},{"type":"Feature","properties":{"id":796,"z":108.47,"code":"GRD"},"geometry":{"type":"Point","coordinates":[-1.7992394,53.199071]}},{"type":"Feature","properties":{"id":797,"z":108.13,"code":"GRD"},"geometry":{"type":"Point","coordinates":[-1.7991771,53.1990747]}},{"type":"Feature","properties":{"id":798,"z":107.84,"code":"GRD"},"geometry":{"type":"Point","coordinates":[-1.7990864,53.1990736]}},{"type":"Feature","properties":{"id":799,"z":107.64,"code":"GRD"},"geometry":{"type":"Point","coordinates":[-1.7990236,53.199063]}},{"type":"Feature","properties":{"id":800,"z":107.39,"code":"GRD"},"geometry":{"type":"Point","coordinates":[-1.7989798,53.1990688]}},{"type":"Feature","properties":{"id":801,"z":107.34,"code":"GRD"},"geometry":{"type":"Point","coordinates":[-1.7989222,53.199056]}},{"type":"Feature","properties":{"id":802,"z":106.98,"code":"GRD"},"geometry":{"type":"Point","coordinates":[-1.7988455,53.1990708]}},{"type":"Feature","properties":{"id":803,"z":106.62,"code":"GRD"},"geometry":{"type":"Point","coordinates":[-1.7987683,53.1990787]}},{"type":"Feature","properties":{"id":804,"z":106.68,"code":"GRD"},"geometry":{"type":"Point","coordinates":[-1.7987226,53.1990675]}},{"type":"Feature","properties":{"id":805,"z":106.66,"code":"GRD"},"geometry":{"type":"Point","coordinates":[-1.7986559,53.199057]}},{"type":"Feature","properties":{"id":806,"z":106.45,"code":"GRD"},"geometry":{"type":"Point","coordinates":[-1.7985885,53.1990591]}},{"type":"Feature","properties":{"id":807,"z":106.59,"code":"GRD"},"geometry":{"type":"Point","coordinates":[-1.7985506,53.199056]}},{"type":"Feature","properties":{"id":808,"z":106.53,"code":"GRD"},"geometry":{"type":"Point","coordinates":[-1.7984729,53.1990598]}},{"type":"Feature","properties":{"id":809,"z":106.49,"code":"GRD"},"geometry":{"type":"Point","coordinates":[-1.7983931,53.1990765]}},{"type":"Feature","properties":{"id":810,"z":106.6,"code":"GRD"},"geometry":{"type":"Point","coordinates":[-1.7983324,53.1990657]}},{"type":"Feature","properties":{"id":811,"z":106.74,"code":"GRD"},"geometry":{"type":"Point","coordinates":[-1.7982808,53.1990656]}},{"type":"Feature","properties":{"id":812,"z":106.72,"code":"GRD"},"geometry":{"type":"Point","coordinates":[-1.7982252,53.199066]}},{"type":"Feature","properties":{"id":813,"z":106.8,"code":"GRD"},"geometry":{"type":"Point","coordinates":[-1.7981385,53.1990591]}},{"type":"Feature","properties":{"id":814,"z":106.88,"code":"GRD"},"geometry":{"type":"Point","coordinates":[-1.7981011,53.1990661]}},{"type":"Feature","properties":{"id":815,"z":106.92,"code":"GRD"},"geometry":{"type":"Point","coordinates":[-1.7980423,53.1990571]}},{"type":"Feature","properties":{"id":816,"z":107.08,"code":"GRD"},"geometry":{"type":"Point","coordinates":[-1.7979739,53.1990666]}},{"type":"Feature","properties":{"id":817,"z":107.02,"code":"GRD"},"geometry":{"type":"Point","coordinates":[-1.7978882,53.1990795]}},{"type":"Feature","properties":{"id":818,"z":106.92,"code":"GRD"},"geometry":{"type":"Point","coordinates":[-1.7978211,53.1990706]}},{"type":"Feature","properties":{"id":819,"z":106.81,"code":"GRD"},"geometry":{"type":"Point","coordinates":[-1.7977701,53.1990703]}},{"type":"Feature","properties":{"id":820,"z":110.49,"code":"GRD"},"geometry":{"type":"Point","coordinates":[-1.8021674,53.1991048]}},{"type":"Feature","properties":{"id":821,"z":110.08,"code":"GRD"},"geometry":{"type":"Point","coordinates":[-1.80213,53.199115]}},{"type":"Feature","properties":{"id":822,"z":110.19,"code":"GRD"},"geometry":{"type":"Point","coordinates":[-1.8020803,53.1990975]}},{"type":"Feature","properties":{"id":823,"z":109.64,"code":"GRD"},"geometry":{"type":"Point","coordinates":[-1.8020149,53.1991093]}},{"type":"Feature","properties":{"id":824,"z":109.43,"code":"GRD"},"geometry":{"type":"Point","coordinates":[-1.8019399,53.1991073]}},{"type":"Feature","properties":{"id":825,"z":109.46,"code":"GRD"},"geometry":{"type":"Point","coordinates":[-1.8018688,53.1991027]}},{"type":"Feature","properties":{"id":826,"z":109.55,"code":"GRD"},"geometry":{"type":"Point","coordinates":[-1.8018247,53.1990972]}},{"type":"Feature","properties":{"id":827,"z":109.07,"code":"GRD"},"geometry":{"type":"Point","coordinates":[-1.8017618,53.1991144]}},{"type":"Feature","properties":{"id":828,"z":109.6,"code":"GRD"},"geometry":{"type":"Point","coordinates":[-1.8016929,53.1990951]}},{"type":"Feature","properties":{"id":829,"z":109.56,"code":"GRD"},"geometry":{"type":"Point","coordinates":[-1.80162,53.1991066]}},{"type":"Feature","properties":{"id":830,"z":109.77,"code":"GRD"},"geometry":{"type":"Point","coordinates":[-1.8015681,53.1991071]}},{"type":"Feature","properties":{"id":831,"z":110.24,"code":"GRD"},"geometry":{"type":"Point","coordinates":[-1.8014899,53.1990947]}},{"type":"Feature","properties":{"id":832,"z":110.34,"code":"GRD"},"geometry":{"type":"Point","coordinates":[-1.8014345,53.1990946]}},{"type":"Feature","properties":{"id":833,"z":110.59,"code":"GRD"},"geometry":{"type":"Point","coordinates":[-1.8013655,53.1991107]}},{"type":"Feature","properties":{"id":834,"z":110.94,"code":"GRD"},"geometry":{"type":"Point","coordinates":[-1.8012939,53.1990956]}},{"type":"Feature","properties":{"id":835,"z":110.95,"code":"GRD"},"geometry":{"type":"Point","coordinates":[-1.8012584,53.1991136]}},{"type":"Feature","properties":{"id":836,"z":111.16,"code":"GRD"},"geometry":{"type":"Point","coordinates":[-1.8011832,53.199097]}},{"type":"Feature","properties":{"id":837,"z":111.14,"code":"GRD"},"geometry":{"type":"Point","coordinates":[-1.8011042,53.1990961]}},{"type":"Feature","properties":{"id":838,"z":111.11,"code":"GRD"},"geometry":{"type":"Point","coordinates":[-1.8010411,53.1990942]}},{"type":"Feature","properties":{"id":839,"z":111.19,"code":"GRD"},"geometry":{"type":"Point","coordinates":[-1.8010101,53.1991077]}},{"type":"Feature","properties":{"id":840,"z":110.95,"code":"GRD"},"geometry":{"type":"Point","coordinates":[-1.8009388,53.1991002]}},{"type":"Feature","properties":{"id":841,"z":110.66,"code":"GRD"},"geometry":{"type":"Point","coordinates":[-1.8008475,53.1991083]}},{"type":"Feature","properties":{"id":842,"z":110.51,"code":"GRD"},"geometry":{"type":"Point","coordinates":[-1.8007852,53.1991069]}},{"type":"Feature","properties":{"id":843,"z":110.26,"code":"GRD"},"geometry":{"type":"Point","coordinates":[-1.8007518,53.1991115]}},{"type":"Feature","properties":{"id":844,"z":109.92,"code":"GRD"},"geometry":{"type":"Point","coordinates":[-1.8006815,53.1991119]}},{"type":"Feature","properties":{"id":845,"z":109.62,"code":"GRD"},"geometry":{"type":"Point","coordinates":[-1.8006277,53.1991021]}},{"type":"Feature","properties":{"id":846,"z":109.22,"code":"GRD"},"geometry":{"type":"Point","coordinates":[-1.8005389,53.1991166]}},{"type":"Feature","properties":{"id":847,"z":109.02,"code":"GRD"},"geometry":{"type":"Point","coordinates":[-1.8004815,53.1990952]}},{"type":"Feature","properties":{"id":848,"z":108.78,"code":"GRD"},"geometry":{"type":"Point","coordinates":[-1.8004208,53.1991129]}},{"type":"Feature","properties":{"id":849,"z":108.62,"code":"GRD"},"geometry":{"type":"Point","coordinates":[-1.8003526,53.1990991]}},{"type":"Feature","properties":{"id":850,"z":108.45,"code":"GRD"},"geometry":{"type":"Point","coordinates":[-1.8003098,53.1991039]}},{"type":"Feature","properties":{"id":851,"z":108.34,"code":"GRD"},"geometry":{"type":"Point","coordinates":[-1.8002502,53.1990932]}},{"type":"Feature","properties":{"id":852,"z":108.21,"code":"GRD"},"geometry":{"type":"Point","coordinates":[-1.8001873,53.1991128]}},{"type":"Feature","properties":{"id":853,"z":108.26,"code":"GRD"},"geometry":{"type":"Point","coordinates":[-1.8001168,53.19911]}},{"type":"Feature","properties":{"id":854,"z":108.37,"code":"GRD"},"geometry":{"type":"Point","coordinates":[-1.80005,53.1990963]}},{"type":"Feature","properties":{"id":855,"z":108.34,"code":"GRD"},"geometry":{"type":"Point","coordinates":[-1.799974,53.199113]}},{"type":"Feature","properties":{"id":856,"z":108.57,"code":"GRD"},"geometry":{"type":"Point","coordinates":[-1.7999002,53.1990931]}},{"type":"Feature","properties":{"id":857,"z":108.67,"code":"GRD"},"geometry":{"type":"Point","coordinates":[-1.799856,53.1991147]}},{"type":"Feature","properties":{"id":858,"z":108.85,"code":"GRD"},"geometry":{"type":"Point","coordinates":[-1.7997804,53.1990936]}},{"type":"Feature","properties":{"id":859,"z":109.01,"code":"GRD"},"geometry":{"type":"Point","coordinates":[-1.7997225,53.1991026]}},{"type":"Feature","properties":{"id":860,"z":109.03,"code":"GRD"},"geometry":{"type":"Point","coordinates":[-1.7996681,53.1990967]}},{"type":"Feature","properties":{"id":861,"z":109.1,"code":"GRD"},"geometry":{"type":"Point","coordinates":[-1.7995884,53.1991081]}},{"type":"Feature","properties":{"id":862,"z":109.14,"code":"GRD"},"geometry":{"type":"Point","coordinates":[-1.7995589,53.199101]}},{"type":"Feature","properties":{"id":863,"z":109.13,"code":"GRD"},"geometry":{"type":"Point","coordinates":[-1.7994744,53.1990938]}},{"type":"Feature","properties":{"id":864,"z":108.99,"code":"GRD"},"geometry":{"type":"Point","coordinates":[-1.799429,53.1991018]}},{"type":"Feature","properties":{"id":865,"z":108.91,"code":"GRD"},"geometry":{"type":"Point","coordinates":[-1.7993569,53.1991016]}},{"type":"Feature","properties":{"id":866,"z":108.79,"code":"GRD"},"geometry":{"type":"Point","coordinates":[-1.7993099,53.1991073]}},{"type":"Feature","properties":{"id":867,"z":108.53,"code":"GRD"},"geometry":{"type":"Point","coordinates":[-1.7992279,53.1991175]}},{"type":"Feature","properties":{"id":868,"z":108.26,"code":"GRD"},"geometry":{"type":"Point","coordinates":[-1.7991823,53.1990964]}},{"type":"Feature","properties":{"id":869,"z":107.94,"code":"GRD"},"geometry":{"type":"Point","coordinates":[-1.7991097,53.1991053]}},{"type":"Feature","properties":{"id":870,"z":107.56,"code":"GRD"},"geometry":{"type":"Point","coordinates":[-1.7990472,53.199107]}},{"type":"Feature","properties":{"id":871,"z":107.24,"code":"GRD"},"geometry":{"type":"Point","coordinates":[-1.7989536,53.1990936]}},{"type":"Feature","properties":{"id":872,"z":107.03,"code":"GRD"},"geometry":{"type":"Point","coordinates":[-1.7989087,53.1991121]}},{"type":"Feature","properties":{"id":873,"z":106.68,"code":"GRD"},"geometry":{"type":"Point","coordinates":[-1.7988427,53.1991087]}},{"type":"Feature","properties":{"id":874,"z":106.62,"code":"GRD"},"geometry":{"type":"Point","coordinates":[-1.7987911,53.1990998]}},{"type":"Feature","properties":{"id":875,"z":106.22,"code":"GRD"},"geometry":{"type":"Point","coordinates":[-1.7987039,53.1991098]}},{"type":"Feature","properties":{"id":876,"z":106.22,"code":"GRD"},"geometry":{"type":"Point","coordinates":[-1.7986676,53.1991119]}},{"type":"Feature","properties":{"id":877,"z":106.18,"code":"GRD"},"geometry":{"type":"Point","coordinates":[-1.7985907,53.1991015]}},{"type":"Feature","properties":{"id":878,"z":106.24,"code":"GRD"},"geometry":{"type":"Point","coordinates":[-1.7985312,53.1991029]}},{"type":"Feature","properties":{"id":879,"z":106.17,"code":"GRD"},"geometry":{"type":"Point","coordinates":[-1.7984778,53.1991176]}},{"type":"Feature","properties":{"id":880,"z":106.35,"code":"GRD"},"geometry":{"type":"Point","coordinates":[-1.7984082,53.1991019]}},{"type":"Feature","properties":{"id":881,"z":106.5,"code":"GRD"},"geometry":{"type":"Point","coordinates":[-1.7983507,53.1990961]}},{"type":"Feature","properties":{"id":882,"z":106.49,"code":"GRD"},"geometry":{"type":"Point","coordinates":[-1.7983021,53.1991146]}},{"type":"Feature","properties":{"id":883,"z":106.78,"code":"GRD"},"geometry":{"type":"Point","coordinates":[-1.7982156,53.1991003]}},{"type":"Feature","properties":{"id":884,"z":106.85,"code":"GRD"},"geometry":{"type":"Point","coordinates":[-1.7981694,53.1990944]}},{"type":"Feature","properties":{"id":885,"z":107.08,"code":"GRD"},"geometry":{"type":"Point","coordinates":[-1.798083,53.1991066]}},{"type":"Feature","properties":{"id":886,"z":107.18,"code":"GRD"},"geometry":{"type":"Point","coordinates":[-1.7980111,53.1991013]}},{"type":"Feature","properties":{"id":887,"z":107.11,"code":"GRD"},"geometry":{"type":"Point","coordinates":[-1.7979841,53.1990972]}},{"type":"Feature","properties":{"id":888,"z":107.2,"code":"GRD"},"geometry":{"type":"Point","coordinates":[-1.7979001,53.1991175]}},{"type":"Feature","properties":{"id":889,"z":107.24,"code":"GRD"},"geometry":{"type":"Point","coordinates":[-1.7978436,53.1991145]}},{"type":"Feature","properties":{"id":890,"z":107.09,"code":"GRD"},"geometry":{"type":"Point","coordinates":[-1.7977957,53.1991049]}},{"type":"Feature","properties":{"id":891,"z":110.02,"code":"GRD"},"geometry":{"type":"Point","coordinates":[-1.8022005,53.1991372]}},{"type":"Feature","properties":{"id":892,"z":109.5,"code":"GRD"},"geometry":{"type":"Point","coordinates":[-1.8021149,53.1991359]}},{"type":"Feature","properties":{"id":893,"z":108.74,"code":"GRD"},"geometry":{"type":"Point","coordinates":[-1.8020562,53.1991522]}},{"type":"Feature","properties":{"id":894,"z":108.89,"code":"GRD"},"geometry":{"type":"Point","coordinates":[-1.8019913,53.1991354]}},{"type":"Feature","properties":{"id":895,"z":108.67,"code":"GRD"},"geometry":{"type":"Point","coordinates":[-1.8019303,53.1991324]}},{"type":"Feature","properties":{"id":896,"z":107.99,"code":"GRD"},"geometry":{"type":"Point","coordinates":[-1.8018585,53.1991525]}},{"type":"Feature","properties":{"id":897,"z":108.26,"code":"GRD"},"geometry":{"type":"Point","coordinates":[-1.8018216,53.1991439]}},{"type":"Feature","properties":{"id":898,"z":108.26,"code":"GRD"},"geometry":{"type":"Point","coordinates":[-1.8017298,53.1991465]}},{"type":"Feature","properties":{"id":899,"z":108.24,"code":"GRD"},"geometry":{"type":"Point","coordinates":[-1.8016899,53.1991493]}},{"type":"Feature","properties":{"id":900,"z":108.77,"code":"GRD"},"geometry":{"type":"Point","coordinates":[-1.8016133,53.1991406]}},{"type":"Feature","properties":{"id":901,"z":108.93,"code":"GRD"},"geometry":{"type":"Point","coordinates":[-1.8015752,53.1991409]}},{"type":"Feature","properties":{"id":902,"z":109.16,"code":"GRD"},"geometry":{"type":"Point","coordinates":[-1.8015127,53.1991462]}},{"type":"Feature","properties":{"id":903,"z":109.95,"code":"GRD"},"geometry":{"type":"Point","coordinates":[-1.8014265,53.1991369]}},{"type":"Feature","properties":{"id":904,"z":110.39,"code":"GRD"},"geometry":{"type":"Point","coordinates":[-1.8013692,53.1991308]}},{"type":"Feature","properties":{"id":905,"z":110.75,"code":"GRD"},"geometry":{"type":"Point","coordinates":[-1.8012842,53.1991318]}},{"type":"Feature","properties":{"id":906,"z":110.87,"code":"GRD"},"geometry":{"type":"Point","coordinates":[-1.8012369,53.1991486]}},{"type":"Feature","properties":{"id":907,"z":111.14,"code":"GRD"},"geometry":{"type":"Point","coordinates":[-1.8011931,53.199134]}},{"type":"Feature","properties":{"id":908,"z":111.32,"code":"GRD"},"geometry":{"type":"Point","coordinates":[-1.8011045,53.1991327]}},{"type":"Feature","properties":{"id":909,"z":111.31,"code":"GRD"},"geometry":{"type":"Point","coordinates":[-1.8010511,53.1991452]}},{"type":"Feature","properties":{"id":910,"z":111.27,"code":"GRD"},"geometry":{"type":"Point","coordinates":[-1.8009874,53.199147]}},{"type":"Feature","properties":{"id":911,"z":111.06,"code":"GRD"},"geometry":{"type":"Point","coordinates":[-1.8009166,53.1991369]}},{"type":"Feature","properties":{"id":912,"z":110.92,"code":"GRD"},"geometry":{"type":"Point","coordinates":[-1.8008549,53.1991496]}},{"type":"Feature","properties":{"id":913,"z":110.58,"code":"GRD"},"geometry":{"type":"Point","coordinates":[-1.8007894,53.199155]}},{"type":"Feature","properties":{"id":914,"z":110.21,"code":"GRD"},"geometry":{"type":"Point","coordinates":[-1.8007398,53.1991374]}},{"type":"Feature","properties":{"id":915,"z":110.01,"code":"GRD"},"geometry":{"type":"Point","coordinates":[-1.8006903,53.1991307]}},{"type":"Feature","properties":{"id":916,"z":109.59,"code":"GRD"},"geometry":{"type":"Point","coordinates":[-1.8006129,53.1991469]}},{"type":"Feature","properties":{"id":917,"z":109.08,"code":"GRD"},"geometry":{"type":"Point","coordinates":[-1.8005283,53.1991362]}},{"type":"Feature","properties":{"id":918,"z":108.88,"code":"GRD"},"geometry":{"type":"Point","coordinates":[-1.8004751,53.1991327]}},{"type":"Feature","properties":{"id":919,"z":108.67,"code":"GRD"},"geometry":{"type":"Point","coordinates":[-1.8004414,53.1991431]}},{"type":"Feature","properties":{"id":920,"z":108.41,"code":"GRD"},"geometry":{"type":"Point","coordinates":[-1.8003576,53.199135]}},{"type":"Feature","properties":{"id":921,"z":108.23,"code":"GRD"},"geometry":{"type":"Point","coordinates":[-1.8003117,53.1991349]}},{"type":"Feature","properties":{"id":922,"z":107.99,"code":"GRD"},"geometry":{"type":"Point","coordinates":[-1.800224,53.1991536]}},{"type":"Feature","properties":{"id":923,"z":108.06,"code":"GRD"},"geometry":{"type":"Point","coordinates":[-1.8001593,53.1991365]}},{"type":"Feature","properties":{"id":924,"z":108.03,"code":"GRD"},"geometry":{"type":"Point","coordinates":[-1.8000877,53.199143]}},{"type":"Feature","properties":{"id":925,"z":108.12,"code":"GRD"},"geometry":{"type":"Point","coordinates":[-1.8000324,53.199142]}},{"type":"Feature","properties":{"id":926,"z":108.26,"code":"GRD"},"geometry":{"type":"Point","coordinates":[-1.7999894,53.1991532]}},{"type":"Feature","properties":{"id":927,"z":108.41,"code":"GRD"},"geometry":{"type":"Point","coordinates":[-1.7999373,53.1991467]}},{"type":"Feature","properties":{"id":928,"z":108.65,"code":"GRD"},"geometry":{"type":"Point","coordinates":[-1.7998602,53.1991522]}},{"type":"Feature","properties":{"id":929,"z":108.83,"code":"GRD"},"geometry":{"type":"Point","coordinates":[-1.7997968,53.1991536]}},{"type":"Feature","properties":{"id":930,"z":109.06,"code":"GRD"},"geometry":{"type":"Point","coordinates":[-1.7997114,53.1991462]}},{"type":"Feature","properties":{"id":931,"z":109.16,"code":"GRD"},"geometry":{"type":"Point","coordinates":[-1.7996771,53.1991413]}},{"type":"Feature","properties":{"id":932,"z":109.22,"code":"GRD"},"geometry":{"type":"Point","coordinates":[-1.7996154,53.1991355]}},{"type":"Feature","properties":{"id":933,"z":109.3,"code":"GRD"},"geometry":{"type":"Point","coordinates":[-1.7995496,53.1991554]}},{"type":"Feature","properties":{"id":934,"z":109.36,"code":"GRD"},"geometry":{"type":"Point","coordinates":[-1.79949,53.1991448]}},{"type":"Feature","properties":{"id":935,"z":109.23,"code":"GRD"},"geometry":{"type":"Point","coordinates":[-1.7993996,53.1991372]}},{"type":"Feature","properties":{"id":936,"z":109.06,"code":"GRD"},"geometry":{"type":"Point","coordinates":[-1.7993416,53.1991511]}},{"type":"Feature","properties":{"id":937,"z":108.93,"code":"GRD"},"geometry":{"type":"Point","coordinates":[-1.7992898,53.1991528]}},{"type":"Feature","properties":{"id":938,"z":108.63,"code":"GRD"},"geometry":{"type":"Point","coordinates":[-1.7992404,53.1991476]}},{"type":"Feature","properties":{"id":939,"z":108.24,"code":"GRD"},"geometry":{"type":"Point","coordinates":[-1.7991599,53.1991526]}},{"type":"Feature","properties":{"id":940,"z":107.95,"code":"GRD"},"geometry":{"type":"Point","coordinates":[-1.7991124,53.1991527]}},{"type":"Feature","properties":{"id":941,"z":107.54,"code":"GRD"},"geometry":{"type":"Point","coordinates":[-1.799022,53.199135]}},{"type":"Feature","properties":{"id":942,"z":107.09,"code":"GRD"},"geometry":{"type":"Point","coordinates":[-1.798959,53.1991555]}},{"type":"Feature","properties":{"id":943,"z":106.92,"code":"GRD"},"geometry":{"type":"Point","coordinates":[-1.7989276,53.1991549]}},{"type":"Feature","properties":{"id":944,"z":106.65,"code":"GRD"},"geometry":{"type":"Point","coordinates":[-1.7988689,53.1991534]}},{"type":"Feature","properties":{"id":945,"z":106.48,"code":"GRD"},"geometry":{"type":"Point","coordinates":[-1.7988022,53.1991347]}},{"type":"Feature","properties":{"id":946,"z":106.12,"code":"GRD"},"geometry":{"type":"Point","coordinates":[-1.7987146,53.1991327]}},{"type":"Feature","properties":{"id":947,"z":106.0,"code":"GRD"},"geometry":{"type":"Point","coordinates":[-1.7986502,53.1991526]}},{"type":"Feature","properties":{"id":948,"z":106.02,"code":"GRD"},"geometry":{"type":"Point","coordinates":[-1.7985762,53.1991313]}},{"type":"Feature","properties":{"id":949,"z":106.1,"code":"GRD"},"geometry":{"type":"Point","coordinates":[-1.7985254,53.1991314]}},{"type":"Feature","properties":{"id":950,"z":106.05,"code":"GRD"},"geometry":{"type":"Point","coordinates":[-1.7984702,53.1991363]}},{"type":"Feature","properties":{"id":951,"z":106.06,"code":"GRD"},"geometry":{"type":"Point","coordinates":[-1.7984276,53.1991554]}},{"type":"Feature","properties":{"id":952,"z":106.31,"code":"GRD"},"geometry":{"type":"Point","coordinates":[-1.7983521,53.1991525]}},{"type":"Feature","properties":{"id":953,"z":106.51,"code":"GRD"},"geometry":{"type":"Point","coordinates":[-1.7982967,53.1991412]}},{"type":"Feature","properties":{"id":954,"z":106.73,"code":"GRD"},"geometry":{"type":"Point","coordinates":[-1.7982319,53.1991477]}},{"type":"Feature","properties":{"id":955,"z":106.98,"code":"GRD"},"geometry":{"type":"Point","coordinates":[-1.7981554,53.1991333]}},{"type":"Feature","properties":{"id":956,"z":107.13,"code":"GRD"},"geometry":{"type":"Point","coordinates":[-1.7980986,53.1991429]}},{"type":"Feature","properties":{"id":957,"z":107.24,"code":"GRD"},"geometry":{"type":"Point","coordinates":[-1.7980415,53.1991548]}},{"type":"Feature","properties":{"id":958,"z":107.37,"code":"GRD"},"geometry":{"type":"Point","coordinates":[-1.7979504,53.1991488]}},{"type":"Feature","properties":{"id":959,"z":107.34,"code":"GRD"},"geometry":{"type":"Point","coordinates":[-1.7979134,53.1991322]}},{"type":"Feature","properties":{"id":960,"z":107.29,"code":"GRD"},"geometry":{"type":"Point","coordinates":[-1.7978597,53.1991432]}},{"type":"Feature","properties":{"id":961,"z":107.19,"code":"GRD"},"geometry":{"type":"Point","coordinates":[-1.7977833,53.1991307]}},{"type":"Feature","properties":{"id":962,"z":109.05,"code":"GRD"},"geometry":{"type":"Point","coordinates":[-1.8022415,53.1991846]}},{"type":"Feature","properties":{"id":963,"z":108.37,"code":"GRD"},"geometry":{"type":"Point","coordinates":[-1.8021785,53.1991929]}},{"type":"Feature","properties":{"id":964,"z":108.02,"code":"GRD"},"geometry":{"type":"Point","coordinates":[-1.8021078,53.1991862]}},{"type":"Feature","properties":{"id":965,"z":107.6,"code":"GRD"},"geometry":{"type":"Point","coordinates":[-1.8020639,53.1991926]}},{"type":"Feature","properties":{"id":966,"z":107.64,"code":"GRD"},"geometry":{"type":"Point","coordinates":[-1.8020022,53.1991779]}},{"type":"Feature","properties":{"id":967,"z":107.63,"code":"GRD"},"geometry":{"type":"Point","coordinates":[-1.8019136,53.1991683]}},{"type":"Feature","properties":{"id":968,"z":106.83,"code":"GRD"},"geometry":{"type":"Point","coordinates":[-1.801867,53.1991915]}},{"type":"Feature","properties":{"id":969,"z":107.35,"code":"GRD"},"geometry":{"type":"Point","coordinates":[-1.8018137,53.1991742]}},{"type":"Feature","properties":{"id":970,"z":107.47,"code":"GRD"},"geometry":{"type":"Point","coordinates":[-1.8017582,53.1991711]}},{"type":"Feature","properties":{"id":971,"z":107.67,"code":"GRD"},"geometry":{"type":"Point","coordinates":[-1.8016654,53.1991694]}},{"type":"Feature","properties":{"id":972,"z":107.75,"code":"GRD"},"geometry":{"type":"Point","coordinates":[-1.8016114,53.1991763]}},{"type":"Feature","properties":{"id":973,"z":107.56,"code":"GRD"},"geometry":{"type":"Point","coordinates":[-1.8015644,53.1991926]}},{"type":"Feature","properties":{"id":974,"z":108.13,"code":"GRD"},"geometry":{"type":"Point","coordinates":[-1.8015146,53.1991869]}},{"type":"Feature","properties":{"id":975,"z":108.6,"code":"GRD"},"geometry":{"type":"Point","coordinates":[-1.8014268,53.1991932]}},{"type":"Feature","properties":{"id":976,"z":109.28,"code":"GRD"},"geometry":{"type":"Point","coordinates":[-1.8013788,53.199184]}},{"type":"Feature","properties":{"id":977,"z":110.07,"code":"GRD"},"geometry":{"type":"Point","coordinates":[-1.8012958,53.1991781]}},{"type":"Feature","properties":{"id":978,"z":110.42,"code":"GRD"},"geometry":{"type":"Point","coordinates":[-1.8012406,53.1991836]}},{"type":"Feature","properties":{"id":979,"z":110.88,"code":"GRD"},"geometry":{"type":"Point","coordinates":[-1.8011733,53.1991818]}},{"type":"Feature","properties":{"id":980,"z":111.11,"code":"GRD"},"geometry":{"type":"Point","coordinates":[-1.8011273,53.1991836]}},{"type":"Feature","properties":{"id":981,"z":111.42,"code":"GRD"},"geometry":{"type":"Point","coordinates":[-1.8010539,53.1991863]}},{"type":"Feature","properties":{"id":982,"z":111.38,"code":"GRD"},"geometry":{"type":"Point","coordinates":[-1.8009888,53.1991802]}},{"type":"Feature","properties":{"id":983,"z":111.24,"code":"GRD"},"geometry":{"type":"Point","coordinates":[-1.8009088,53.1991815]}},{"type":"Feature","properties":{"id":984,"z":111.06,"code":"GRD"},"geometry":{"type":"Point","coordinates":[-1.8008628,53.1991814]}},{"type":"Feature","properties":{"id":985,"z":110.81,"code":"GRD"},"geometry":{"type":"Point","coordinates":[-1.8008146,53.1991888]}},{"type":"Feature","properties":{"id":986,"z":110.44,"code":"GRD"},"geometry":{"type":"Point","coordinates":[-1.8007395,53.1991843]}},{"type":"Feature","properties":{"id":987,"z":109.79,"code":"GRD"},"geometry":{"type":"Point","coordinates":[-1.8006594,53.1991693]}},{"type":"Feature","properties":{"id":988,"z":109.61,"code":"GRD"},"geometry":{"type":"Point","coordinates":[-1.8006168,53.1991891]}},{"type":"Feature","properties":{"id":989,"z":109.24,"code":"GRD"},"geometry":{"type":"Point","coordinates":[-1.8005634,53.1991745]}},{"type":"Feature","properties":{"id":990,"z":108.9,"code":"GRD"},"geometry":{"type":"Point","coordinates":[-1.8005026,53.1991771]}},{"type":"Feature","properties":{"id":991,"z":108.45,"code":"GRD"},"geometry":{"type":"Point","coordinates":[-1.8004249,53.1991704]}},{"type":"Feature","properties":{"id":992,"z":108.14,"code":"GRD"},"geometry":{"type":"Point","coordinates":[-1.8003643,53.1991932]}},{"type":"Feature","properties":{"id":993,"z":107.91,"code":"GRD"},"geometry":{"type":"Point","coordinates":[-1.8002978,53.1991882]}},{"type":"Feature","properties":{"id":994,"z":107.88,"code":"GRD"},"geometry":{"type":"Point","coordinates":[-1.8002231,53.1991719]}},{"type":"Feature","properties":{"id":995,"z":107.82,"code":"GRD"},"geometry":{"type":"Point","coordinates":[-1.8001701,53.1991741]}},{"type":"Feature","properties":{"id":996,"z":107.87,"code":"GRD"},"geometry":{"type":"Point","coordinates":[-1.8001134,53.1991767]}},{"type":"Feature","properties":{"id":997,"z":107.95,"code":"GRD"},"geometry":{"type":"Point","coordinates":[-1.8000575,53.1991825]}},{"type":"Feature","properties":{"id":998,"z":108.11,"code":"GRD"},"geometry":{"type":"Point","coordinates":[-1.8000006,53.1991727]}},{"type":"Feature","properties":{"id":999,"z":108.31,"code":"GRD"},"geometry":{"type":"Point","coordinates":[-1.7999264,53.1991742]}},{"type":"Feature","properties":{"id":1000,"z":108.6,"code":"GRD"},"geometry":{"type":"Point","coordinates":[-1.799842,53.1991705]}},{"type":"Feature","properties":{"id":1001,"z":108.72,"code":"GRD"},"geometry":{"type":"Point","coordinates":[-1.7998056,53.1991788]}},{"type":"Feature","properties":{"id":1002,"z":109.09,"code":"GRD"},"geometry":{"type":"Point","coordinates":[-1.7997178,53.1991837]}},{"type":"Feature","properties":{"id":1003,"z":109.23,"code":"GRD"},"geometry":{"type":"Point","coordinates":[-1.7996695,53.1991774]}},{"type":"Feature","properties":{"id":1004,"z":109.33,"code":"GRD"},"geometry":{"type":"Point","coordinates":[-1.7995952,53.1991756]}},{"type":"Feature","properties":{"id":1005,"z":109.47,"code":"GRD"},"geometry":{"type":"Point","coordinates":[-1.7995281,53.199177]}},{"type":"Feature","properties":{"id":1006,"z":109.48,"code":"GRD"},"geometry":{"type":"Point","coordinates":[-1.7994829,53.1991827]}},{"type":"Feature","properties":{"id":1007,"z":109.33,"code":"GRD"},"geometry":{"type":"Point","coordinates":[-1.7993954,53.1991861]}},{"type":"Feature","properties":{"id":1008,"z":109.22,"code":"GRD"},"geometry":{"type":"Point","coordinates":[-1.7993575,53.1991849]}},{"type":"Feature","properties":{"id":1009,"z":108.93,"code":"GRD"},"geometry":{"type":"Point","coordinates":[-1.7992784,53.1991777]}},{"type":"Feature","properties":{"id":1010,"z":108.71,"code":"GRD"},"geometry":{"type":"Point","coordinates":[-1.7992251,53.1991807]}},{"type":"Feature","properties":{"id":1011,"z":108.39,"code":"GRD"},"geometry":{"type":"Point","coordinates":[-1.7991831,53.1991831]}},{"type":"Feature","properties":{"id":1012,"z":107.96,"code":"GRD"},"geometry":{"type":"Point","coordinates":[-1.7991018,53.1991798]}},{"type":"Feature","properties":{"id":1013,"z":107.48,"code":"GRD"},"geometry":{"type":"Point","coordinates":[-1.7990383,53.1991906]}},{"type":"Feature","properties":{"id":1014,"z":107.06,"code":"GRD"},"geometry":{"type":"Point","coordinates":[-1.7989768,53.1991805]}},{"type":"Feature","properties":{"id":1015,"z":106.67,"code":"GRD"},"geometry":{"type":"Point","coordinates":[-1.7989041,53.1991868]}},{"type":"Feature","properties":{"id":1016,"z":106.45,"code":"GRD"},"geometry":{"type":"Point","coordinates":[-1.7988524,53.1991692]}},{"type":"Feature","properties":{"id":1017,"z":106.0,"code":"GRD"},"geometry":{"type":"Point","coordinates":[-1.798774,53.1991875]}},{"type":"Feature","properties":{"id":1018,"z":106.06,"code":"GRD"},"geometry":{"type":"Point","coordinates":[-1.7987384,53.1991737]}},{"type":"Feature","properties":{"id":1019,"z":105.89,"code":"GRD"},"geometry":{"type":"Point","coordinates":[-1.7986761,53.1991704]}},{"type":"Feature","properties":{"id":1020,"z":105.77,"code":"GRD"},"geometry":{"type":"Point","coordinates":[-1.7985857,53.1991824]}},{"type":"Feature","properties":{"id":1021,"z":105.78,"code":"GRD"},"geometry":{"type":"Point","coordinates":[-1.7985245,53.1991803]}},{"type":"Feature","properties":{"id":1022,"z":105.74,"code":"GRD"},"geometry":{"type":"Point","coordinates":[-1.7984891,53.1991855]}},{"type":"Feature","properties":{"id":1023,"z":106.07,"code":"GRD"},"geometry":{"type":"Point","coordinates":[-1.7983865,53.1991887]}},{"type":"Feature","properties":{"id":1024,"z":106.27,"code":"GRD"},"geometry":{"type":"Point","coordinates":[-1.7983288,53.1991718]}},{"type":"Feature","properties":{"id":1025,"z":106.39,"code":"GRD"},"geometry":{"type":"Point","coordinates":[-1.7983022,53.199193]}},{"type":"Feature","properties":{"id":1026,"z":106.67,"code":"GRD"},"geometry":{"type":"Point","coordinates":[-1.7982279,53.1991748]}},{"type":"Feature","properties":{"id":1027,"z":107.04,"code":"GRD"},"geometry":{"type":"Point","coordinates":[-1.7981404,53.1991821]}},{"type":"Feature","properties":{"id":1028,"z":107.2,"code":"GRD"},"geometry":{"type":"Point","coordinates":[-1.798092,53.1991787]}},{"type":"Feature","properties":{"id":1029,"z":107.4,"code":"GRD"},"geometry":{"type":"Point","coordinates":[-1.7980141,53.1991883]}},{"type":"Feature","properties":{"id":1030,"z":107.46,"code":"GRD"},"geometry":{"type":"Point","coordinates":[-1.7979515,53.1991746]}},{"type":"Feature","properties":{"id":1031,"z":107.5,"code":"GRD"},"geometry":{"type":"Point","coordinates":[-1.797902,53.1991776]}},{"type":"Feature","properties":{"id":1032,"z":107.42,"code":"GRD"},"geometry":{"type":"Point","coordinates":[-1.797842,53.1991805]}},{"type":"Feature","properties":{"id":1033,"z":107.26,"code":"GRD"},"geometry":{"type":"Point","coordinates":[-1.7977649,53.1991732]}},{"type":"Feature","properties":{"id":1034,"z":108.2,"code":"GRD"},"geometry":{"type":"Point","coordinates":[-1.8022318,53.1992199]}},{"type":"Feature","properties":{"id":1035,"z":107.89,"code":"GRD"},"geometry":{"type":"Point","coordinates":[-1.8021851,53.1992162]}},{"type":"Feature","properties":{"id":1036,"z":107.44,"code":"GRD"},"geometry":{"type":"Point","coordinates":[-1.8021207,53.199214]}},{"type":"Feature","properties":{"id":1037,"z":107.01,"code":"GRD"},"geometry":{"type":"Point","coordinates":[-1.8020692,53.1992238]}},{"type":"Feature","properties":{"id":1038,"z":106.46,"code":"GRD"},"geometry":{"type":"Point","coordinates":[-1.8019848,53.1992208]}},{"type":"Feature","properties":{"id":1039,"z":106.3,"code":"GRD"},"geometry":{"type":"Point","coordinates":[-1.8019368,53.199228]}},{"type":"Feature","properties":{"id":1040,"z":106.3,"code":"GRD"},"geometry":{"type":"Point","coordinates":[-1.8018901,53.1992168]}},{"type":"Feature","properties":{"id":1041,"z":106.4,"code":"GRD"},"geometry":{"type":"Point","coordinates":[-1.8017933,53.1992077]}},{"type":"Feature","properties":{"id":1042,"z":106.47,"code":"GRD"},"geometry":{"type":"Point","coordinates":[-1.8017415,53.1992104]}},{"type":"Feature","properties":{"id":1043,"z":106.45,"code":"GRD"},"geometry":{"type":"Point","coordinates":[-1.80167,53.1992184]}},{"type":"Feature","properties":{"id":1044,"z":106.65,"code":"GRD"},"geometry":{"type":"Point","coordinates":[-1.8016123,53.1992229]}},{"type":"Feature","properties":{"id":1045,"z":107.35,"code":"GRD"},"geometry":{"type":"Point","coordinates":[-1.8015424,53.1992096]}},{"type":"Feature","properties":{"id":1046,"z":107.79,"code":"GRD"},"geometry":{"type":"Point","coordinates":[-1.8014761,53.1992111]}},{"type":"Feature","properties":{"id":1047,"z":107.85,"code":"GRD"},"geometry":{"type":"Point","coordinates":[-1.8014187,53.1992298]}},{"type":"Feature","properties":{"id":1048,"z":108.41,"code":"GRD"},"geometry":{"type":"Point","coordinates":[-1.8013712,53.1992225]}},{"type":"Feature","properties":{"id":1049,"z":109.5,"code":"GRD"},"geometry":{"type":"Point","coordinates":[-1.8012969,53.1992098]}},{"type":"Feature","properties":{"id":1050,"z":109.51,"code":"GRD"},"geometry":{"type":"Point","coordinates":[-1.8012603,53.1992234]}},{"type":"Feature","properties":{"id":1051,"z":110.36,"code":"GRD"},"geometry":{"type":"Point","coordinates":[-1.8011874,53.1992117]}},{"type":"Feature","properties":{"id":1052,"z":110.82,"code":"GRD"},"geometry":{"type":"Point","coordinates":[-1.8011123,53.1992139]}},{"type":"Feature","properties":{"id":1053,"z":111.18,"code":"GRD"},"geometry":{"type":"Point","coordinates":[-1.8010354,53.1992141]}},{"type":"Feature","properties":{"id":1054,"z":111.35,"code":"GRD"},"geometry":{"type":"Point","coordinates":[-1.8009754,53.1992097]}},{"type":"Feature","properties":{"id":1055,"z":111.18,"code":"GRD"},"geometry":{"type":"Point","coordinates":[-1.8009313,53.1992067]}},{"type":"Feature","properties":{"id":1056,"z":111.12,"code":"GRD"},"geometry":{"type":"Point","coordinates":[-1.8008688,53.199222]}},{"type":"Feature","properties":{"id":1057,"z":110.95,"code":"GRD"},"geometry":{"type":"Point","coordinates":[-1.8008179,53.1992176]}},{"type":"Feature","properties":{"id":1058,"z":110.37,"code":"GRD"},"geometry":{"type":"Point","coordinates":[-1.8007282,53.1992167]}},{"type":"Feature","properties":{"id":1059,"z":109.89,"code":"GRD"},"geometry":{"type":"Point","coordinates":[-1.800661,53.199209]}},{"type":"Feature","properties":{"id":1060,"z":109.49,"code":"GRD"},"geometry":{"type":"Point","coordinates":[-1.8005941,53.1992309]}},{"type":"Feature","properties":{"id":1061,"z":109.17,"code":"GRD"},"geometry":{"type":"Point","coordinates":[-1.8005576,53.1992146]}},{"type":"Feature","properties":{"id":1062,"z":108.67,"code":"GRD"},"geometry":{"type":"Point","coordinates":[-1.8004754,53.1992184]}},{"type":"Feature","properties":{"id":1063,"z":108.34,"code":"GRD"},"geometry":{"type":"Point","coordinates":[-1.8004235,53.1992276]}},{"type":"Feature","properties":{"id":1064,"z":108.07,"code":"GRD"},"geometry":{"type":"Point","coordinates":[-1.8003558,53.1992195]}},{"type":"Feature","properties":{"id":1065,"z":107.87,"code":"GRD"},"geometry":{"type":"Point","coordinates":[-1.8003065,53.1992284]}},{"type":"Feature","properties":{"id":1066,"z":107.74,"code":"GRD"},"geometry":{"type":"Point","coordinates":[-1.8002194,53.1992116]}},{"type":"Feature","properties":{"id":1067,"z":107.66,"code":"GRD"},"geometry":{"type":"Point","coordinates":[-1.8001668,53.1992302]}},{"type":"Feature","properties":{"id":1068,"z":107.7,"code":"GRD"},"geometry":{"type":"Point","coordinates":[-1.8001145,53.1992296]}},{"type":"Feature","properties":{"id":1069,"z":107.85,"code":"GRD"},"geometry":{"type":"Point","coordinates":[-1.800052,53.1992172]}},{"type":"Feature","properties":{"id":1070,"z":108.05,"code":"GRD"},"geometry":{"type":"Point","coordinates":[-1.7999926,53.1992246]}},{"type":"Feature","properties":{"id":1071,"z":108.35,"code":"GRD"},"geometry":{"type":"Point","coordinates":[-1.7999275,53.1992076]}},{"type":"Feature","properties":{"id":1072,"z":108.52,"code":"GRD"},"geometry":{"type":"Point","coordinates":[-1.7998536,53.1992083]}},{"type":"Feature","properties":{"id":1073,"z":108.83,"code":"GRD"},"geometry":{"type":"Point","coordinates":[-1.799789,53.1992175]}},{"type":"Feature","properties":{"id":1074,"z":109.06,"code":"GRD"},"geometry":{"type":"Point","coordinates":[-1.7997496,53.1992188]}},{"type":"Feature","properties":{"id":1075,"z":109.29,"code":"GRD"},"geometry":{"type":"Point","coordinates":[-1.7996825,53.1992204]}},{"type":"Feature","properties":{"id":1076,"z":109.43,"code":"GRD"},"geometry":{"type":"Point","coordinates":[-1.7996103,53.1992153]}},{"type":"Feature","properties":{"id":1077,"z":109.53,"code":"GRD"},"geometry":{"type":"Point","coordinates":[-1.799555,53.1992296]}},{"type":"Feature","properties":{"id":1078,"z":109.6,"code":"GRD"},"geometry":{"type":"Point","coordinates":[-1.7994852,53.1992271]}},{"type":"Feature","properties":{"id":1079,"z":109.44,"code":"GRD"},"geometry":{"type":"Point","coordinates":[-1.7994299,53.1992083]}},{"type":"Feature","properties":{"id":1080,"z":104.93,"code":"BLDG"},"geometry":{"type":"Point","coordinates":[-1.7993362,53.1992088]}},{"type":"Feature","properties":{"id":1081,"z":104.99,"code":"BLDG"},"geometry":{"type":"Point","coordinates":[-1.7993052,53.1992177]}},{"type":"Feature","properties":{"id":1082,"z":104.96,"code":"BLDG"},"geometry":{"type":"Point","coordinates":[-1.7992403,53.1992194]}},{"type":"Feature","properties":{"id":1083,"z":105.02,"code":"BLDG"},"geometry":{"type":"Point","coordinates":[-1.7991759,53.199216]}},{"type":"Feature","properties":{"id":1084,"z":105.04,"code":"BLDG"},"geometry":{"type":"Point","coordinates":[-1.7991127,53.1992091]}},{"type":"Feature","properties":{"id":1085,"z":105.14,"code":"BLDG"},"geometry":{"type":"Point","coordinates":[-1.7990372,53.1992283]}},{"type":"Feature","properties":{"id":1086,"z":105.0,"code":"BLDG"},"geometry":{"type":"Point","coordinates":[-1.7989946,53.1992296]}},{"type":"Feature","properties":{"id":1087,"z":105.1,"code":"BLDG"},"geometry":{"type":"Point","coordinates":[-1.7989083,53.1992232]}},{"type":"Feature","properties":{"id":1088,"z":105.12,"code":"BLDG"},"geometry":{"type":"Point","coordinates":[-1.7988597,53.1992248]}},{"type":"Feature","properties":{"id":1089,"z":105.14,"code":"BLDG"},"geometry":{"type":"Point","coordinates":[-1.798805,53.1992158]}},{"type":"Feature","properties":{"id":1090,"z":105.15,"code":"BLDG"},"geometry":{"type":"Point","coordinates":[-1.7987216,53.1992132]}},{"type":"Feature","properties":{"id":1091,"z":105.15,"code":"BLDG"},"geometry":{"type":"Point","coordinates":[-1.798656,53.1992118]}},{"type":"Feature","properties":{"id":1092,"z":105.17,"code":"BLDG"},"geometry":{"type":"Point","coordinates":[-1.7985923,53.1992256]}},{"type":"Feature","properties":{"id":1093,"z":105.17,"code":"BLDG"},"geometry":{"type":"Point","coordinates":[-1.798544,53.199221]}},{"type":"Feature","properties":{"id":1094,"z":105.74,"code":"GRD"},"geometry":{"type":"Point","coordinates":[-1.7984501,53.1992069]}},{"type":"Feature","properties":{"id":1095,"z":105.9,"code":"GRD"},"geometry":{"type":"Point","coordinates":[-1.7983942,53.1992145]}},{"type":"Feature","properties":{"id":1096,"z":106.18,"code":"GRD"},"geometry":{"type":"Point","coordinates":[-1.7983314,53.1992175]}},{"type":"Feature","properties":{"id":1097,"z":106.48,"code":"GRD"},"geometry":{"type":"Point","coordinates":[-1.7982629,53.1992163]}},{"type":"Feature","properties":{"id":1098,"z":106.68,"code":"GRD"},"geometry":{"type":"Point","coordinates":[-1.7982223,53.1992081]}},{"type":"Feature","properties":{"id":1099,"z":107.06,"code":"GRD"},"geometry":{"type":"Point","coordinates":[-1.798148,53.1992097]}},{"type":"Feature","properties":{"id":1100,"z":107.19,"code":"GRD"},"geometry":{"type":"Point","coordinates":[-1.798099,53.1992094]}},{"type":"Feature","properties":{"id":1101,"z":107.42,"code":"GRD"},"geometry":{"type":"Point","coordinates":[-1.7980366,53.1992304]}},{"type":"Feature","properties":{"id":1102,"z":107.53,"code":"GRD"},"geometry":{"type":"Point","coordinates":[-1.7979456,53.1992258]}},{"type":"Feature","properties":{"id":1103,"z":107.61,"code":"GRD"},"geometry":{"type":"Point","coordinates":[-1.7978918,53.1992287]}},{"type":"Feature","properties":{"id":1104,"z":107.56,"code":"GRD"},"geometry":{"type":"Point","coordinates":[-1.79783,53.1992219]}},{"type":"Feature","properties":{"id":1105,"z":107.45,"code":"GRD"},"geometry":{"type":"Point","coordinates":[-1.797763,53.1992257]}},{"type":"Feature","properties":{"id":1106,"z":107.58,"code":"GRD"},"geometry":{"type":"Point","coordinates":[-1.8021928,53.1992477]}},{"type":"Feature","properties":{"id":1107,"z":106.97,"code":"GRD"},"geometry":{"type":"Point","coordinates":[-1.8021132,53.199247]}},{"type":"Feature","properties":{"id":1108,"z":106.72,"code":"GRD"},"geometry":{"type":"Point","coordinates":[-1.8020467,53.1992672]}},{"type":"Feature","properties":{"id":1109,"z":106.33,"code":"GRD"},"geometry":{"type":"Point","coordinates":[-1.8019835,53.1992638]}},{"type":"Feature","properties":{"id":1110,"z":106.18,"code":"GRD"},"geometry":{"type":"Point","coordinates":[-1.8019307,53.1992546]}},{"type":"Feature","properties":{"id":1111,"z":105.94,"code":"GRD"},"geometry":{"type":"Point","coordinates":[-1.801856,53.1992511]}},{"type":"Feature","properties":{"id":1112,"z":106.03,"code":"GRD"},"geometry":{"type":"Point","coordinates":[-1.8017892,53.199257]}},{"type":"Feature","properties":{"id":1113,"z":106.12,"code":"GRD"},"geometry":{"type":"Point","coordinates":[-1.8017259,53.1992634]}},{"type":"Feature","properties":{"id":1114,"z":106.21,"code":"GRD"},"geometry":{"type":"Point","coordinates":[-1.801693,53.1992647]}},{"type":"Feature","properties":{"id":1115,"z":106.4,"code":"GRD"},"geometry":{"type":"Point","coordinates":[-1.8016214,53.1992496]}},{"type":"Feature","properties":{"id":1116,"z":106.66,"code":"GRD"},"geometry":{"type":"Point","coordinates":[-1.8015569,53.1992665]}},{"type":"Feature","properties":{"id":1117,"z":106.9,"code":"GRD"},"geometry":{"type":"Point","coordinates":[-1.8014982,53.1992633]}},{"type":"Feature","properties":{"id":1118,"z":107.5,"code":"GRD"},"geometry":{"type":"Point","coordinates":[-1.8014183,53.1992608]}},{"type":"Feature","properties":{"id":1119,"z":107.92,"code":"GRD"},"geometry":{"type":"Point","coordinates":[-1.8013716,53.1992458]}},{"type":"Feature","properties":{"id":1120,"z":108.21,"code":"GRD"},"geometry":{"type":"Point","coordinates":[-1.8012983,53.1992647]}},{"type":"Feature","properties":{"id":1121,"z":108.88,"code":"GRD"},"geometry":{"type":"Point","coordinates":[-1.8012276,53.1992636]}},{"type":"Feature","properties":{"id":1122,"z":109.26,"code":"GRD"},"geometry":{"type":"Point","coordinates":[-1.8011995,53.1992559]}},{"type":"Feature","properties":{"id":1123,"z":110.13,"code":"GRD"},"geometry":{"type":"Point","coordinates":[-1.8011026,53.1992542]}},{"type":"Feature","properties":{"id":1124,"z":110.49,"code":"GRD"},"geometry":{"type":"Point","coordinates":[-1.8010483,53.1992551]}},{"type":"Feature","properties":{"id":1125,"z":110.64,"code":"GRD"},"geometry":{"type":"Point","coordinates":[-1.8009959,53.1992649]}},{"type":"Feature","properties":{"id":1126,"z":111.07,"code":"GRD"},"geometry":{"type":"Point","coordinates":[-1.8009218,53.199251]}},{"type":"Feature","properties":{"id":1127,"z":110.98,"code":"GRD"},"geometry":{"type":"Point","coordinates":[-1.8008553,53.1992547]}},{"type":"Feature","properties":{"id":1128,"z":110.78,"code":"GRD"},"geometry":{"type":"Point","coordinates":[-1.800794,53.1992639]}},{"type":"Feature","properties":{"id":1129,"z":110.6,"code":"GRD"},"geometry":{"type":"Point","coordinates":[-1.8007571,53.1992643]}},{"type":"Feature","properties":{"id":1130,"z":110.17,"code":"GRD"},"geometry":{"type":"Point","coordinates":[-1.8006881,53.1992505]}},{"type":"Feature","properties":{"id":1131,"z":109.66,"code":"GRD"},"geometry":{"type":"Point","coordinates":[-1.8006234,53.199266]}},{"type":"Feature","properties":{"id":1132,"z":109.05,"code":"GRD"},"geometry":{"type":"Point","coordinates":[-1.8005442,53.1992661]}},{"type":"Feature","properties":{"id":1133,"z":108.6,"code":"GRD"},"geometry":{"type":"Point","coordinates":[-1.8004667,53.1992564]}},{"type":"Feature","properties":{"id":1134,"z":108.22,"code":"GRD"},"geometry":{"type":"Point","coordinates":[-1.8004024,53.1992484]}},{"type":"Feature","properties":{"id":1135,"z":107.99,"code":"GRD"},"geometry":{"type":"Point","coordinates":[-1.8003588,53.1992436]}},{"type":"Feature","properties":{"id":1136,"z":107.74,"code":"GRD"},"geometry":{"type":"Point","coordinates":[-1.8003106,53.1992674]}},{"type":"Feature","properties":{"id":1137,"z":107.69,"code":"GRD"},"geometry":{"type":"Point","coordinates":[-1.8002444,53.1992525]}},{"type":"Feature","properties":{"id":1138,"z":107.64,"code":"GRD"},"geometry":{"type":"Point","coordinates":[-1.8001877,53.1992575]}},{"type":"Feature","properties":{"id":1139,"z":107.61,"code":"GRD"},"geometry":{"type":"Point","coordinates":[-1.8001132,53.199267]}},{"type":"Feature","properties":{"id":1140,"z":107.9,"code":"GRD"},"geometry":{"type":"Point","coordinates":[-1.8000285,53.1992604]}},{"type":"Feature","properties":{"id":1141,"z":108.02,"code":"GRD"},"geometry":{"type":"Point","coordinates":[-1.7999844,53.1992677]}},{"type":"Feature","properties":{"id":1142,"z":108.21,"code":"GRD"},"geometry":{"type":"Point","coordinates":[-1.7999248,53.1992603]}},{"type":"Feature","properties":{"id":1143,"z":108.52,"code":"GRD"},"geometry":{"type":"Point","coordinates":[-1.7998551,53.1992606]}},{"type":"Feature","properties":{"id":1144,"z":108.84,"code":"GRD"},"geometry":{"type":"Point","coordinates":[-1.799776,53.1992562]}},{"type":"Feature","properties":{"id":1145,"z":109.11,"code":"GRD"},"geometry":{"type":"Point","coordinates":[-1.7997487,53.1992646]}},{"type":"Feature","properties":{"id":1146,"z":109.29,"code":"GRD"},"geometry":{"type":"Point","coordinates":[-1.7996594,53.1992576]}},{"type":"Feature","properties":{"id":1147,"z":109.56,"code":"GRD"},"geometry":{"type":"Point","coordinates":[-1.7995877,53.199262]}},{"type":"Feature","properties":{"id":1148,"z":109.58,"code":"GRD"},"geometry":{"type":"Point","coordinates":[-1.7995306,53.1992445]}},{"type":"Feature","properties":{"id":1149,"z":109.61,"code":"GRD"},"geometry":{"type":"Point","coordinates":[-1.7994591,53.199266]}},{"type":"Feature","properties":{"id":1150,"z":109.54,"code":"GRD"},"geometry":{"type":"Point","coordinates":[-1.7994301,53.1992584]}},{"type":"Feature","properties":{"id":1151,"z":104.97,"code":"BLDG"},"geometry":{"type":"Point","coordinates":[-1.7993567,53.1992624]}},{"type":"Feature","properties":{"id":1152,"z":104.99,"code":"BLDG"},"geometry":{"type":"Point","coordinates":[-1.7992832,53.1992507]}},{"type":"Feature","properties":{"id":1153,"z":104.97,"code":"BLDG"},"geometry":{"type":"Point","coordinates":[-1.7992243,53.1992542]}},{"type":"Feature","properties":{"id":1154,"z":105.05,"code":"BLDG"},"geometry":{"type":"Point","coordinates":[-1.7991431,53.1992599]}},{"type":"Feature","properties":{"id":1155,"z":104.98,"code":"BLDG"},"geometry":{"type":"Point","coordinates":[-1.7991052,53.1992678]}},{"type":"Feature","properties":{"id":1156,"z":105.06,"code":"BLDG"},"geometry":{"type":"Point","coordinates":[-1.7990284,53.199261]}},{"type":"Feature","properties":{"id":1157,"z":105.1,"code":"BLDG"},"geometry":{"type":"Point","coordinates":[-1.7989711,53.1992644]}},{"type":"Feature","properties":{"id":1158,"z":105.12,"code":"BLDG"},"geometry":{"type":"Point","coordinates":[-1.7988989,53.1992524]}},{"type":"Feature","properties":{"id":1159,"z":105.15,"code":"BLDG"},"geometry":{"type":"Point","coordinates":[-1.7988324,53.1992477]}},{"type":"Feature","properties":{"id":1160,"z":105.12,"code":"BLDG"},"geometry":{"type":"Point","coordinates":[-1.7987753,53.1992479]}},{"type":"Feature","properties":{"id":1161,"z":105.15,"code":"BLDG"},"geometry":{"type":"Point","coordinates":[-1.7987308,53.1992533]}},{"type":"Feature","properties":{"id":1162,"z":105.18,"code":"BLDG"},"geometry":{"type":"Point","coordinates":[-1.7986397,53.1992678]}},{"type":"Feature","properties":{"id":1163,"z":105.21,"code":"BLDG"},"geometry":{"type":"Point","coordinates":[-1.7985777,53.1992486]}},{"type":"Feature","properties":{"id":1164,"z":105.21,"code":"BLDG"},"geometry":{"type":"Point","coordinates":[-1.7985409,53.1992546]}},{"type":"Feature","properties":{"id":1165,"z":105.6,"code":"GRD"},"geometry":{"type":"Point","coordinates":[-1.7984748,53.1992533]}},{"type":"Feature","properties":{"id":1166,"z":105.9,"code":"GRD"},"geometry":{"type":"Point","coordinates":[-1.7983879,53.1992503]}},{"type":"Feature","properties":{"id":1167,"z":106.11,"code":"GRD"},"geometry":{"type":"Point","coordinates":[-1.7983465,53.1992647]}},{"type":"Feature","properties":{"id":1168,"z":106.35,"code":"GRD"},"geometry":{"type":"Point","coordinates":[-1.7982757,53.1992632]}},{"type":"Feature","properties":{"id":1169,"z":106.73,"code":"GRD"},"geometry":{"type":"Point","coordinates":[-1.7982077,53.1992554]}},{"type":"Feature","properties":{"id":1170,"z":106.96,"code":"GRD"},"geometry":{"type":"Point","coordinates":[-1.798153,53.1992605]}},{"type":"Feature","properties":{"id":1171,"z":107.16,"code":"GRD"},"geometry":{"type":"Point","coordinates":[-1.7980982,53.1992667]}},{"type":"Feature","properties":{"id":1172,"z":107.41,"code":"GRD"},"geometry":{"type":"Point","coordinates":[-1.7980283,53.1992509]}},{"type":"Feature","properties":{"id":1173,"z":107.56,"code":"GRD"},"geometry":{"type":"Point","coordinates":[-1.7979551,53.1992447]}},{"type":"Feature","properties":{"id":1174,"z":107.58,"code":"GRD"},"geometry":{"type":"Point","coordinates":[-1.7978898,53.1992579]}},{"type":"Feature","properties":{"id":1175,"z":107.68,"code":"GRD"},"geometry":{"type":"Point","coordinates":[-1.7978504,53.1992497]}},{"type":"Feature","properties":{"id":1176,"z":107.52,"code":"GRD"},"geometry":{"type":"Point","coordinates":[-1.7977956,53.1992574]}},{"type":"Feature","properties":{"id":1177,"z":107.75,"code":"GRD"},"geometry":{"type":"Point","coordinates":[-1.8022028,53.1992891]}},{"type":"Feature","properties":{"id":1178,"z":107.61,"code":"GRD"},"geometry":{"type":"Point","coordinates":[-1.8021174,53.1993057]}},{"type":"Feature","properties":{"id":1179,"z":106.98,"code":"GRD"},"geometry":{"type":"Point","coordinates":[-1.802049,53.1992913]}},{"type":"Feature","properties":{"id":1180,"z":106.92,"code":"GRD"},"geometry":{"type":"Point","coordinates":[-1.801979,53.1993]}},{"type":"Feature","properties":{"id":1181,"z":106.61,"code":"GRD"},"geometry":{"type":"Point","coordinates":[-1.8019217,53.1992901]}},{"type":"Feature","properties":{"id":1182,"z":106.77,"code":"GRD"},"geometry":{"type":"Point","coordinates":[-1.8018847,53.1993033]}},{"type":"Feature","properties":{"id":1183,"z":106.77,"code":"GRD"},"geometry":{"type":"Point","coordinates":[-1.8018014,53.199304]}},{"type":"Feature","properties":{"id":1184,"z":106.52,"code":"GRD"},"geometry":{"type":"Point","coordinates":[-1.801761,53.1992899]}},{"type":"Feature","properties":{"id":1185,"z":106.9,"code":"GRD"},"geometry":{"type":"Point","coordinates":[-1.8016825,53.1993028]}},{"type":"Feature","properties":{"id":1186,"z":106.85,"code":"GRD"},"geometry":{"type":"Point","coordinates":[-1.8016125,53.1992959]}},{"type":"Feature","properties":{"id":1187,"z":107.2,"code":"GRD"},"geometry":{"type":"Point","coordinates":[-1.8015661,53.1993026]}},{"type":"Feature","properties":{"id":1188,"z":107.46,"code":"GRD"},"geometry":{"type":"Point","coordinates":[-1.8014815,53.1993024]}},{"type":"Feature","properties":{"id":1189,"z":107.56,"code":"GRD"},"geometry":{"type":"Point","coordinates":[-1.80142,53.1992939]}},{"type":"Feature","properties":{"id":1190,"z":107.87,"code":"GRD"},"geometry":{"type":"Point","coordinates":[-1.8013509,53.199304]}},{"type":"Feature","properties":{"id":1191,"z":107.97,"code":"GRD"},"geometry":{"type":"Point","coordinates":[-1.8012984,53.1993035]}},{"type":"Feature","properties":{"id":1192,"z":108.2,"code":"GRD"},"geometry":{"type":"Point","coordinates":[-1.8012572,53.1992991]}},{"type":"Feature","properties":{"id":1193,"z":108.74,"code":"GRD"},"geometry":{"type":"Point","coordinates":[-1.8011882,53.199283]}},{"type":"Feature","properties":{"id":1194,"z":108.98,"code":"GRD"},"geometry":{"type":"Point","coordinates":[-1.8011114,53.1993021]}},{"type":"Feature","properties":{"id":1195,"z":109.76,"code":"GRD"},"geometry":{"type":"Point","coordinates":[-1.8010643,53.1992837]}},{"type":"Feature","properties":{"id":1196,"z":109.78,"code":"GRD"},"geometry":{"type":"Point","coordinates":[-1.8009824,53.1993059]}},{"type":"Feature","properties":{"id":1197,"z":110.57,"code":"GRD"},"geometry":{"type":"Point","coordinates":[-1.8009184,53.1992832]}},{"type":"Feature","properties":{"id":1198,"z":110.69,"code":"GRD"},"geometry":{"type":"Point","coordinates":[-1.8008496,53.1992895]}},{"type":"Feature","properties":{"id":1199,"z":110.63,"code":"GRD"},"geometry":{"type":"Point","coordinates":[-1.800816,53.1992883]}},{"type":"Feature","properties":{"id":1200,"z":110.37,"code":"GRD"},"geometry":{"type":"Point","coordinates":[-1.8007563,53.1992926]}},{"type":"Feature","properties":{"id":1201,"z":110.08,"code":"GRD"},"geometry":{"type":"Point","coordinates":[-1.8006942,53.1993022]}},{"type":"Feature","properties":{"id":1202,"z":109.69,"code":"GRD"},"geometry":{"type":"Point","coordinates":[-1.8006282,53.199287]}},{"type":"Feature","properties":{"id":1203,"z":109.17,"code":"GRD"},"geometry":{"type":"Point","coordinates":[-1.800556,53.1992956]}},{"type":"Feature","properties":{"id":1204,"z":108.81,"code":"GRD"},"geometry":{"type":"Point","coordinates":[-1.8004977,53.1993013]}},{"type":"Feature","properties":{"id":1205,"z":108.32,"code":"GRD"},"geometry":{"type":"Point","coordinates":[-1.8004099,53.1992949]}},{"type":"Feature","properties":{"id":1206,"z":108.14,"code":"GRD"},"geometry":{"type":"Point","coordinates":[-1.8003796,53.1993009]}},{"type":"Feature","properties":{"id":1207,"z":107.78,"code":"GRD"},"geometry":{"type":"Point","coordinates":[-1.8003001,53.1992829]}},{"type":"Feature","properties":{"id":1208,"z":107.59,"code":"GRD"},"geometry":{"type":"Point","coordinates":[-1.8002285,53.1992996]}},{"type":"Feature","properties":{"id":1209,"z":107.57,"code":"GRD"},"geometry":{"type":"Point","coordinates":[-1.8001704,53.1992962]}},{"type":"Feature","properties":{"id":1210,"z":107.7,"code":"GRD"},"geometry":{"type":"Point","coordinates":[-1.8001195,53.1993032]}},{"type":"Feature","properties":{"id":1211,"z":107.84,"code":"GRD"},"geometry":{"type":"Point","coordinates":[-1.8000256,53.1992896]}},{"type":"Feature","properties":{"id":1212,"z":108.05,"code":"GRD"},"geometry":{"type":"Point","coordinates":[-1.7999616,53.1992831]}},{"type":"Feature","properties":{"id":1213,"z":108.24,"code":"GRD"},"geometry":{"type":"Point","coordinates":[-1.799921,53.1992985]}},{"type":"Feature","properties":{"id":1214,"z":108.56,"code":"GRD"},"geometry":{"type":"Point","coordinates":[-1.7998473,53.1992928]}},{"type":"Feature","properties":{"id":1215,"z":108.83,"code":"GRD"},"geometry":{"type":"Point","coordinates":[-1.7997971,53.1992885]}},{"type":"Feature","properties":{"id":1216,"z":109.0,"code":"GRD"},"geometry":{"type":"Point","coordinates":[-1.7997429,53.1992999]}},{"type":"Feature","properties":{"id":1217,"z":109.28,"code":"GRD"},"geometry":{"type":"Point","coordinates":[-1.7996798,53.1992991]}},{"type":"Feature","properties":{"id":1218,"z":109.42,"code":"GRD"},"geometry":{"type":"Point","coordinates":[-1.7996168,53.199288]}},{"type":"Feature","properties":{"id":1219,"z":109.59,"code":"GRD"},"geometry":{"type":"Point","coordinates":[-1.7995213,53.1993002]}},{"type":"Feature","properties":{"id":1220,"z":109.58,"code":"GRD"},"geometry":{"type":"Point","coordinates":[-1.7994593,53.1993045]}},{"type":"Feature","properties":{"id":1221,"z":109.5,"code":"GRD"},"geometry":{"type":"Point","coordinates":[-1.7994335,53.1992865]}},{"type":"Feature","properties":{"id":1222,"z":104.96,"code":"BLDG"},"geometry":{"type":"Point","coordinates":[-1.7993726,53.1993031]}},{"type":"Feature","properties":{"id":1223,"z":104.93,"code":"BLDG"},"geometry":{"type":"Point","coordinates":[-1.7992991,53.1992903]}},{"type":"Feature","properties":{"id":1224,"z":105.04,"code":"BLDG"},"geometry":{"type":"Point","coordinates":[-1.7992403,53.1992973]}},{"type":"Feature","properties":{"id":1225,"z":105.02,"code":"BLDG"},"geometry":{"type":"Point","coordinates":[-1.7991823,53.1992858]}},{"type":"Feature","properties":{"id":1226,"z":105.05,"code":"BLDG"},"geometry":{"type":"Point","coordinates":[-1.7991063,53.199304]}},{"type":"Feature","properties":{"id":1227,"z":105.01,"code":"BLDG"},"geometry":{"type":"Point","coordinates":[-1.7990539,53.199284]}},{"type":"Feature","properties":{"id":1228,"z":104.95,"code":"BLDG"},"geometry":{"type":"Point","coordinates":[-1.7989888,53.1993009]}},{"type":"Feature","properties":{"id":1229,"z":105.12,"code":"BLDG"},"geometry":{"type":"Point","coordinates":[-1.798894,53.1993013]}},{"type":"Feature","properties":{"id":1230,"z":105.12,"code":"BLDG"},"geometry":{"type":"Point","coordinates":[-1.7988493,53.199302]}},{"type":"Feature","properties":{"id":1231,"z":105.14,"code":"BLDG"},"geometry":{"type":"Point","coordinates":[-1.7987826,53.1992941]}},{"type":"Feature","properties":{"id":1232,"z":105.22,"code":"BLDG"},"geometry":{"type":"Point","coordinates":[-1.7987345,53.1992877]}},{"type":"Feature","properties":{"id":1233,"z":105.17,"code":"BLDG"},"geometry":{"type":"Point","coordinates":[-1.7986505,53.1993051]}},{"type":"Feature","properties":{"id":1234,"z":105.18,"code":"BLDG"},"geometry":{"type":"Point","coordinates":[-1.7985762,53.1992923]}},{"type":"Feature","properties":{"id":1235,"z":105.16,"code":"BLDG"},"geometry":{"type":"Point","coordinates":[-1.7985203,53.1993025]}},{"type":"Feature","properties":{"id":1236,"z":105.5,"code":"GRD"},"geometry":{"type":"Point","coordinates":[-1.7984858,53.1992817]}},{"type":"Feature","properties":{"id":1237,"z":105.77,"code":"GRD"},"geometry":{"type":"Point","coordinates":[-1.7984125,53.1992816]}},{"type":"Feature","properties":{"id":1238,"z":106.04,"code":"GRD"},"geometry":{"type":"Point","coordinates":[-1.7983305,53.1993011]}},{"type":"Feature","properties":{"id":1239,"z":106.38,"code":"GRD"},"geometry":{"type":"Point","coordinates":[-1.7982651,53.1992948]}},{"type":"Feature","properties":{"id":1240,"z":106.47,"code":"GRD"},"geometry":{"type":"Point","coordinates":[-1.7982365,53.1992895]}},{"type":"Feature","properties":{"id":1241,"z":106.86,"code":"GRD"},"geometry":{"type":"Point","coordinates":[-1.7981561,53.1992974]}},{"type":"Feature","properties":{"id":1242,"z":107.18,"code":"GRD"},"geometry":{"type":"Point","coordinates":[-1.7981048,53.1992875]}},{"type":"Feature","properties":{"id":1243,"z":107.34,"code":"GRD"},"geometry":{"type":"Point","coordinates":[-1.7980461,53.1992962]}},{"type":"Feature","properties":{"id":1244,"z":107.49,"code":"GRD"},"geometry":{"type":"Point","coordinates":[-1.7979822,53.1992864]}},{"type":"Feature","properties":{"id":1245,"z":107.64,"code":"GRD"},"geometry":{"type":"Point","coordinates":[-1.7978978,53.1992991]}},{"type":"Feature","properties":{"id":1246,"z":107.6,"code":"GRD"},"geometry":{"type":"Point","coordinates":[-1.7978431,53.1992831]}},{"type":"Feature","properties":{"id":1247,"z":107.45,"code":"GRD"},"geometry":{"type":"Point","coordinates":[-1.7977788,53.1992914]}},{"type":"Feature","properties":{"id":1248,"z":109.1,"code":"GRD"},"geometry":{"type":"Point","coordinates":[-1.8022422,53.199337]}},{"type":"Feature","properties":{"id":1249,"z":108.65,"code":"GRD"},"geometry":{"type":"Point","coordinates":[-1.8021784,53.1993309]}},{"type":"Feature","properties":{"id":1250,"z":108.67,"code":"GRD"},"geometry":{"type":"Point","coordinates":[-1.8021385,53.1993419]}},{"type":"Feature","properties":{"id":1251,"z":108.41,"code":"GRD"},"geometry":{"type":"Point","coordinates":[-1.8020715,53.1993439]}},{"type":"Feature","properties":{"id":1252,"z":107.8,"code":"GRD"},"geometry":{"type":"Point","coordinates":[-1.8020089,53.1993289]}},{"type":"Feature","properties":{"id":1253,"z":107.72,"code":"GRD"},"geometry":{"type":"Point","coordinates":[-1.8019289,53.1993377]}},{"type":"Feature","properties":{"id":1254,"z":107.36,"code":"GRD"},"geometry":{"type":"Point","coordinates":[-1.8018909,53.1993214]}},{"type":"Feature","properties":{"id":1255,"z":107.2,"code":"GRD"},"geometry":{"type":"Point","coordinates":[-1.8018279,53.1993203]}},{"type":"Feature","properties":{"id":1256,"z":107.85,"code":"GRD"},"geometry":{"type":"Point","coordinates":[-1.8017565,53.1993425]}},{"type":"Feature","properties":{"id":1257,"z":107.84,"code":"GRD"},"geometry":{"type":"Point","coordinates":[-1.8016645,53.1993351]}},{"type":"Feature","properties":{"id":1258,"z":107.66,"code":"GRD"},"geometry":{"type":"Point","coordinates":[-1.801602,53.1993257]}},{"type":"Feature","properties":{"id":1259,"z":107.7,"code":"GRD"},"geometry":{"type":"Point","coordinates":[-1.8015458,53.1993217]}},{"type":"Feature","properties":{"id":1260,"z":108.29,"code":"GRD"},"geometry":{"type":"Point","coordinates":[-1.8014738,53.1993369]}},{"type":"Feature","properties":{"id":1261,"z":108.26,"code":"GRD"},"geometry":{"type":"Point","coordinates":[-1.8014448,53.199332]}},{"type":"Feature","properties":{"id":1262,"z":108.53,"code":"GRD"},"geometry":{"type":"Point","coordinates":[-1.8013842,53.1993389]}},{"type":"Feature","properties":{"id":1263,"z":108.49,"code":"GRD"},"geometry":{"type":"Point","coordinates":[-1.8013256,53.1993405]}},{"type":"Feature","properties":{"id":1264,"z":108.48,"code":"GRD"},"geometry":{"type":"Point","coordinates":[-1.8012393,53.1993397]}},{"type":"Feature","properties":{"id":1265,"z":108.54,"code":"GRD"},"geometry":{"type":"Point","coordinates":[-1.8011747,53.1993392]}},{"type":"Feature","properties":{"id":1266,"z":108.59,"code":"GRD"},"geometry":{"type":"Point","coordinates":[-1.8011335,53.1993204]}},{"type":"Feature","properties":{"id":1267,"z":108.99,"code":"GRD"},"geometry":{"type":"Point","coordinates":[-1.8010571,53.1993193]}},{"type":"Feature","properties":{"id":1268,"z":109.48,"code":"GRD"},"geometry":{"type":"Point","coordinates":[-1.8009795,53.1993197]}},{"type":"Feature","properties":{"id":1269,"z":109.63,"code":"GRD"},"geometry":{"type":"Point","coordinates":[-1.8009285,53.1993222]}},{"type":"Feature","properties":{"id":1270,"z":109.97,"code":"GRD"},"geometry":{"type":"Point","coordinates":[-1.8008575,53.1993243]}},{"type":"Feature","properties":{"id":1271,"z":110.02,"code":"GRD"},"geometry":{"type":"Point","coordinates":[-1.8007808,53.1993328]}},{"type":"Feature","properties":{"id":1272,"z":110.15,"code":"GRD"},"geometry":{"type":"Point","coordinates":[-1.800744,53.1993214]}},{"type":"Feature","properties":{"id":1273,"z":109.78,"code":"GRD"},"geometry":{"type":"Point","coordinates":[-1.8006602,53.1993216]}},{"type":"Feature","properties":{"id":1274,"z":109.6,"code":"GRD"},"geometry":{"type":"Point","coordinates":[-1.8006174,53.1993267]}},{"type":"Feature","properties":{"id":1275,"z":109.11,"code":"GRD"},"geometry":{"type":"Point","coordinates":[-1.8005444,53.1993437]}},{"type":"Feature","properties":{"id":1276,"z":108.68,"code":"GRD"},"geometry":{"type":"Point","coordinates":[-1.8004746,53.1993193]}},{"type":"Feature","properties":{"id":1277,"z":108.34,"code":"GRD"},"geometry":{"type":"Point","coordinates":[-1.8004148,53.1993341]}},{"type":"Feature","properties":{"id":1278,"z":108.0,"code":"GRD"},"geometry":{"type":"Point","coordinates":[-1.8003591,53.1993305]}},{"type":"Feature","properties":{"id":1279,"z":107.85,"code":"GRD"},"geometry":{"type":"Point","coordinates":[-1.8002907,53.1993421]}},{"type":"Feature","properties":{"id":1280,"z":107.74,"code":"GRD"},"geometry":{"type":"Point","coordinates":[-1.8002242,53.1993391]}},{"type":"Feature","properties":{"id":1281,"z":107.57,"code":"GRD"},"geometry":{"type":"Point","coordinates":[-1.8001619,53.1993199]}},{"type":"Feature","properties":{"id":1282,"z":107.62,"code":"GRD"},"geometry":{"type":"Point","coordinates":[-1.8001004,53.1993405]}},{"type":"Feature","properties":{"id":1283,"z":107.82,"code":"GRD"},"geometry":{"type":"Point","coordinates":[-1.8000584,53.1993428]}},{"type":"Feature","properties":{"id":1284,"z":107.99,"code":"GRD"},"geometry":{"type":"Point","coordinates":[-1.7999845,53.1993369]}},{"type":"Feature","properties":{"id":1285,"z":108.25,"code":"GRD"},"geometry":{"type":"Point","coordinates":[-1.7999254,53.1993272]}},{"type":"Feature","properties":{"id":1286,"z":108.51,"code":"GRD"},"geometry":{"type":"Point","coordinates":[-1.7998731,53.1993302]}},{"type":"Feature","properties":{"id":1287,"z":108.88,"code":"GRD"},"geometry":{"type":"Point","coordinates":[-1.7997749,53.1993383]}},{"type":"Feature","properties":{"id":1288,"z":109.12,"code":"GRD"},"geometry":{"type":"Point","coordinates":[-1.7997159,53.1993441]}},{"type":"Feature","properties":{"id":1289,"z":109.24,"code":"GRD"},"geometry":{"type":"Point","coordinates":[-1.7996776,53.1993295]}},{"type":"Feature","properties":{"id":1290,"z":109.5,"code":"GRD"},"geometry":{"type":"Point","coordinates":[-1.7996242,53.1993249]}},{"type":"Feature","properties":{"id":1291,"z":109.48,"code":"GRD"},"geometry":{"type":"Point","coordinates":[-1.7995483,53.1993385]}},{"type":"Feature","properties":{"id":1292,"z":109.55,"code":"GRD"},"geometry":{"type":"Point","coordinates":[-1.7994666,53.1993415]}},{"type":"Feature","properties":{"id":1293,"z":109.44,"code":"GRD"},"geometry":{"type":"Point","coordinates":[-1.7994317,53.1993398]}},{"type":"Feature","properties":{"id":1294,"z":104.94,"code":"BLDG"},"geometry":{"type":"Point","coordinates":[-1.79936,53.1993349]}},{"type":"Feature","properties":{"id":1295,"z":105.03,"code":"BLDG"},"geometry":{"type":"Point","coordinates":[-1.7992696,53.1993231]}},{"type":"Feature","properties":{"id":1296,"z":104.92,"code":"BLDG"},"geometry":{"type":"Point","coordinates":[-1.7992249,53.1993354]}},{"type":"Feature","properties":{"id":1297,"z":105.0,"code":"BLDG"},"geometry":{"type":"Point","coordinates":[-1.7991671,53.1993421]}},{"type":"Feature","properties":{"id":1298,"z":105.07,"code":"BLDG"},"geometry":{"type":"Point","coordinates":[-1.7990923,53.1993434]}},{"type":"Feature","properties":{"id":1299,"z":105.07,"code":"BLDG"},"geometry":{"type":"Point","coordinates":[-1.7990462,53.1993419]}},{"type":"Feature","properties":{"id":1300,"z":105.04,"code":"BLDG"},"geometry":{"type":"Point","coordinates":[-1.7989947,53.1993256]}},{"type":"Feature","properties":{"id":1301,"z":104.97,"code":"BLDG"},"geometry":{"type":"Point","coordinates":[-1.7989249,53.1993301]}},{"type":"Feature","properties":{"id":1302,"z":105.11,"code":"BLDG"},"geometry":{"type":"Point","coordinates":[-1.7988404,53.1993365]}},{"type":"Feature","properties":{"id":1303,"z":105.05,"code":"BLDG"},"geometry":{"type":"Point","coordinates":[-1.7987959,53.1993255]}},{"type":"Feature","properties":{"id":1304,"z":105.14,"code":"BLDG"},"geometry":{"type":"Point","coordinates":[-1.7987422,53.1993365]}},{"type":"Feature","properties":{"id":1305,"z":105.19,"code":"BLDG"},"geometry":{"type":"Point","coordinates":[-1.7986398,53.1993353]}},{"type":"Feature","properties":{"id":1306,"z":105.13,"code":"BLDG"},"geometry":{"type":"Point","coordinates":[-1.7985925,53.1993356]}},{"type":"Feature","properties":{"id":1307,"z":105.15,"code":"BLDG"},"geometry":{"type":"Point","coordinates":[-1.7985416,53.1993207]}},{"type":"Feature","properties":{"id":1308,"z":105.43,"code":"GRD"},"geometry":{"type":"Point","coordinates":[-1.7984886,53.1993194]}},{"type":"Feature","properties":{"id":1309,"z":105.65,"code":"GRD"},"geometry":{"type":"Point","coordinates":[-1.7984237,53.1993315]}},{"type":"Feature","properties":{"id":1310,"z":106.03,"code":"GRD"},"geometry":{"type":"Point","coordinates":[-1.7983247,53.1993364]}},{"type":"Feature","properties":{"id":1311,"z":106.27,"code":"GRD"},"geometry":{"type":"Point","coordinates":[-1.798295,53.1993216]}},{"type":"Feature","properties":{"id":1312,"z":106.52,"code":"GRD"},"geometry":{"type":"Point","coordinates":[-1.7982267,53.1993294]}},{"type":"Feature","properties":{"id":1313,"z":106.89,"code":"GRD"},"geometry":{"type":"Point","coordinates":[-1.7981459,53.1993215]}},{"type":"Feature","properties":{"id":1314,"z":107.23,"code":"GRD"},"geometry":{"type":"Point","coordinates":[-1.7980743,53.1993277]}},{"type":"Feature","properties":{"id":1315,"z":107.41,"code":"GRD"},"geometry":{"type":"Point","coordinates":[-1.7980157,53.1993248]}},{"type":"Feature","properties":{"id":1316,"z":107.5,"code":"GRD"},"geometry":{"type":"Point","coordinates":[-1.7979516,53.1993393]}},{"type":"Feature","properties":{"id":1317,"z":107.55,"code":"GRD"},"geometry":{"type":"Point","coordinates":[-1.7979241,53.1993239]}},{"type":"Feature","properties":{"id":1318,"z":107.5,"code":"GRD"},"geometry":{"type":"Point","coordinates":[-1.7978235,53.1993231]}},{"type":"Feature","properties":{"id":1319,"z":107.36,"code":"GRD"},"geometry":{"type":"Point","coordinates":[-1.7977708,53.1993236]}},{"type":"Feature","properties":{"id":1320,"z":109.4,"code":"GRD"},"geometry":{"type":"Point","coordinates":[-1.8021662,53.1993664]}},{"type":"Feature","properties":{"id":1321,"z":109.04,"code":"GRD"},"geometry":{"type":"Point","coordinates":[-1.8021351,53.1993584]}},{"type":"Feature","properties":{"id":1322,"z":109.35,"code":"GRD"},"geometry":{"type":"Point","coordinates":[-1.8020809,53.1993783]}},{"type":"Feature","properties":{"id":1323,"z":108.98,"code":"GRD"},"geometry":{"type":"Point","coordinates":[-1.8020032,53.199375]}},{"type":"Feature","properties":{"id":1324,"z":108.79,"code":"GRD"},"geometry":{"type":"Point","coordinates":[-1.8019497,53.1993766]}},{"type":"Feature","properties":{"id":1325,"z":108.31,"code":"GRD"},"geometry":{"type":"Point","coordinates":[-1.8018706,53.1993596]}},{"type":"Feature","properties":{"id":1326,"z":108.64,"code":"GRD"},"geometry":{"type":"Point","coordinates":[-1.8018191,53.1993768]}},{"type":"Feature","properties":{"id":1327,"z":108.42,"code":"GRD"},"geometry":{"type":"Point","coordinates":[-1.8017344,53.1993624]}},{"type":"Feature","properties":{"id":1328,"z":108.41,"code":"GRD"},"geometry":{"type":"Point","coordinates":[-1.8016954,53.1993623]}},{"type":"Feature","properties":{"id":1329,"z":108.8,"code":"GRD"},"geometry":{"type":"Point","coordinates":[-1.8016137,53.1993687]}},{"type":"Feature","properties":{"id":1330,"z":108.66,"code":"GRD"},"geometry":{"type":"Point","coordinates":[-1.8015411,53.1993581]}},{"type":"Feature","properties":{"id":1331,"z":108.7,"code":"GRD"},"geometry":{"type":"Point","coordinates":[-1.8015048,53.1993575]}},{"type":"Feature","properties":{"id":1332,"z":108.9,"code":"GRD"},"geometry":{"type":"Point","coordinates":[-1.8014332,53.1993597]}},{"type":"Feature","properties":{"id":1333,"z":109.04,"code":"GRD"},"geometry":{"type":"Point","coordinates":[-1.8013847,53.1993598]}},{"type":"Feature","properties":{"id":1334,"z":109.06,"code":"GRD"},"geometry":{"type":"Point","coordinates":[-1.8013055,53.1993612]}},{"type":"Feature","properties":{"id":1335,"z":108.97,"code":"GRD"},"geometry":{"type":"Point","coordinates":[-1.8012577,53.1993585]}},{"type":"Feature","properties":{"id":1336,"z":109.03,"code":"GRD"},"geometry":{"type":"Point","coordinates":[-1.8011845,53.1993686]}},{"type":"Feature","properties":{"id":1337,"z":108.71,"code":"GRD"},"geometry":{"type":"Point","coordinates":[-1.8011337,53.1993624]}},{"type":"Feature","properties":{"id":1338,"z":108.65,"code":"GRD"},"geometry":{"type":"Point","coordinates":[-1.8010425,53.199371]}},{"type":"Feature","properties":{"id":1339,"z":108.59,"code":"GRD"},"geometry":{"type":"Point","coordinates":[-1.8009747,53.1993596]}},{"type":"Feature","properties":{"id":1340,"z":108.67,"code":"GRD"},"geometry":{"type":"Point","coordinates":[-1.8009081,53.19937]}},{"type":"Feature","properties":{"id":1341,"z":109.13,"code":"GRD"},"geometry":{"type":"Point","coordinates":[-1.8008485,53.1993622]}},{"type":"Feature","properties":{"id":1342,"z":109.25,"code":"GRD"},"geometry":{"type":"Point","coordinates":[-1.8008183,53.1993635]}},{"type":"Feature","properties":{"id":1343,"z":109.59,"code":"GRD"},"geometry":{"type":"Point","coordinates":[-1.8007281,53.1993587]}},{"type":"Feature","properties":{"id":1344,"z":109.55,"code":"GRD"},"geometry":{"type":"Point","coordinates":[-1.8006768,53.1993648]}},{"type":"Feature","properties":{"id":1345,"z":109.52,"code":"GRD"},"geometry":{"type":"Point","coordinates":[-1.8006177,53.1993598]}},{"type":"Feature","properties":{"id":1346,"z":109.03,"code":"GRD"},"geometry":{"type":"Point","coordinates":[-1.8005285,53.1993689]}},{"type":"Feature","properties":{"id":1347,"z":108.77,"code":"GRD"},"geometry":{"type":"Point","coordinates":[-1.8004795,53.1993698]}},{"type":"Feature","properties":{"id":1348,"z":108.56,"code":"GRD"},"geometry":{"type":"Point","coordinates":[-1.8004429,53.1993686]}},{"type":"Feature","properties":{"id":1349,"z":108.16,"code":"GRD"},"geometry":{"type":"Point","coordinates":[-1.8003711,53.1993694]}},{"type":"Feature","properties":{"id":1350,"z":107.97,"code":"GRD"},"geometry":{"type":"Point","coordinates":[-1.8002925,53.1993732]}},{"type":"Feature","properties":{"id":1351,"z":107.83,"code":"GRD"},"geometry":{"type":"Point","coordinates":[-1.8002152,53.1993754]}},{"type":"Feature","properties":{"id":1352,"z":107.73,"code":"GRD"},"geometry":{"type":"Point","coordinates":[-1.800156,53.1993661]}},{"type":"Feature","properties":{"id":1353,"z":107.73,"code":"GRD"},"geometry":{"type":"Point","coordinates":[-1.8001194,53.1993718]}},{"type":"Feature","properties":{"id":1354,"z":107.89,"code":"GRD"},"geometry":{"type":"Point","coordinates":[-1.8000281,53.1993589]}},{"type":"Feature","properties":{"id":1355,"z":108.03,"code":"GRD"},"geometry":{"type":"Point","coordinates":[-1.7999846,53.1993603]}},{"type":"Feature","properties":{"id":1356,"z":108.14,"code":"GRD"},"geometry":{"type":"Point","coordinates":[-1.799932,53.1993756]}},{"type":"Feature","properties":{"id":1357,"z":108.46,"code":"GRD"},"geometry":{"type":"Point","coordinates":[-1.7998602,53.1993739]}},{"type":"Feature","properties":{"id":1358,"z":108.7,"code":"GRD"},"geometry":{"type":"Point","coordinates":[-1.7998135,53.1993807]}},{"type":"Feature","properties":{"id":1359,"z":109.06,"code":"GRD"},"geometry":{"type":"Point","coordinates":[-1.7997296,53.1993807]}},{"type":"Feature","properties":{"id":1360,"z":109.19,"code":"GRD"},"geometry":{"type":"Point","coordinates":[-1.7996674,53.1993818]}},{"type":"Feature","properties":{"id":1361,"z":109.42,"code":"GRD"},"geometry":{"type":"Point","coordinates":[-1.7995901,53.1993619]}},{"type":"Feature","properties":{"id":1362,"z":109.5,"code":"GRD"},"geometry":{"type":"Point","coordinates":[-1.7995201,53.1993683]}},{"type":"Feature","properties":{"id":1363,"z":109.58,"code":"GRD"},"geometry":{"type":"Point","coordinates":[-1.7994856,53.199367]}},{"type":"Feature","properties":{"id":1364,"z":109.41,"code":"GRD"},"geometry":{"type":"Point","coordinates":[-1.7994217,53.1993736]}},{"type":"Feature","properties":{"id":1365,"z":104.97,"code":"BLDG"},"geometry":{"type":"Point","coordinates":[-1.7993664,53.1993776]}},{"type":"Feature","properties":{"id":1366,"z":104.98,"code":"BLDG"},"geometry":{"type":"Point","coordinates":[-1.7993102,53.1993721]}},{"type":"Feature","properties":{"id":1367,"z":105.05,"code":"BLDG"},"geometry":{"type":"Point","coordinates":[-1.7992236,53.1993747]}},{"type":"Feature","properties":{"id":1368,"z":105.09,"code":"BLDG"},"geometry":{"type":"Point","coordinates":[-1.7991784,53.1993629]}},{"type":"Feature","properties":{"id":1369,"z":105.11,"code":"BLDG"},"geometry":{"type":"Point","coordinates":[-1.799115,53.1993603]}},{"type":"Feature","properties":{"id":1370,"z":105.07,"code":"BLDG"},"geometry":{"type":"Point","coordinates":[-1.7990363,53.1993714]}},{"type":"Feature","properties":{"id":1371,"z":105.06,"code":"BLDG"},"geometry":{"type":"Point","coordinates":[-1.7989854,53.199361]}},{"type":"Feature","properties":{"id":1372,"z":105.02,"code":"BLDG"},"geometry":{"type":"Point","coordinates":[-1.7989077,53.1993682]}},{"type":"Feature","properties":{"id":1373,"z":105.15,"code":"BLDG"},"geometry":{"type":"Point","coordinates":[-1.7988415,53.1993784]}},{"type":"Feature","properties":{"id":1374,"z":105.17,"code":"BLDG"},"geometry":{"type":"Point","coordinates":[-1.7987661,53.1993636]}},{"type":"Feature","properties":{"id":1375,"z":105.12,"code":"BLDG"},"geometry":{"type":"Point","coordinates":[-1.7987411,53.1993798]}},{"type":"Feature","properties":{"id":1376,"z":105.15,"code":"BLDG"},"geometry":{"type":"Point","coordinates":[-1.798676,53.1993572]}},{"type":"Feature","properties":{"id":1377,"z":105.21,"code":"BLDG"},"geometry":{"type":"Point","coordinates":[-1.7985767,53.1993787]}},{"type":"Feature","properties":{"id":1378,"z":105.23,"code":"BLDG"},"geometry":{"type":"Point","coordinates":[-1.7985367,53.1993701]}},{"type":"Feature","properties":{"id":1379,"z":105.45,"code":"GRD"},"geometry":{"type":"Point","coordinates":[-1.7984639,53.1993697]}},{"type":"Feature","properties":{"id":1380,"z":105.6,"code":"GRD"},"geometry":{"type":"Point","coordinates":[-1.7984235,53.1993629]}},{"type":"Feature","properties":{"id":1381,"z":105.95,"code":"GRD"},"geometry":{"type":"Point","coordinates":[-1.7983318,53.1993794]}},{"type":"Feature","properties":{"id":1382,"z":106.4,"code":"GRD"},"geometry":{"type":"Point","coordinates":[-1.798262,53.1993617]}},{"type":"Feature","properties":{"id":1383,"z":106.59,"code":"GRD"},"geometry":{"type":"Point","coordinates":[-1.7982155,53.1993614]}},{"type":"Feature","properties":{"id":1384,"z":106.86,"code":"GRD"},"geometry":{"type":"Point","coordinates":[-1.7981474,53.1993632]}},{"type":"Feature","properties":{"id":1385,"z":107.1,"code":"GRD"},"geometry":{"type":"Point","coordinates":[-1.7980915,53.1993738]}},{"type":"Feature","properties":{"id":1386,"z":107.17,"code":"GRD"},"geometry":{"type":"Point","coordinates":[-1.7980474,53.1993755]}},{"type":"Feature","properties":{"id":1387,"z":107.36,"code":"GRD"},"geometry":{"type":"Point","coordinates":[-1.7979593,53.1993769]}},{"type":"Feature","properties":{"id":1388,"z":107.43,"code":"GRD"},"geometry":{"type":"Point","coordinates":[-1.7979241,53.1993688]}},{"type":"Feature","properties":{"id":1389,"z":107.39,"code":"GRD"},"geometry":{"type":"Point","coordinates":[-1.7978343,53.1993613]}},{"type":"Feature","properties":{"id":1390,"z":107.22,"code":"GRD"},"geometry":{"type":"Point","coordinates":[-1.7977583,53.1993766]}},{"type":"Feature","properties":{"id":1391,"z":110.47,"code":"GRD"},"geometry":{"type":"Point","coordinates":[-1.8022302,53.1993997]}},{"type":"Feature","properties":{"id":1392,"z":110.5,"code":"GRD"},"geometry":{"type":"Point","coordinates":[-1.8021903,53.1994187]}},{"type":"Feature","properties":{"id":1393,"z":109.87,"code":"GRD"},"geometry":{"type":"Point","coordinates":[-1.8021136,53.1994036]}},{"type":"Feature","properties":{"id":1394,"z":109.79,"code":"GRD"},"geometry":{"type":"Point","coordinates":[-1.8020536,53.1994138]}},{"type":"Feature","properties":{"id":1395,"z":109.44,"code":"GRD"},"geometry":{"type":"Point","coordinates":[-1.8020095,53.1994012]}},{"type":"Feature","properties":{"id":1396,"z":109.17,"code":"GRD"},"geometry":{"type":"Point","coordinates":[-1.801954,53.199398]}},{"type":"Feature","properties":{"id":1397,"z":109.29,"code":"GRD"},"geometry":{"type":"Point","coordinates":[-1.8018893,53.1994092]}},{"type":"Feature","properties":{"id":1398,"z":109.2,"code":"GRD"},"geometry":{"type":"Point","coordinates":[-1.80179,53.1994091]}},{"type":"Feature","properties":{"id":1399,"z":109.17,"code":"GRD"},"geometry":{"type":"Point","coordinates":[-1.8017482,53.199399]}},{"type":"Feature","properties":{"id":1400,"z":109.16,"code":"GRD"},"geometry":{"type":"Point","coordinates":[-1.8016833,53.199395]}},{"type":"Feature","properties":{"id":1401,"z":109.69,"code":"GRD"},"geometry":{"type":"Point","coordinates":[-1.8016251,53.1994187]}},{"type":"Feature","properties":{"id":1402,"z":109.89,"code":"GRD"},"geometry":{"type":"Point","coordinates":[-1.8015454,53.1994156]}},{"type":"Feature","properties":{"id":1403,"z":110.13,"code":"GRD"},"geometry":{"type":"Point","coordinates":[-1.801485,53.1994188]}},{"type":"Feature","properties":{"id":1404,"z":110.2,"code":"GRD"},"geometry":{"type":"Point","coordinates":[-1.8014434,53.1994138]}},{"type":"Feature","properties":{"id":1405,"z":110.32,"code":"GRD"},"geometry":{"type":"Point","coordinates":[-1.8013542,53.1994097]}},{"type":"Feature","properties":{"id":1406,"z":110.42,"code":"GRD"},"geometry":{"type":"Point","coordinates":[-1.80129,53.1994166]}},{"type":"Feature","properties":{"id":1407,"z":110.19,"code":"GRD"},"geometry":{"type":"Point","coordinates":[-1.8012621,53.199408]}},{"type":"Feature","properties":{"id":1408,"z":109.69,"code":"GRD"},"geometry":{"type":"Point","coordinates":[-1.8011692,53.1994014]}},{"type":"Feature","properties":{"id":1409,"z":109.73,"code":"GRD"},"geometry":{"type":"Point","coordinates":[-1.8011294,53.199412]}},{"type":"Feature","properties":{"id":1410,"z":109.07,"code":"GRD"},"geometry":{"type":"Point","coordinates":[-1.8010736,53.1994003]}},{"type":"Feature","properties":{"id":1411,"z":108.5,"code":"GRD"},"geometry":{"type":"Point","coordinates":[-1.8009693,53.199395]}},{"type":"Feature","properties":{"id":1412,"z":108.44,"code":"GRD"},"geometry":{"type":"Point","coordinates":[-1.800943,53.199418]}},{"type":"Feature","properties":{"id":1413,"z":108.15,"code":"GRD"},"geometry":{"type":"Point","coordinates":[-1.8008707,53.1994077]}},{"type":"Feature","properties":{"id":1414,"z":108.23,"code":"GRD"},"geometry":{"type":"Point","coordinates":[-1.8008084,53.199405]}},{"type":"Feature","properties":{"id":1415,"z":108.66,"code":"GRD"},"geometry":{"type":"Point","coordinates":[-1.8007565,53.1993966]}},{"type":"Feature","properties":{"id":1416,"z":108.89,"code":"GRD"},"geometry":{"type":"Point","coordinates":[-1.800689,53.1993968]}},{"type":"Feature","properties":{"id":1417,"z":108.74,"code":"GRD"},"geometry":{"type":"Point","coordinates":[-1.8006218,53.1994145]}},{"type":"Feature","properties":{"id":1418,"z":108.93,"code":"GRD"},"geometry":{"type":"Point","coordinates":[-1.8005393,53.1994031]}},{"type":"Feature","properties":{"id":1419,"z":108.73,"code":"GRD"},"geometry":{"type":"Point","coordinates":[-1.8004679,53.1994086]}},{"type":"Feature","properties":{"id":1420,"z":108.61,"code":"GRD"},"geometry":{"type":"Point","coordinates":[-1.8004417,53.1993984]}},{"type":"Feature","properties":{"id":1421,"z":108.21,"code":"GRD"},"geometry":{"type":"Point","coordinates":[-1.8003508,53.1994003]}},{"type":"Feature","properties":{"id":1422,"z":108.14,"code":"GRD"},"geometry":{"type":"Point","coordinates":[-1.8002844,53.1994147]}},{"type":"Feature","properties":{"id":1423,"z":108.02,"code":"GRD"},"geometry":{"type":"Point","coordinates":[-1.8002469,53.1994123]}},{"type":"Feature","properties":{"id":1424,"z":107.91,"code":"GRD"},"geometry":{"type":"Point","coordinates":[-1.8001582,53.1994144]}},{"type":"Feature","properties":{"id":1425,"z":107.92,"code":"GRD"},"geometry":{"type":"Point","coordinates":[-1.8001011,53.1994088]}},{"type":"Feature","properties":{"id":1426,"z":107.9,"code":"GRD"},"geometry":{"type":"Point","coordinates":[-1.8000602,53.1993994]}},{"type":"Feature","properties":{"id":1427,"z":108.11,"code":"GRD"},"geometry":{"type":"Point","coordinates":[-1.7999764,53.1994006]}},{"type":"Feature","properties":{"id":1428,"z":108.21,"code":"GRD"},"geometry":{"type":"Point","coordinates":[-1.7999292,53.1994052]}},{"type":"Feature","properties":{"id":1429,"z":108.45,"code":"GRD"},"geometry":{"type":"Point","coordinates":[-1.7998757,53.1994128]}},{"type":"Feature","properties":{"id":1430,"z":108.68,"code":"GRD"},"geometry":{"type":"Point","coordinates":[-1.7998048,53.1994019]}},{"type":"Feature","properties":{"id":1431,"z":108.92,"code":"GRD"},"geometry":{"type":"Point","coordinates":[-1.7997253,53.1994172]}},{"type":"Feature","properties":{"id":1432,"z":109.11,"code":"GRD"},"geometry":{"type":"Point","coordinates":[-1.7996795,53.1994024]}},{"type":"Feature","properties":{"id":1433,"z":109.25,"code":"GRD"},"geometry":{"type":"Point","coordinates":[-1.7996185,53.1994002]}},{"type":"Feature","properties":{"id":1434,"z":109.28,"code":"GRD"},"geometry":{"type":"Point","coordinates":[-1.7995297,53.1994153]}},{"type":"Feature","properties":{"id":1435,"z":109.23,"code":"GRD"},"geometry":{"type":"Point","coordinates":[-1.7994658,53.1994023]}},{"type":"Feature","properties":{"id":1436,"z":109.27,"code":"GRD"},"geometry":{"type":"Point","coordinates":[-1.7994229,53.1994127]}},{"type":"Feature","properties":{"id":1437,"z":104.99,"code":"BLDG"},"geometry":{"type":"Point","coordinates":[-1.7993694,53.1993958]}},{"type":"Feature","properties":{"id":1438,"z":105.06,"code":"BLDG"},"geometry":{"type":"Point","coordinates":[-1.7992886,53.1993983]}},{"type":"Feature","properties":{"id":1439,"z":104.97,"code":"BLDG"},"geometry":{"type":"Point","coordinates":[-1.7992278,53.1993995]}},{"type":"Feature","properties":{"id":1440,"z":104.98,"code":"BLDG"},"geometry":{"type":"Point","coordinates":[-1.7991792,53.1994073]}},{"type":"Feature","properties":{"id":1441,"z":105.04,"code":"BLDG"},"geometry":{"type":"Point","coordinates":[-1.7990911,53.1994079]}},{"type":"Feature","properties":{"id":1442,"z":105.1,"code":"BLDG"},"geometry":{"type":"Point","coordinates":[-1.7990257,53.1993972]}},{"type":"Feature","properties":{"id":1443,"z":105.09,"code":"BLDG"},"geometry":{"type":"Point","coordinates":[-1.7989749,53.1994009]}},{"type":"Feature","properties":{"id":1444,"z":105.07,"code":"BLDG"},"geometry":{"type":"Point","coordinates":[-1.7989042,53.1994001]}},{"type":"Feature","properties":{"id":1445,"z":105.15,"code":"BLDG"},"geometry":{"type":"Point","coordinates":[-1.7988394,53.1994139]}},{"type":"Feature","properties":{"id":1446,"z":105.21,"code":"BLDG"},"geometry":{"type":"Point","coordinates":[-1.7987907,53.1994058]}},{"type":"Feature","properties":{"id":1447,"z":105.1,"code":"BLDG"},"geometry":{"type":"Point","coordinates":[-1.7987173,53.1993972]}},{"type":"Feature","properties":{"id":1448,"z":105.16,"code":"BLDG"},"geometry":{"type":"Point","coordinates":[-1.7986612,53.1994106]}},{"type":"Feature","properties":{"id":1449,"z":105.19,"code":"BLDG"},"geometry":{"type":"Point","coordinates":[-1.7985761,53.1994174]}},{"type":"Feature","properties":{"id":1450,"z":105.16,"code":"BLDG"},"geometry":{"type":"Point","coordinates":[-1.7985489,53.1994063]}},{"type":"Feature","properties":{"id":1451,"z":105.5,"code":"GRD"},"geometry":{"type":"Point","coordinates":[-1.7984885,53.1994134]}},{"type":"Feature","properties":{"id":1452,"z":105.79,"code":"GRD"},"geometry":{"type":"Point","coordinates":[-1.798396,53.1994055]}},{"type":"Feature","properties":{"id":1453,"z":105.91,"code":"GRD"},"geometry":{"type":"Point","coordinates":[-1.7983615,53.1994188]}},{"type":"Feature","properties":{"id":1454,"z":106.12,"code":"GRD"},"geometry":{"type":"Point","coordinates":[-1.7983003,53.1994018]}},{"type":"Feature","properties":{"id":1455,"z":106.39,"code":"GRD"},"geometry":{"type":"Point","coordinates":[-1.798235,53.1993963]}},{"type":"Feature","properties":{"id":1456,"z":106.68,"code":"GRD"},"geometry":{"type":"Point","coordinates":[-1.7981696,53.1994079]}},{"type":"Feature","properties":{"id":1457,"z":106.87,"code":"GRD"},"geometry":{"type":"Point","coordinates":[-1.7981062,53.1994138]}},{"type":"Feature","properties":{"id":1458,"z":107.17,"code":"GRD"},"geometry":{"type":"Point","coordinates":[-1.7980326,53.199403]}},{"type":"Feature","properties":{"id":1459,"z":107.34,"code":"GRD"},"geometry":{"type":"Point","coordinates":[-1.7979467,53.1993975]}},{"type":"Feature","properties":{"id":1460,"z":107.34,"code":"GRD"},"geometry":{"type":"Point","coordinates":[-1.7979136,53.1994132]}},{"type":"Feature","properties":{"id":1461,"z":107.15,"code":"GRD"},"geometry":{"type":"Point","coordinates":[-1.7978417,53.1994186]}},{"type":"Feature","properties":{"id":1462,"z":107.09,"code":"GRD"},"geometry":{"type":"Point","coordinates":[-1.7977732,53.1994018]}},{"type":"Feature","properties":{"id":1463,"z":110.92,"code":"GRD"},"geometry":{"type":"Point","coordinates":[-1.8022396,53.1994355]}},{"type":"Feature","properties":{"id":1464,"z":110.9,"code":"GRD"},"geometry":{"type":"Point","coordinates":[-1.8021993,53.1994564]}},{"type":"Feature","properties":{"id":1465,"z":110.43,"code":"GRD"},"geometry":{"type":"Point","coordinates":[-1.8021302,53.1994385]}},{"type":"Feature","properties":{"id":1466,"z":110.19,"code":"GRD"},"geometry":{"type":"Point","coordinates":[-1.8020708,53.1994441]}},{"type":"Feature","properties":{"id":1467,"z":109.84,"code":"GRD"},"geometry":{"type":"Point","coordinates":[-1.8019826,53.1994403]}},{"type":"Feature","properties":{"id":1468,"z":109.84,"code":"GRD"},"geometry":{"type":"Point","coordinates":[-1.8019483,53.199451]}},{"type":"Feature","properties":{"id":1469,"z":109.79,"code":"GRD"},"geometry":{"type":"Point","coordinates":[-1.801875,53.1994529]}},{"type":"Feature","properties":{"id":1470,"z":109.78,"code":"GRD"},"geometry":{"type":"Point","coordinates":[-1.8017933,53.1994467]}},{"type":"Feature","properties":{"id":1471,"z":109.85,"code":"GRD"},"geometry":{"type":"Point","coordinates":[-1.8017411,53.1994549]}},{"type":"Feature","properties":{"id":1472,"z":109.91,"code":"GRD"},"geometry":{"type":"Point","coordinates":[-1.8016636,53.1994405]}},{"type":"Feature","properties":{"id":1473,"z":109.92,"code":"GRD"},"geometry":{"type":"Point","coordinates":[-1.8016294,53.1994415]}},{"type":"Feature","properties":{"id":1474,"z":110.19,"code":"GRD"},"geometry":{"type":"Point","coordinates":[-1.8015619,53.1994411]}},{"type":"Feature","properties":{"id":1475,"z":110.56,"code":"GRD"},"geometry":{"type":"Point","coordinates":[-1.8015051,53.1994551]}},{"type":"Feature","properties":{"id":1476,"z":110.78,"code":"GRD"},"geometry":{"type":"Point","coordinates":[-1.8014344,53.1994483]}},{"type":"Feature","properties":{"id":1477,"z":110.92,"code":"GRD"},"geometry":{"type":"Point","coordinates":[-1.8013784,53.1994554]}},{"type":"Feature","properties":{"id":1478,"z":111.13,"code":"GRD"},"geometry":{"type":"Point","coordinates":[-1.8012919,53.1994572]}},{"type":"Feature","properties":{"id":1479,"z":110.74,"code":"GRD"},"geometry":{"type":"Point","coordinates":[-1.8012285,53.1994386]}},{"type":"Feature","properties":{"id":1480,"z":110.7,"code":"GRD"},"geometry":{"type":"Point","coordinates":[-1.8011722,53.1994418]}},{"type":"Feature","properties":{"id":1481,"z":110.32,"code":"GRD"},"geometry":{"type":"Point","coordinates":[-1.8011141,53.1994407]}},{"type":"Feature","properties":{"id":1482,"z":109.76,"code":"GRD"},"geometry":{"type":"Point","coordinates":[-1.8010393,53.199441]}},{"type":"Feature","properties":{"id":1483,"z":108.88,"code":"GRD"},"geometry":{"type":"Point","coordinates":[-1.8009738,53.1994358]}},{"type":"Feature","properties":{"id":1484,"z":108.54,"code":"GRD"},"geometry":{"type":"Point","coordinates":[-1.8009084,53.199451]}},{"type":"Feature","properties":{"id":1485,"z":108.3,"code":"GRD"},"geometry":{"type":"Point","coordinates":[-1.8008828,53.1994542]}},{"type":"Feature","properties":{"id":1486,"z":107.69,"code":"GRD"},"geometry":{"type":"Point","coordinates":[-1.8007988,53.1994437]}},{"type":"Feature","properties":{"id":1487,"z":107.62,"code":"GRD"},"geometry":{"type":"Point","coordinates":[-1.800726,53.1994541]}},{"type":"Feature","properties":{"id":1488,"z":107.92,"code":"GRD"},"geometry":{"type":"Point","coordinates":[-1.8006868,53.1994408]}},{"type":"Feature","properties":{"id":1489,"z":108.45,"code":"GRD"},"geometry":{"type":"Point","coordinates":[-1.8006191,53.1994329]}},{"type":"Feature","properties":{"id":1490,"z":108.63,"code":"GRD"},"geometry":{"type":"Point","coordinates":[-1.8005364,53.199438]}},{"type":"Feature","properties":{"id":1491,"z":108.67,"code":"GRD"},"geometry":{"type":"Point","coordinates":[-1.8004758,53.1994373]}},{"type":"Feature","properties":{"id":1492,"z":108.62,"code":"GRD"},"geometry":{"type":"Point","coordinates":[-1.8004245,53.1994424]}},{"type":"Feature","properties":{"id":1493,"z":108.39,"code":"GRD"},"geometry":{"type":"Point","coordinates":[-1.8003679,53.1994482]}},{"type":"Feature","properties":{"id":1494,"z":108.3,"code":"GRD"},"geometry":{"type":"Point","coordinates":[-1.8002804,53.1994441]}},{"type":"Feature","properties":{"id":1495,"z":108.19,"code":"GRD"},"geometry":{"type":"Point","coordinates":[-1.8002419,53.1994542]}},{"type":"Feature","properties":{"id":1496,"z":107.96,"code":"GRD"},"geometry":{"type":"Point","coordinates":[-1.8001679,53.1994349]}},{"type":"Feature","properties":{"id":1497,"z":108.03,"code":"GRD"},"geometry":{"type":"Point","coordinates":[-1.8001072,53.1994444]}},{"type":"Feature","properties":{"id":1498,"z":108.15,"code":"GRD"},"geometry":{"type":"Point","coordinates":[-1.8000485,53.1994544]}},{"type":"Feature","properties":{"id":1499,"z":108.18,"code":"GRD"},"geometry":{"type":"Point","coordinates":[-1.7999878,53.1994414]}},{"type":"Feature","properties":{"id":1500,"z":108.49,"code":"GRD"},"geometry":{"type":"Point","coordinates":[-1.7998998,53.1994498]}},{"type":"Feature","properties":{"id":1501,"z":108.55,"code":"GRD"},"geometry":{"type":"Point","coordinates":[-1.7998756,53.1994471]}},{"type":"Feature","properties":{"id":1502,"z":108.7,"code":"GRD"},"geometry":{"type":"Point","coordinates":[-1.7997959,53.1994503]}},{"type":"Feature","properties":{"id":1503,"z":108.88,"code":"GRD"},"geometry":{"type":"Point","coordinates":[-1.7997291,53.1994529]}},{"type":"Feature","properties":{"id":1504,"z":109.08,"code":"GRD"},"geometry":{"type":"Point","coordinates":[-1.799655,53.1994412]}},{"type":"Feature","properties":{"id":1505,"z":109.24,"code":"GRD"},"geometry":{"type":"Point","coordinates":[-1.7995914,53.1994378]}},{"type":"Feature","properties":{"id":1506,"z":109.06,"code":"GRD"},"geometry":{"type":"Point","coordinates":[-1.799525,53.1994572]}},{"type":"Feature","properties":{"id":1507,"z":109.08,"code":"GRD"},"geometry":{"type":"Point","coordinates":[-1.7994693,53.1994557]}},{"type":"Feature","properties":{"id":1508,"z":109.06,"code":"GRD"},"geometry":{"type":"Point","coordinates":[-1.7994277,53.1994399]}},{"type":"Feature","properties":{"id":1509,"z":105.03,"code":"BLDG"},"geometry":{"type":"Point","coordinates":[-1.7993653,53.199446]}},{"type":"Feature","properties":{"id":1510,"z":105.05,"code":"BLDG"},"geometry":{"type":"Point","coordinates":[-1.7992892,53.1994491]}},{"type":"Feature","properties":{"id":1511,"z":105.09,"code":"BLDG"},"geometry":{"type":"Point","coordinates":[-1.7992052,53.1994464]}},{"type":"Feature","properties":{"id":1512,"z":105.07,"code":"BLDG"},"geometry":{"type":"Point","coordinates":[-1.7991508,53.1994369]}},{"type":"Feature","properties":{"id":1513,"z":105.02,"code":"BLDG"},"geometry":{"type":"Point","coordinates":[-1.7990893,53.1994541]}},{"type":"Feature","properties":{"id":1514,"z":105.06,"code":"BLDG"},"geometry":{"type":"Point","coordinates":[-1.799043,53.1994555]}},{"type":"Feature","properties":{"id":1515,"z":105.08,"code":"BLDG"},"geometry":{"type":"Point","coordinates":[-1.7989742,53.1994549]}},{"type":"Feature","properties":{"id":1516,"z":105.0,"code":"BLDG"},"geometry":{"type":"Point","coordinates":[-1.7988945,53.1994563]}},{"type":"Feature","properties":{"id":1517,"z":105.1,"code":"BLDG"},"geometry":{"type":"Point","coordinates":[-1.7988458,53.1994359]}},{"type":"Feature","properties":{"id":1518,"z":105.08,"code":"BLDG"},"geometry":{"type":"Point","coordinates":[-1.7987798,53.1994525]}},{"type":"Feature","properties":{"id":1519,"z":105.16,"code":"BLDG"},"geometry":{"type":"Point","coordinates":[-1.7987324,53.1994392]}},{"type":"Feature","properties":{"id":1520,"z":105.14,"code":"BLDG"},"geometry":{"type":"Point","coordinates":[-1.7986627,53.1994452]}},{"type":"Feature","properties":{"id":1521,"z":105.17,"code":"BLDG"},"geometry":{"type":"Point","coordinates":[-1.7986171,53.1994408]}},{"type":"Feature","properties":{"id":1522,"z":105.2,"code":"BLDG"},"geometry":{"type":"Point","coordinates":[-1.7985243,53.1994511]}},{"type":"Feature","properties":{"id":1523,"z":105.64,"code":"GRD"},"geometry":{"type":"Point","coordinates":[-1.7984697,53.1994367]}},{"type":"Feature","properties":{"id":1524,"z":105.82,"code":"GRD"},"geometry":{"type":"Point","coordinates":[-1.7984031,53.199455]}},{"type":"Feature","properties":{"id":1525,"z":106.05,"code":"GRD"},"geometry":{"type":"Point","coordinates":[-1.7983351,53.1994511]}},{"type":"Feature","properties":{"id":1526,"z":106.2,"code":"GRD"},"geometry":{"type":"Point","coordinates":[-1.7982725,53.1994501]}},{"type":"Feature","properties":{"id":1527,"z":106.57,"code":"GRD"},"geometry":{"type":"Point","coordinates":[-1.7982006,53.1994336]}},{"type":"Feature","properties":{"id":1528,"z":106.71,"code":"GRD"},"geometry":{"type":"Point","coordinates":[-1.7981368,53.1994434]}},{"type":"Feature","properties":{"id":1529,"z":106.84,"code":"GRD"},"geometry":{"type":"Point","coordinates":[-1.79808,53.1994493]}},{"type":"Feature","properties":{"id":1530,"z":106.86,"code":"GRD"},"geometry":{"type":"Point","coordinates":[-1.7980445,53.1994438]}},{"type":"Feature","properties":{"id":1531,"z":106.92,"code":"GRD"},"geometry":{"type":"Point","coordinates":[-1.7979734,53.1994515]}},{"type":"Feature","properties":{"id":1532,"z":107.16,"code":"GRD"},"geometry":{"type":"Point","coordinates":[-1.7979142,53.1994373]}},{"type":"Feature","properties":{"id":1533,"z":107.11,"code":"GRD"},"geometry":{"type":"Point","coordinates":[-1.7978356,53.1994399]}},{"type":"Feature","properties":{"id":1534,"z":107.04,"code":"GRD"},"geometry":{"type":"Point","coordinates":[-1.7977918,53.1994378]}},{"type":"Feature","properties":{"id":1535,"z":110.97,"code":"GRD"},"geometry":{"type":"Point","coordinates":[-1.8021997,53.1994821]}},{"type":"Feature","properties":{"id":1536,"z":110.6,"code":"GRD"},"geometry":{"type":"Point","coordinates":[-1.802126,53.1994945]}},{"type":"Feature","properties":{"id":1537,"z":110.37,"code":"GRD"},"geometry":{"type":"Point","coordinates":[-1.8020617,53.199475]}},{"type":"Feature","properties":{"id":1538,"z":110.16,"code":"GRD"},"geometry":{"type":"Point","coordinates":[-1.8019936,53.1994736]}},{"type":"Feature","properties":{"id":1539,"z":110.19,"code":"GRD"},"geometry":{"type":"Point","coordinates":[-1.8019261,53.1994943]}},{"type":"Feature","properties":{"id":1540,"z":109.97,"code":"GRD"},"geometry":{"type":"Point","coordinates":[-1.8018756,53.1994789]}},{"type":"Feature","properties":{"id":1541,"z":110.03,"code":"GRD"},"geometry":{"type":"Point","coordinates":[-1.8018005,53.1994799]}},{"type":"Feature","properties":{"id":1542,"z":110.14,"code":"GRD"},"geometry":{"type":"Point","coordinates":[-1.8017602,53.1994917]}},{"type":"Feature","properties":{"id":1543,"z":110.29,"code":"GRD"},"geometry":{"type":"Point","coordinates":[-1.8016679,53.1994883]}},{"type":"Feature","properties":{"id":1544,"z":110.42,"code":"GRD"},"geometry":{"type":"Point","coordinates":[-1.8016257,53.1994858]}},{"type":"Feature","properties":{"id":1545,"z":110.51,"code":"GRD"},"geometry":{"type":"Point","coordinates":[-1.8015594,53.1994775]}},{"type":"Feature","properties":{"id":1546,"z":110.83,"code":"GRD"},"geometry":{"type":"Point","coordinates":[-1.8014914,53.1994867]}},{"type":"Feature","properties":{"id":1547,"z":110.85,"code":"GRD"},"geometry":{"type":"Point","coordinates":[-1.8014455,53.1994792]}},{"type":"Feature","properties":{"id":1548,"z":111.25,"code":"GRD"},"geometry":{"type":"Point","coordinates":[-1.8013529,53.1994899]}},{"type":"Feature","properties":{"id":1549,"z":111.38,"code":"GRD"},"geometry":{"type":"Point","coordinates":[-1.8013114,53.1994938]}},{"type":"Feature","properties":{"id":1550,"z":111.41,"code":"GRD"},"geometry":{"type":"Point","coordinates":[-1.8012396,53.1994801]}},{"type":"Feature","properties":{"id":1551,"z":111.44,"code":"GRD"},"geometry":{"type":"Point","coordinates":[-1.801162,53.1994901]}},{"type":"Feature","properties":{"id":1552,"z":111.15,"code":"GRD"},"geometry":{"type":"Point","coordinates":[-1.8011356,53.1994781]}},{"type":"Feature","properties":{"id":1553,"z":111.02,"code":"GRD"},"geometry":{"type":"Point","coordinates":[-1.8010585,53.1994925]}},{"type":"Feature","properties":{"id":1554,"z":110.36,"code":"GRD"},"geometry":{"type":"Point","coordinates":[-1.8009961,53.1994834]}},{"type":"Feature","properties":{"id":1555,"z":109.37,"code":"GRD"},"geometry":{"type":"Point","coordinates":[-1.8009277,53.1994784]}},{"type":"Feature","properties":{"id":1556,"z":108.81,"code":"GRD"},"geometry":{"type":"Point","coordinates":[-1.8008685,53.1994853]}},{"type":"Feature","properties":{"id":1557,"z":107.91,"code":"GRD"},"geometry":{"type":"Point","coordinates":[-1.8008062,53.1994797]}},{"type":"Feature","properties":{"id":1558,"z":107.48,"code":"GRD"},"geometry":{"type":"Point","coordinates":[-1.8007436,53.199493]}},{"type":"Feature","properties":{"id":1559,"z":107.17,"code":"GRD"},"geometry":{"type":"Point","coordinates":[-1.8006819,53.1994907]}},{"type":"Feature","properties":{"id":1560,"z":107.29,"code":"GRD"},"geometry":{"type":"Point","coordinates":[-1.8006261,53.1994874]}},{"type":"Feature","properties":{"id":1561,"z":107.5,"code":"GRD"},"geometry":{"type":"Point","coordinates":[-1.8005674,53.1994903]}},{"type":"Feature","properties":{"id":1562,"z":108.21,"code":"GRD"},"geometry":{"type":"Point","coordinates":[-1.8005007,53.1994757]}},{"type":"Feature","properties":{"id":1563,"z":108.4,"code":"GRD"},"geometry":{"type":"Point","coordinates":[-1.8004131,53.1994881]}},{"type":"Feature","properties":{"id":1564,"z":108.41,"code":"GRD"},"geometry":{"type":"Point","coordinates":[-1.8003427,53.1994938]}},{"type":"Feature","properties":{"id":1565,"z":108.48,"code":"GRD"},"geometry":{"type":"Point","coordinates":[-1.8003142,53.1994933]}},{"type":"Feature","properties":{"id":1566,"z":108.35,"code":"GRD"},"geometry":{"type":"Point","coordinates":[-1.8002367,53.1994748]}},{"type":"Feature","properties":{"id":1567,"z":108.18,"code":"GRD"},"geometry":{"type":"Point","coordinates":[-1.8001758,53.1994723]}},{"type":"Feature","properties":{"id":1568,"z":108.24,"code":"GRD"},"geometry":{"type":"Point","coordinates":[-1.8000923,53.1994889]}},{"type":"Feature","properties":{"id":1569,"z":108.17,"code":"GRD"},"geometry":{"type":"Point","coordinates":[-1.8000644,53.1994714]}},{"type":"Feature","properties":{"id":1570,"z":108.28,"code":"GRD"},"geometry":{"type":"Point","coordinates":[-1.7999978,53.1994705]}},{"type":"Feature","properties":{"id":1571,"z":108.35,"code":"GRD"},"geometry":{"type":"Point","coordinates":[-1.7999353,53.1994741]}},{"type":"Feature","properties":{"id":1572,"z":108.5,"code":"GRD"},"geometry":{"type":"Point","coordinates":[-1.7998694,53.1994853]}},{"type":"Feature","properties":{"id":1573,"z":108.57,"code":"GRD"},"geometry":{"type":"Point","coordinates":[-1.7997989,53.1994946]}},{"type":"Feature","properties":{"id":1574,"z":108.8,"code":"GRD"},"geometry":{"type":"Point","coordinates":[-1.7997328,53.1994798]}},{"type":"Feature","properties":{"id":1575,"z":108.89,"code":"GRD"},"geometry":{"type":"Point","coordinates":[-1.7996472,53.199495]}},{"type":"Feature","properties":{"id":1576,"z":109.0,"code":"GRD"},"geometry":{"type":"Point","coordinates":[-1.7995955,53.1994744]}},{"type":"Feature","properties":{"id":1577,"z":108.94,"code":"GRD"},"geometry":{"type":"Point","coordinates":[-1.7995474,53.1994885]}},{"type":"Feature","properties":{"id":1578,"z":108.92,"code":"GRD"},"geometry":{"type":"Point","coordinates":[-1.7994967,53.1994833]}},{"type":"Feature","properties":{"id":1579,"z":108.76,"code":"GRD"},"geometry":{"type":"Point","coordinates":[-1.7994177,53.1994899]}},{"type":"Feature","properties":{"id":1580,"z":105.01,"code":"BLDG"},"geometry":{"type":"Point","coordinates":[-1.799349,53.1994814]}},{"type":"Feature","properties":{"id":1581,"z":104.95,"code":"BLDG"},"geometry":{"type":"Point","coordinates":[-1.799296,53.19948]}},{"type":"Feature","properties":{"id":1582,"z":105.06,"code":"BLDG"},"geometry":{"type":"Point","coordinates":[-1.7992076,53.1994916]}},{"type":"Feature","properties":{"id":1583,"z":104.99,"code":"BLDG"},"geometry":{"type":"Point","coordinates":[-1.7991782,53.1994744]}},{"type":"Feature","properties":{"id":1584,"z":105.11,"code":"BLDG"},"geometry":{"type":"Point","coordinates":[-1.7991051,53.1994874]}},{"type":"Feature","properties":{"id":1585,"z":105.06,"code":"BLDG"},"geometry":{"type":"Point","coordinates":[-1.7990252,53.1994829]}},{"type":"Feature","properties":{"id":1586,"z":105.02,"code":"BLDG"},"geometry":{"type":"Point","coordinates":[-1.798995,53.1994901]}},{"type":"Feature","properties":{"id":1587,"z":105.12,"code":"BLDG"},"geometry":{"type":"Point","coordinates":[-1.7989083,53.1994883]}},{"type":"Feature","properties":{"id":1588,"z":105.19,"code":"BLDG"},"geometry":{"type":"Point","coordinates":[-1.7988521,53.1994941]}},{"type":"Feature","properties":{"id":1589,"z":105.1,"code":"BLDG"},"geometry":{"type":"Point","coordinates":[-1.7987805,53.199478]}},{"type":"Feature","properties":{"id":1590,"z":105.2,"code":"BLDG"},"geometry":{"type":"Point","coordinates":[-1.7987275,53.1994768]}},{"type":"Feature","properties":{"id":1591,"z":105.12,"code":"BLDG"},"geometry":{"type":"Point","coordinates":[-1.7986472,53.1994907]}},{"type":"Feature","properties":{"id":1592,"z":105.15,"code":"BLDG"},"geometry":{"type":"Point","coordinates":[-1.7985757,53.1994873]}},{"type":"Feature","properties":{"id":1593,"z":105.25,"code":"BLDG"},"geometry":{"type":"Point","coordinates":[-1.7985433,53.1994854]}},{"type":"Feature","properties":{"id":1594,"z":105.73,"code":"GRD"},"geometry":{"type":"Point","coordinates":[-1.7984847,53.1994916]}},{"type":"Feature","properties":{"id":1595,"z":105.87,"code":"GRD"},"geometry":{"type":"Point","coordinates":[-1.7983896,53.1994721]}},{"type":"Feature","properties":{"id":1596,"z":106.09,"code":"GRD"},"geometry":{"type":"Point","coordinates":[-1.7983263,53.199489]}},{"type":"Feature","properties":{"id":1597,"z":106.23,"code":"GRD"},"geometry":{"type":"Point","coordinates":[-1.7982783,53.1994928]}},{"type":"Feature","properties":{"id":1598,"z":106.37,"code":"GRD"},"geometry":{"type":"Point","coordinates":[-1.7982148,53.1994807]}},{"type":"Feature","properties":{"id":1599,"z":106.57,"code":"GRD"},"geometry":{"type":"Point","coordinates":[-1.7981438,53.1994726]}},{"type":"Feature","properties":{"id":1600,"z":106.71,"code":"GRD"},"geometry":{"type":"Point","coordinates":[-1.7981019,53.1994729]}},{"type":"Feature","properties":{"id":1601,"z":106.79,"code":"GRD"},"geometry":{"type":"Point","coordinates":[-1.79802,53.1994765]}},{"type":"Feature","properties":{"id":1602,"z":106.86,"code":"GRD"},"geometry":{"type":"Point","coordinates":[-1.7979568,53.1994863]}},{"type":"Feature","properties":{"id":1603,"z":106.93,"code":"GRD"},"geometry":{"type":"Point","coordinates":[-1.7978942,53.1994754]}},{"type":"Feature","properties":{"id":1604,"z":106.78,"code":"GRD"},"geometry":{"type":"Point","coordinates":[-1.7978341,53.199477]}},{"type":"Feature","properties":{"id":1605,"z":106.63,"code":"GRD"},"geometry":{"type":"Point","coordinates":[-1.7977589,53.1994951]}},{"type":"Feature","properties":{"id":1606,"z":110.89,"code":"GRD"},"geometry":{"type":"Point","coordinates":[-1.8021735,53.1995268]}},{"type":"Feature","properties":{"id":1607,"z":110.87,"code":"GRD"},"geometry":{"type":"Point","coordinates":[-1.8021276,53.1995316]}},{"type":"Feature","properties":{"id":1608,"z":110.57,"code":"GRD"},"geometry":{"type":"Point","coordinates":[-1.8020616,53.1995107]}},{"type":"Feature","properties":{"id":1609,"z":110.36,"code":"GRD"},"geometry":{"type":"Point","coordinates":[-1.80199,53.1995091]}},{"type":"Feature","properties":{"id":1610,"z":110.37,"code":"GRD"},"geometry":{"type":"Point","coordinates":[-1.801914,53.1995213]}},{"type":"Feature","properties":{"id":1611,"z":110.29,"code":"GRD"},"geometry":{"type":"Point","coordinates":[-1.8018658,53.1995172]}},{"type":"Feature","properties":{"id":1612,"z":110.45,"code":"GRD"},"geometry":{"type":"Point","coordinates":[-1.8018191,53.1995282]}},{"type":"Feature","properties":{"id":1613,"z":110.46,"code":"GRD"},"geometry":{"type":"Point","coordinates":[-1.8017629,53.1995291]}},{"type":"Feature","properties":{"id":1614,"z":110.41,"code":"GRD"},"geometry":{"type":"Point","coordinates":[-1.8016661,53.1995086]}},{"type":"Feature","properties":{"id":1615,"z":110.72,"code":"GRD"},"geometry":{"type":"Point","coordinates":[-1.8016104,53.1995261]}},{"type":"Feature","properties":{"id":1616,"z":110.88,"code":"GRD"},"geometry":{"type":"Point","coordinates":[-1.8015632,53.1995312]}},{"type":"Feature","properties":{"id":1617,"z":111.02,"code":"GRD"},"geometry":{"type":"Point","coordinates":[-1.8014804,53.1995107]}},{"type":"Feature","properties":{"id":1618,"z":111.15,"code":"GRD"},"geometry":{"type":"Point","coordinates":[-1.8014438,53.1995203]}},{"type":"Feature","properties":{"id":1619,"z":111.45,"code":"GRD"},"geometry":{"type":"Point","coordinates":[-1.8013496,53.1995196]}},{"type":"Feature","properties":{"id":1620,"z":111.56,"code":"GRD"},"geometry":{"type":"Point","coordinates":[-1.8012927,53.199514]}},{"type":"Feature","properties":{"id":1621,"z":111.64,"code":"GRD"},"geometry":{"type":"Point","coordinates":[-1.8012246,53.1995231]}},{"type":"Feature","properties":{"id":1622,"z":111.64,"code":"GRD"},"geometry":{"type":"Point","coordinates":[-1.8011589,53.1995271]}},{"type":"Feature","properties":{"id":1623,"z":111.49,"code":"GRD"},"geometry":{"type":"Point","coordinates":[-1.8011008,53.1995189]}},{"type":"Feature","properties":{"id":1624,"z":111.54,"code":"GRD"},"geometry":{"type":"Point","coordinates":[-1.8010696,53.1995307]}},{"type":"Feature","properties":{"id":1625,"z":110.72,"code":"GRD"},"geometry":{"type":"Point","coordinates":[-1.8009795,53.1995136]}},{"type":"Feature","properties":{"id":1626,"z":110.66,"code":"GRD"},"geometry":{"type":"Point","coordinates":[-1.8009283,53.1995284]}},{"type":"Feature","properties":{"id":1627,"z":109.9,"code":"GRD"},"geometry":{"type":"Point","coordinates":[-1.800878,53.1995249]}},{"type":"Feature","properties":{"id":1628,"z":108.65,"code":"GRD"},"geometry":{"type":"Point","coordinates":[-1.8007985,53.1995179]}},{"type":"Feature","properties":{"id":1629,"z":107.89,"code":"GRD"},"geometry":{"type":"Point","coordinates":[-1.8007391,53.1995201]}},{"type":"Feature","properties":{"id":1630,"z":107.19,"code":"GRD"},"geometry":{"type":"Point","coordinates":[-1.8006846,53.199517]}},{"type":"Feature","properties":{"id":1631,"z":106.97,"code":"GRD"},"geometry":{"type":"Point","coordinates":[-1.8006081,53.1995118]}},{"type":"Feature","properties":{"id":1632,"z":107.32,"code":"GRD"},"geometry":{"type":"Point","coordinates":[-1.8005327,53.199517]}},{"type":"Feature","properties":{"id":1633,"z":107.3,"code":"GRD"},"geometry":{"type":"Point","coordinates":[-1.800501,53.1995224]}},{"type":"Feature","properties":{"id":1634,"z":108.09,"code":"GRD"},"geometry":{"type":"Point","coordinates":[-1.8004033,53.1995174]}},{"type":"Feature","properties":{"id":1635,"z":108.29,"code":"GRD"},"geometry":{"type":"Point","coordinates":[-1.8003797,53.1995129]}},{"type":"Feature","properties":{"id":1636,"z":108.47,"code":"GRD"},"geometry":{"type":"Point","coordinates":[-1.8003127,53.1995149]}},{"type":"Feature","properties":{"id":1637,"z":108.58,"code":"GRD"},"geometry":{"type":"Point","coordinates":[-1.8002151,53.199525]}},{"type":"Feature","properties":{"id":1638,"z":108.61,"code":"GRD"},"geometry":{"type":"Point","coordinates":[-1.8001767,53.1995316]}},{"type":"Feature","properties":{"id":1639,"z":108.52,"code":"GRD"},"geometry":{"type":"Point","coordinates":[-1.8000927,53.1995246]}},{"type":"Feature","properties":{"id":1640,"z":108.5,"code":"GRD"},"geometry":{"type":"Point","coordinates":[-1.8000509,53.1995229]}},{"type":"Feature","properties":{"id":1641,"z":108.68,"code":"GRD"},"geometry":{"type":"Point","coordinates":[-1.7999927,53.1995322]}},{"type":"Feature","properties":{"id":1642,"z":108.48,"code":"GRD"},"geometry":{"type":"Point","coordinates":[-1.7999373,53.199508]}},{"type":"Feature","properties":{"id":1643,"z":108.58,"code":"GRD"},"geometry":{"type":"Point","coordinates":[-1.7998557,53.1995107]}},{"type":"Feature","properties":{"id":1644,"z":108.62,"code":"GRD"},"geometry":{"type":"Point","coordinates":[-1.7997789,53.1995246]}},{"type":"Feature","properties":{"id":1645,"z":108.61,"code":"GRD"},"geometry":{"type":"Point","coordinates":[-1.7997094,53.1995248]}},{"type":"Feature","properties":{"id":1646,"z":108.83,"code":"GRD"},"geometry":{"type":"Point","coordinates":[-1.7996581,53.1995078]}},{"type":"Feature","properties":{"id":1647,"z":108.78,"code":"GRD"},"geometry":{"type":"Point","coordinates":[-1.7995844,53.1995156]}},{"type":"Feature","properties":{"id":1648,"z":108.72,"code":"GRD"},"geometry":{"type":"Point","coordinates":[-1.7995382,53.1995079]}},{"type":"Feature","properties":{"id":1649,"z":108.63,"code":"GRD"},"geometry":{"type":"Point","coordinates":[-1.7994744,53.1995285]}},{"type":"Feature","properties":{"id":1650,"z":108.67,"code":"GRD"},"geometry":{"type":"Point","coordinates":[-1.7994356,53.1995128]}},{"type":"Feature","properties":{"id":1651,"z":105.04,"code":"BLDG"},"geometry":{"type":"Point","coordinates":[-1.7993689,53.1995312]}},{"type":"Feature","properties":{"id":1652,"z":104.95,"code":"BLDG"},"geometry":{"type":"Point","coordinates":[-1.7992989,53.1995299]}},{"type":"Feature","properties":{"id":1653,"z":105.01,"code":"BLDG"},"geometry":{"type":"Point","coordinates":[-1.7992066,53.1995179]}},{"type":"Feature","properties":{"id":1654,"z":105.08,"code":"BLDG"},"geometry":{"type":"Point","coordinates":[-1.7991549,53.1995094]}},{"type":"Feature","properties":{"id":1655,"z":104.94,"code":"BLDG"},"geometry":{"type":"Point","coordinates":[-1.7991166,53.1995265]}},{"type":"Feature","properties":{"id":1656,"z":105.02,"code":"BLDG"},"geometry":{"type":"Point","coordinates":[-1.7990469,53.1995114]}},{"type":"Feature","properties":{"id":1657,"z":105.12,"code":"BLDG"},"geometry":{"type":"Point","coordinates":[-1.7989552,53.1995327]}},{"type":"Feature","properties":{"id":1658,"z":105.08,"code":"BLDG"},"geometry":{"type":"Point","coordinates":[-1.7988905,53.1995234]}},{"type":"Feature","properties":{"id":1659,"z":105.09,"code":"BLDG"},"geometry":{"type":"Point","coordinates":[-1.7988388,53.1995216]}},{"type":"Feature","properties":{"id":1660,"z":105.12,"code":"BLDG"},"geometry":{"type":"Point","coordinates":[-1.7987912,53.1995304]}},{"type":"Feature","properties":{"id":1661,"z":105.16,"code":"BLDG"},"geometry":{"type":"Point","coordinates":[-1.7987367,53.1995115]}},{"type":"Feature","properties":{"id":1662,"z":105.18,"code":"BLDG"},"geometry":{"type":"Point","coordinates":[-1.7986556,53.1995279]}},{"type":"Feature","properties":{"id":1663,"z":105.22,"code":"BLDG"},"geometry":{"type":"Point","coordinates":[-1.7985932,53.1995218]}},{"type":"Feature","properties":{"id":1664,"z":105.2,"code":"BLDG"},"geometry":{"type":"Point","coordinates":[-1.798537,53.1995214]}},{"type":"Feature","properties":{"id":1665,"z":105.87,"code":"GRD"},"geometry":{"type":"Point","coordinates":[-1.7984736,53.1995137]}},{"type":"Feature","properties":{"id":1666,"z":105.97,"code":"GRD"},"geometry":{"type":"Point","coordinates":[-1.7983966,53.1995138]}},{"type":"Feature","properties":{"id":1667,"z":105.99,"code":"GRD"},"geometry":{"type":"Point","coordinates":[-1.7983615,53.1995197]}},{"type":"Feature","properties":{"id":1668,"z":106.15,"code":"GRD"},"geometry":{"type":"Point","coordinates":[-1.7982862,53.1995162]}},{"type":"Feature","properties":{"id":1669,"z":106.25,"code":"GRD"},"geometry":{"type":"Point","coordinates":[-1.7982113,53.1995287]}},{"type":"Feature","properties":{"id":1670,"z":106.43,"code":"GRD"},"geometry":{"type":"Point","coordinates":[-1.7981574,53.1995204]}},{"type":"Feature","properties":{"id":1671,"z":106.49,"code":"GRD"},"geometry":{"type":"Point","coordinates":[-1.7981059,53.1995095]}},{"type":"Feature","properties":{"id":1672,"z":106.61,"code":"GRD"},"geometry":{"type":"Point","coordinates":[-1.798047,53.1995161]}},{"type":"Feature","properties":{"id":1673,"z":106.65,"code":"GRD"},"geometry":{"type":"Point","coordinates":[-1.7979697,53.1995155]}},{"type":"Feature","properties":{"id":1674,"z":106.5,"code":"GRD"},"geometry":{"type":"Point","coordinates":[-1.797903,53.1995313]}},{"type":"Feature","properties":{"id":1675,"z":106.59,"code":"GRD"},"geometry":{"type":"Point","coordinates":[-1.7978487,53.1995159]}},{"type":"Feature","properties":{"id":1676,"z":106.33,"code":"GRD"},"geometry":{"type":"Point","coordinates":[-1.7977603,53.1995255]}},{"type":"Feature","properties":{"id":1677,"z":111.06,"code":"GRD"},"geometry":{"type":"Point","coordinates":[-1.8021719,53.1995618]}},{"type":"Feature","properties":{"id":1678,"z":111.02,"code":"GRD"},"geometry":{"type":"Point","coordinates":[-1.8021379,53.1995612]}},{"type":"Feature","properties":{"id":1679,"z":110.79,"code":"GRD"},"geometry":{"type":"Point","coordinates":[-1.8020674,53.199548]}},{"type":"Feature","properties":{"id":1680,"z":110.73,"code":"GRD"},"geometry":{"type":"Point","coordinates":[-1.8019873,53.1995635]}},{"type":"Feature","properties":{"id":1681,"z":110.65,"code":"GRD"},"geometry":{"type":"Point","coordinates":[-1.8019274,53.1995564]}},{"type":"Feature","properties":{"id":1682,"z":110.56,"code":"GRD"},"geometry":{"type":"Point","coordinates":[-1.8018648,53.1995478]}},{"type":"Feature","properties":{"id":1683,"z":110.63,"code":"GRD"},"geometry":{"type":"Point","coordinates":[-1.8018202,53.1995555]}},{"type":"Feature","properties":{"id":1684,"z":110.56,"code":"GRD"},"geometry":{"type":"Point","coordinates":[-1.8017582,53.1995477]}},{"type":"Feature","properties":{"id":1685,"z":110.62,"code":"GRD"},"geometry":{"type":"Point","coordinates":[-1.8016895,53.1995522]}},{"type":"Feature","properties":{"id":1686,"z":110.83,"code":"GRD"},"geometry":{"type":"Point","coordinates":[-1.8016124,53.1995511]}},{"type":"Feature","properties":{"id":1687,"z":111.02,"code":"GRD"},"geometry":{"type":"Point","coordinates":[-1.8015595,53.1995494]}},{"type":"Feature","properties":{"id":1688,"z":111.24,"code":"GRD"},"geometry":{"type":"Point","coordinates":[-1.8015117,53.1995591]}},{"type":"Feature","properties":{"id":1689,"z":111.29,"code":"GRD"},"geometry":{"type":"Point","coordinates":[-1.8014474,53.1995581]}},{"type":"Feature","properties":{"id":1690,"z":111.44,"code":"GRD"},"geometry":{"type":"Point","coordinates":[-1.8013681,53.1995503]}},{"type":"Feature","properties":{"id":1691,"z":111.57,"code":"GRD"},"geometry":{"type":"Point","coordinates":[-1.8012917,53.1995528]}},{"type":"Feature","properties":{"id":1692,"z":111.68,"code":"GRD"},"geometry":{"type":"Point","coordinates":[-1.8012235,53.1995659]}},{"type":"Feature","properties":{"id":1693,"z":111.72,"code":"GRD"},"geometry":{"type":"Point","coordinates":[-1.8011794,53.1995487]}},{"type":"Feature","properties":{"id":1694,"z":111.61,"code":"GRD"},"geometry":{"type":"Point","coordinates":[-1.8011079,53.199563]}},{"type":"Feature","properties":{"id":1695,"z":111.61,"code":"GRD"},"geometry":{"type":"Point","coordinates":[-1.8010718,53.1995634]}},{"type":"Feature","properties":{"id":1696,"z":111.24,"code":"GRD"},"geometry":{"type":"Point","coordinates":[-1.8009771,53.1995483]}},{"type":"Feature","properties":{"id":1697,"z":111.09,"code":"GRD"},"geometry":{"type":"Point","coordinates":[-1.8009233,53.1995636]}},{"type":"Feature","properties":{"id":1698,"z":110.6,"code":"GRD"},"geometry":{"type":"Point","coordinates":[-1.8008702,53.1995629]}},{"type":"Feature","properties":{"id":1699,"z":110.19,"code":"GRD"},"geometry":{"type":"Point","coordinates":[-1.8008102,53.1995701]}},{"type":"Feature","properties":{"id":1700,"z":108.58,"code":"GRD"},"geometry":{"type":"Point","coordinates":[-1.8007404,53.1995455]}},{"type":"Feature","properties":{"id":1701,"z":107.83,"code":"GRD"},"geometry":{"type":"Point","coordinates":[-1.8006595,53.1995615]}},{"type":"Feature","properties":{"id":1702,"z":107.52,"code":"GRD"},"geometry":{"type":"Point","coordinates":[-1.8006263,53.1995674]}},{"type":"Feature","properties":{"id":1703,"z":106.84,"code":"GRD"},"geometry":{"type":"Point","coordinates":[-1.8005539,53.1995623]}},{"type":"Feature","properties":{"id":1704,"z":106.88,"code":"GRD"},"geometry":{"type":"Point","coordinates":[-1.8005067,53.1995465]}},{"type":"Feature","properties":{"id":1705,"z":107.64,"code":"GRD"},"geometry":{"type":"Point","coordinates":[-1.8004021,53.1995535]}},{"type":"Feature","properties":{"id":1706,"z":107.95,"code":"GRD"},"geometry":{"type":"Point","coordinates":[-1.8003427,53.1995652]}},{"type":"Feature","properties":{"id":1707,"z":108.38,"code":"GRD"},"geometry":{"type":"Point","coordinates":[-1.8002772,53.1995617]}},{"type":"Feature","properties":{"id":1708,"z":108.7,"code":"GRD"},"geometry":{"type":"Point","coordinates":[-1.8002151,53.1995597]}},{"type":"Feature","properties":{"id":1709,"z":108.79,"code":"GRD"},"geometry":{"type":"Point","coordinates":[-1.8001717,53.1995539]}},{"type":"Feature","properties":{"id":1710,"z":108.75,"code":"GRD"},"geometry":{"type":"Point","coordinates":[-1.8001133,53.1995583]}},{"type":"Feature","properties":{"id":1711,"z":108.73,"code":"GRD"},"geometry":{"type":"Point","coordinates":[-1.8000543,53.1995581]}},{"type":"Feature","properties":{"id":1712,"z":108.68,"code":"GRD"},"geometry":{"type":"Point","coordinates":[-1.7999818,53.199556]}},{"type":"Feature","properties":{"id":1713,"z":108.62,"code":"GRD"},"geometry":{"type":"Point","coordinates":[-1.7999177,53.1995524]}},{"type":"Feature","properties":{"id":1714,"z":108.64,"code":"GRD"},"geometry":{"type":"Point","coordinates":[-1.7998447,53.1995632]}},{"type":"Feature","properties":{"id":1715,"z":108.56,"code":"GRD"},"geometry":{"type":"Point","coordinates":[-1.7998036,53.1995687]}},{"type":"Feature","properties":{"id":1716,"z":108.59,"code":"GRD"},"geometry":{"type":"Point","coordinates":[-1.7997296,53.1995549]}},{"type":"Feature","properties":{"id":1717,"z":108.56,"code":"GRD"},"geometry":{"type":"Point","coordinates":[-1.7996583,53.199566]}},{"type":"Feature","properties":{"id":1718,"z":108.49,"code":"GRD"},"geometry":{"type":"Point","coordinates":[-1.7996048,53.1995638]}},{"type":"Feature","properties":{"id":1719,"z":108.54,"code":"GRD"},"geometry":{"type":"Point","coordinates":[-1.7995471,53.1995532]}},{"type":"Feature","properties":{"id":1720,"z":108.33,"code":"GRD"},"geometry":{"type":"Point","coordinates":[-1.799484,53.1995644]}},{"type":"Feature","properties":{"id":1721,"z":108.2,"code":"GRD"},"geometry":{"type":"Point","coordinates":[-1.7994263,53.1995652]}},{"type":"Feature","properties":{"id":1722,"z":104.93,"code":"BLDG"},"geometry":{"type":"Point","coordinates":[-1.7993457,53.1995625]}},{"type":"Feature","properties":{"id":1723,"z":104.94,"code":"BLDG"},"geometry":{"type":"Point","coordinates":[-1.7992987,53.199547]}},{"type":"Feature","properties":{"id":1724,"z":105.05,"code":"BLDG"},"geometry":{"type":"Point","coordinates":[-1.799232,53.1995463]}},{"type":"Feature","properties":{"id":1725,"z":105.01,"code":"BLDG"},"geometry":{"type":"Point","coordinates":[-1.7991561,53.1995698]}},{"type":"Feature","properties":{"id":1726,"z":105.03,"code":"BLDG"},"geometry":{"type":"Point","coordinates":[-1.7990874,53.1995512]}},{"type":"Feature","properties":{"id":1727,"z":105.08,"code":"BLDG"},"geometry":{"type":"Point","coordinates":[-1.7990248,53.199564]}},{"type":"Feature","properties":{"id":1728,"z":105.07,"code":"BLDG"},"geometry":{"type":"Point","coordinates":[-1.7989748,53.1995547]}},{"type":"Feature","properties":{"id":1729,"z":105.14,"code":"BLDG"},"geometry":{"type":"Point","coordinates":[-1.7989024,53.199568]}},{"type":"Feature","properties":{"id":1730,"z":105.07,"code":"BLDG"},"geometry":{"type":"Point","coordinates":[-1.7988336,53.1995673]}},{"type":"Feature","properties":{"id":1731,"z":105.14,"code":"BLDG"},"geometry":{"type":"Point","coordinates":[-1.7987931,53.19957]}},{"type":"Feature","properties":{"id":1732,"z":105.12,"code":"BLDG"},"geometry":{"type":"Point","coordinates":[-1.7987356,53.1995494]}},{"type":"Feature","properties":{"id":1733,"z":105.25,"code":"BLDG"},"geometry":{"type":"Point","coordinates":[-1.7986445,53.1995538]}},{"type":"Feature","properties":{"id":1734,"z":105.15,"code":"BLDG"},"geometry":{"type":"Point","coordinates":[-1.7985816,53.1995679]}},{"type":"Feature","properties":{"id":1735,"z":105.21,"code":"BLDG"},"geometry":{"type":"Point","coordinates":[-1.7985219,53.1995549]}},{"type":"Feature","properties":{"id":1736,"z":106.07,"code":"GRD"},"geometry":{"type":"Point","coordinates":[-1.7984864,53.1995682]}},{"type":"Feature","properties":{"id":1737,"z":106.07,"code":"GRD"},"geometry":{"type":"Point","coordinates":[-1.7984034,53.1995519]}},{"type":"Feature","properties":{"id":1738,"z":106.09,"code":"GRD"},"geometry":{"type":"Point","coordinates":[-1.7983646,53.1995553]}},{"type":"Feature","properties":{"id":1739,"z":106.16,"code":"GRD"},"geometry":{"type":"Point","coordinates":[-1.7982868,53.1995646]}},{"type":"Feature","properties":{"id":1740,"z":106.18,"code":"GRD"},"geometry":{"type":"Point","coordinates":[-1.7982255,53.1995625]}},{"type":"Feature","properties":{"id":1741,"z":106.21,"code":"GRD"},"geometry":{"type":"Point","coordinates":[-1.7981756,53.1995624]}},{"type":"Feature","properties":{"id":1742,"z":106.35,"code":"GRD"},"geometry":{"type":"Point","coordinates":[-1.7980878,53.1995528]}},{"type":"Feature","properties":{"id":1743,"z":106.44,"code":"GRD"},"geometry":{"type":"Point","coordinates":[-1.7980123,53.1995513]}},{"type":"Feature","properties":{"id":1744,"z":106.29,"code":"GRD"},"geometry":{"type":"Point","coordinates":[-1.7979629,53.1995599]}},{"type":"Feature","properties":{"id":1745,"z":106.27,"code":"GRD"},"geometry":{"type":"Point","coordinates":[-1.7979109,53.1995617]}},{"type":"Feature","properties":{"id":1746,"z":106.23,"code":"GRD"},"geometry":{"type":"Point","coordinates":[-1.7978363,53.1995583]}},{"type":"Feature","properties":{"id":1747,"z":106.17,"code":"GRD"},"geometry":{"type":"Point","coordinates":[-1.7977855,53.1995559]}},{"type":"Feature","properties":{"id":1748,"z":111.19,"code":"GRD"},"geometry":{"type":"Point","coordinates":[-1.8022026,53.199608]}},{"type":"Feature","properties":{"id":1749,"z":111.18,"code":"GRD"},"geometry":{"type":"Point","coordinates":[-1.8021342,53.199598]}},{"type":"Feature","properties":{"id":1750,"z":110.99,"code":"GRD"},"geometry":{"type":"Point","coordinates":[-1.8020656,53.1995841]}},{"type":"Feature","properties":{"id":1751,"z":110.97,"code":"GRD"},"geometry":{"type":"Point","coordinates":[-1.8020072,53.1996027]}},{"type":"Feature","properties":{"id":1752,"z":111.11,"code":"GRD"},"geometry":{"type":"Point","coordinates":[-1.8019354,53.199608]}},{"type":"Feature","properties":{"id":1753,"z":111.02,"code":"GRD"},"geometry":{"type":"Point","coordinates":[-1.801883,53.1995989]}},{"type":"Feature","properties":{"id":1754,"z":111.06,"code":"GRD"},"geometry":{"type":"Point","coordinates":[-1.8017969,53.1996044]}},{"type":"Feature","properties":{"id":1755,"z":110.96,"code":"GRD"},"geometry":{"type":"Point","coordinates":[-1.801733,53.1995858]}},{"type":"Feature","properties":{"id":1756,"z":111.04,"code":"GRD"},"geometry":{"type":"Point","coordinates":[-1.8016927,53.1996021]}},{"type":"Feature","properties":{"id":1757,"z":111.21,"code":"GRD"},"geometry":{"type":"Point","coordinates":[-1.8016368,53.1995948]}},{"type":"Feature","properties":{"id":1758,"z":111.2,"code":"GRD"},"geometry":{"type":"Point","coordinates":[-1.8015687,53.1995832]}},{"type":"Feature","properties":{"id":1759,"z":111.37,"code":"GRD"},"geometry":{"type":"Point","coordinates":[-1.8014991,53.1995941]}},{"type":"Feature","properties":{"id":1760,"z":111.44,"code":"GRD"},"geometry":{"type":"Point","coordinates":[-1.8014303,53.1995905]}},{"type":"Feature","properties":{"id":1761,"z":111.52,"code":"GRD"},"geometry":{"type":"Point","coordinates":[-1.8013474,53.1995874]}},{"type":"Feature","properties":{"id":1762,"z":111.57,"code":"GRD"},"geometry":{"type":"Point","coordinates":[-1.8013042,53.1995956]}},{"type":"Feature","properties":{"id":1763,"z":111.73,"code":"GRD"},"geometry":{"type":"Point","coordinates":[-1.8012539,53.1996053]}},{"type":"Feature","properties":{"id":1764,"z":111.68,"code":"GRD"},"geometry":{"type":"Point","coordinates":[-1.8011847,53.1995916]}},{"type":"Feature","properties":{"id":1765,"z":111.69,"code":"GRD"},"geometry":{"type":"Point","coordinates":[-1.8011248,53.1995853]}},{"type":"Feature","properties":{"id":1766,"z":111.68,"code":"GRD"},"geometry":{"type":"Point","coordinates":[-1.8010336,53.1995925]}},{"type":"Feature","properties":{"id":1767,"z":111.59,"code":"GRD"},"geometry":{"type":"Point","coordinates":[-1.8009884,53.1995914]}},{"type":"Feature","properties":{"id":1768,"z":111.42,"code":"GRD"},"geometry":{"type":"Point","coordinates":[-1.800934,53.1996044]}},{"type":"Feature","properties":{"id":1769,"z":110.92,"code":"GRD"},"geometry":{"type":"Point","coordinates":[-1.8008446,53.1995923]}},{"type":"Feature","properties":{"id":1770,"z":110.42,"code":"GRD"},"geometry":{"type":"Point","coordinates":[-1.8008049,53.1995873]}},{"type":"Feature","properties":{"id":1771,"z":109.81,"code":"GRD"},"geometry":{"type":"Point","coordinates":[-1.8007401,53.1995934]}},{"type":"Feature","properties":{"id":1772,"z":109.34,"code":"GRD"},"geometry":{"type":"Point","coordinates":[-1.8006861,53.1996031]}},{"type":"Feature","properties":{"id":1773,"z":108.38,"code":"GRD"},"geometry":{"type":"Point","coordinates":[-1.8006171,53.1996016]}},{"type":"Feature","properties":{"id":1774,"z":107.41,"code":"GRD"},"geometry":{"type":"Point","coordinates":[-1.8005687,53.1995887]}},{"type":"Feature","properties":{"id":1775,"z":106.84,"code":"GRD"},"geometry":{"type":"Point","coordinates":[-1.8004785,53.1995957]}},{"type":"Feature","properties":{"id":1776,"z":106.96,"code":"GRD"},"geometry":{"type":"Point","coordinates":[-1.8004241,53.1995882]}},{"type":"Feature","properties":{"id":1777,"z":107.51,"code":"GRD"},"geometry":{"type":"Point","coordinates":[-1.8003518,53.1995897]}},{"type":"Feature","properties":{"id":1778,"z":108.04,"code":"GRD"},"geometry":{"type":"Point","coordinates":[-1.8002909,53.1995866]}},{"type":"Feature","properties":{"id":1779,"z":108.43,"code":"GRD"},"geometry":{"type":"Point","coordinates":[-1.8002335,53.1995911]}},{"type":"Feature","properties":{"id":1780,"z":108.72,"code":"GRD"},"geometry":{"type":"Point","coordinates":[-1.8001688,53.1995866]}},{"type":"Feature","properties":{"id":1781,"z":108.88,"code":"GRD"},"geometry":{"type":"Point","coordinates":[-1.8001233,53.1995909]}},{"type":"Feature","properties":{"id":1782,"z":108.87,"code":"GRD"},"geometry":{"type":"Point","coordinates":[-1.8000375,53.1995969]}},{"type":"Feature","properties":{"id":1783,"z":108.78,"code":"GRD"},"geometry":{"type":"Point","coordinates":[-1.799979,53.1995888]}},{"type":"Feature","properties":{"id":1784,"z":108.74,"code":"GRD"},"geometry":{"type":"Point","coordinates":[-1.7999214,53.1996041]}},{"type":"Feature","properties":{"id":1785,"z":108.65,"code":"GRD"},"geometry":{"type":"Point","coordinates":[-1.7998617,53.1995945]}},{"type":"Feature","properties":{"id":1786,"z":108.52,"code":"GRD"},"geometry":{"type":"Point","coordinates":[-1.7997733,53.1996039]}},{"type":"Feature","properties":{"id":1787,"z":108.49,"code":"GRD"},"geometry":{"type":"Point","coordinates":[-1.7997254,53.199584]}},{"type":"Feature","properties":{"id":1788,"z":108.29,"code":"GRD"},"geometry":{"type":"Point","coordinates":[-1.7996489,53.1996076]}},{"type":"Feature","properties":{"id":1789,"z":108.28,"code":"GRD"},"geometry":{"type":"Point","coordinates":[-1.7995896,53.1995876]}},{"type":"Feature","properties":{"id":1790,"z":108.24,"code":"GRD"},"geometry":{"type":"Point","coordinates":[-1.7995273,53.1995963]}},{"type":"Feature","properties":{"id":1791,"z":108.02,"code":"GRD"},"geometry":{"type":"Point","coordinates":[-1.7994806,53.1996041]}},{"type":"Feature","properties":{"id":1792,"z":107.96,"code":"GRD"},"geometry":{"type":"Point","coordinates":[-1.7994072,53.1995966]}},{"type":"Feature","properties":{"id":1793,"z":104.96,"code":"BLDG"},"geometry":{"type":"Point","coordinates":[-1.7993354,53.1995917]}},{"type":"Feature","properties":{"id":1794,"z":105.0,"code":"BLDG"},"geometry":{"type":"Point","coordinates":[-1.7993091,53.1995916]}},{"type":"Feature","properties":{"id":1795,"z":105.01,"code":"BLDG"},"geometry":{"type":"Point","coordinates":[-1.799221,53.1995862]}},{"type":"Feature","properties":{"id":1796,"z":105.0,"code":"BLDG"},"geometry":{"type":"Point","coordinates":[-1.7991775,53.1995905]}},{"type":"Feature","properties":{"id":1797,"z":105.13,"code":"BLDG"},"geometry":{"type":"Point","coordinates":[-1.7990832,53.1996051]}},{"type":"Feature","properties":{"id":1798,"z":105.07,"code":"BLDG"},"geometry":{"type":"Point","coordinates":[-1.7990167,53.1995943]}},{"type":"Feature","properties":{"id":1799,"z":105.05,"code":"BLDG"},"geometry":{"type":"Point","coordinates":[-1.7989563,53.1996036]}},{"type":"Feature","properties":{"id":1800,"z":105.17,"code":"BLDG"},"geometry":{"type":"Point","coordinates":[-1.7989015,53.1995889]}},{"type":"Feature","properties":{"id":1801,"z":105.16,"code":"BLDG"},"geometry":{"type":"Point","coordinates":[-1.7988461,53.1995986]}},{"type":"Feature","properties":{"id":1802,"z":105.11,"code":"BLDG"},"geometry":{"type":"Point","coordinates":[-1.7987701,53.1995868]}},{"type":"Feature","properties":{"id":1803,"z":105.1,"code":"BLDG"},"geometry":{"type":"Point","coordinates":[-1.7987103,53.1995947]}},{"type":"Feature","properties":{"id":1804,"z":105.14,"code":"BLDG"},"geometry":{"type":"Point","coordinates":[-1.7986721,53.1996072]}},{"type":"Feature","properties":{"id":1805,"z":105.24,"code":"BLDG"},"geometry":{"type":"Point","coordinates":[-1.7985824,53.1995894]}},{"type":"Feature","properties":{"id":1806,"z":105.2,"code":"BLDG"},"geometry":{"type":"Point","coordinates":[-1.7985252,53.1995931]}},{"type":"Feature","properties":{"id":1807,"z":106.24,"code":"GRD"},"geometry":{"type":"Point","coordinates":[-1.7984513,53.1995924]}},{"type":"Feature","properties":{"id":1808,"z":106.27,"code":"GRD"},"geometry":{"type":"Point","coordinates":[-1.798407,53.1995958]}},{"type":"Feature","properties":{"id":1809,"z":106.2,"code":"GRD"},"geometry":{"type":"Point","coordinates":[-1.7983341,53.1996052]}},{"type":"Feature","properties":{"id":1810,"z":106.12,"code":"GRD"},"geometry":{"type":"Point","coordinates":[-1.7982874,53.1995885]}},{"type":"Feature","properties":{"id":1811,"z":106.19,"code":"GRD"},"geometry":{"type":"Point","coordinates":[-1.7982118,53.1995934]}},{"type":"Feature","properties":{"id":1812,"z":106.19,"code":"GRD"},"geometry":{"type":"Point","coordinates":[-1.7981544,53.1995871]}},{"type":"Feature","properties":{"id":1813,"z":106.03,"code":"GRD"},"geometry":{"type":"Point","coordinates":[-1.7980922,53.199603]}},{"type":"Feature","properties":{"id":1814,"z":105.99,"code":"GRD"},"geometry":{"type":"Point","coordinates":[-1.7980422,53.1996014]}},{"type":"Feature","properties":{"id":1815,"z":106.13,"code":"GRD"},"geometry":{"type":"Point","coordinates":[-1.7979835,53.1995901]}},{"type":"Feature","properties":{"id":1816,"z":105.92,"code":"GRD"},"geometry":{"type":"Point","coordinates":[-1.7978978,53.1995953]}},{"type":"Feature","properties":{"id":1817,"z":105.96,"code":"GRD"},"geometry":{"type":"Point","coordinates":[-1.7978524,53.1995942]}},{"type":"Feature","properties":{"id":1818,"z":105.77,"code":"GRD"},"geometry":{"type":"Point","coordinates":[-1.7977985,53.1996033]}},{"type":"Feature","properties":{"id":1819,"z":111.29,"code":"GRD"},"geometry":{"type":"Point","coordinates":[-1.8022472,53.199636]}},{"type":"Feature","properties":{"id":1820,"z":111.21,"code":"GRD"},"geometry":{"type":"Point","coordinates":[-1.8021812,53.1996241]}},{"type":"Feature","properties":{"id":1821,"z":111.23,"code":"GRD"},"geometry":{"type":"Point","coordinates":[-1.8021082,53.1996407]}},{"type":"Feature","properties":{"id":1822,"z":111.24,"code":"GRD"},"geometry":{"type":"Point","coordinates":[-1.802053,53.1996414]}},{"type":"Feature","properties":{"id":1823,"z":111.24,"code":"GRD"},"geometry":{"type":"Point","coordinates":[-1.8019785,53.1996257]}},{"type":"Feature","properties":{"id":1824,"z":111.25,"code":"GRD"},"geometry":{"type":"Point","coordinates":[-1.8019513,53.1996313]}},{"type":"Feature","properties":{"id":1825,"z":111.4,"code":"GRD"},"geometry":{"type":"Point","coordinates":[-1.8018832,53.1996427]}},{"type":"Feature","properties":{"id":1826,"z":111.3,"code":"GRD"},"geometry":{"type":"Point","coordinates":[-1.8018133,53.1996247]}},{"type":"Feature","properties":{"id":1827,"z":111.44,"code":"GRD"},"geometry":{"type":"Point","coordinates":[-1.8017586,53.1996329]}},{"type":"Feature","properties":{"id":1828,"z":111.36,"code":"GRD"},"geometry":{"type":"Point","coordinates":[-1.801681,53.199632]}},{"type":"Feature","properties":{"id":1829,"z":111.57,"code":"GRD"},"geometry":{"type":"Point","coordinates":[-1.8016399,53.1996443]}},{"type":"Feature","properties":{"id":1830,"z":111.45,"code":"GRD"},"geometry":{"type":"Point","coordinates":[-1.8015692,53.1996219]}},{"type":"Feature","properties":{"id":1831,"z":111.49,"code":"GRD"},"geometry":{"type":"Point","coordinates":[-1.801492,53.1996264]}},{"type":"Feature","properties":{"id":1832,"z":111.6,"code":"GRD"},"geometry":{"type":"Point","coordinates":[-1.8014188,53.1996286]}},{"type":"Feature","properties":{"id":1833,"z":111.63,"code":"GRD"},"geometry":{"type":"Point","coordinates":[-1.8013646,53.1996372]}},{"type":"Feature","properties":{"id":1834,"z":111.72,"code":"GRD"},"geometry":{"type":"Point","coordinates":[-1.8013101,53.199633]}},{"type":"Feature","properties":{"id":1835,"z":111.71,"code":"GRD"},"geometry":{"type":"Point","coordinates":[-1.8012337,53.1996248]}},{"type":"Feature","properties":{"id":1836,"z":111.74,"code":"GRD"},"geometry":{"type":"Point","coordinates":[-1.8011766,53.1996394]}},{"type":"Feature","properties":{"id":1837,"z":111.73,"code":"GRD"},"geometry":{"type":"Point","coordinates":[-1.8011002,53.1996222]}},{"type":"Feature","properties":{"id":1838,"z":111.66,"code":"GRD"},"geometry":{"type":"Point","coordinates":[-1.8010633,53.199623]}},{"type":"Feature","properties":{"id":1839,"z":111.61,"code":"GRD"},"geometry":{"type":"Point","coordinates":[-1.8009902,53.1996272]}},{"type":"Feature","properties":{"id":1840,"z":111.47,"code":"GRD"},"geometry":{"type":"Point","coordinates":[-1.8009352,53.1996325]}},{"type":"Feature","properties":{"id":1841,"z":111.31,"code":"GRD"},"geometry":{"type":"Point","coordinates":[-1.8008544,53.1996238]}},{"type":"Feature","properties":{"id":1842,"z":111.03,"code":"GRD"},"geometry":{"type":"Point","coordinates":[-1.8008124,53.1996211]}},{"type":"Feature","properties":{"id":1843,"z":110.79,"code":"GRD"},"geometry":{"type":"Point","coordinates":[-1.8007295,53.1996405]}},{"type":"Feature","properties":{"id":1844,"z":109.73,"code":"GRD"},"geometry":{"type":"Point","coordinates":[-1.800654,53.1996262]}},{"type":"Feature","properties":{"id":1845,"z":109.73,"code":"GRD"},"geometry":{"type":"Point","coordinates":[-1.8006156,53.1996443]}},{"type":"Feature","properties":{"id":1846,"z":108.41,"code":"GRD"},"geometry":{"type":"Point","coordinates":[-1.8005534,53.1996288]}},{"type":"Feature","properties":{"id":1847,"z":107.58,"code":"GRD"},"geometry":{"type":"Point","coordinates":[-1.8004854,53.199632]}},{"type":"Feature","properties":{"id":1848,"z":107.22,"code":"GRD"},"geometry":{"type":"Point","coordinates":[-1.8004255,53.1996402]}},{"type":"Feature","properties":{"id":1849,"z":106.93,"code":"GRD"},"geometry":{"type":"Point","coordinates":[-1.8003734,53.1996311]}},{"type":"Feature","properties":{"id":1850,"z":107.48,"code":"GRD"},"geometry":{"type":"Point","coordinates":[-1.8002805,53.1996312]}},{"type":"Feature","properties":{"id":1851,"z":107.81,"code":"GRD"},"geometry":{"type":"Point","coordinates":[-1.8002356,53.1996354]}},{"type":"Feature","properties":{"id":1852,"z":108.34,"code":"GRD"},"geometry":{"type":"Point","coordinates":[-1.8001817,53.1996349]}},{"type":"Feature","properties":{"id":1853,"z":108.67,"code":"GRD"},"geometry":{"type":"Point","coordinates":[-1.8001135,53.1996431]}},{"type":"Feature","properties":{"id":1854,"z":108.93,"code":"GRD"},"geometry":{"type":"Point","coordinates":[-1.8000249,53.1996212]}},{"type":"Feature","properties":{"id":1855,"z":108.89,"code":"GRD"},"geometry":{"type":"Point","coordinates":[-1.7999676,53.1996327]}},{"type":"Feature","properties":{"id":1856,"z":108.86,"code":"GRD"},"geometry":{"type":"Point","coordinates":[-1.7999345,53.1996285]}},{"type":"Feature","properties":{"id":1857,"z":108.67,"code":"GRD"},"geometry":{"type":"Point","coordinates":[-1.7998684,53.1996371]}},{"type":"Feature","properties":{"id":1858,"z":108.56,"code":"GRD"},"geometry":{"type":"Point","coordinates":[-1.7997865,53.1996375]}},{"type":"Feature","properties":{"id":1859,"z":108.39,"code":"GRD"},"geometry":{"type":"Point","coordinates":[-1.7997374,53.1996359]}},{"type":"Feature","properties":{"id":1860,"z":108.25,"code":"GRD"},"geometry":{"type":"Point","coordinates":[-1.7996739,53.1996241]}},{"type":"Feature","properties":{"id":1861,"z":108.02,"code":"GRD"},"geometry":{"type":"Point","coordinates":[-1.7995919,53.1996286]}},{"type":"Feature","properties":{"id":1862,"z":107.9,"code":"GRD"},"geometry":{"type":"Point","coordinates":[-1.7995392,53.1996412]}},{"type":"Feature","properties":{"id":1863,"z":107.77,"code":"GRD"},"geometry":{"type":"Point","coordinates":[-1.7994963,53.1996445]}},{"type":"Feature","properties":{"id":1864,"z":107.63,"code":"GRD"},"geometry":{"type":"Point","coordinates":[-1.7994351,53.1996391]}},{"type":"Feature","properties":{"id":1865,"z":104.99,"code":"BLDG"},"geometry":{"type":"Point","coordinates":[-1.7993566,53.1996335]}},{"type":"Feature","properties":{"id":1866,"z":104.96,"code":"BLDG"},"geometry":{"type":"Point","coordinates":[-1.7992927,53.199624]}},{"type":"Feature","properties":{"id":1867,"z":105.01,"code":"BLDG"},"geometry":{"type":"Point","coordinates":[-1.7992066,53.1996305]}},{"type":"Feature","properties":{"id":1868,"z":105.06,"code":"BLDG"},"geometry":{"type":"Point","coordinates":[-1.7991659,53.1996266]}},{"type":"Feature","properties":{"id":1869,"z":107.15,"code":"GRD"},"geometry":{"type":"Point","coordinates":[-1.7990941,53.1996419]}},{"type":"Feature","properties":{"id":1870,"z":105.05,"code":"BLDG"},"geometry":{"type":"Point","coordinates":[-1.7990417,53.1996399]}},{"type":"Feature","properties":{"id":1871,"z":105.09,"code":"BLDG"},"geometry":{"type":"Point","coordinates":[-1.7989935,53.1996322]}},{"type":"Feature","properties":{"id":1872,"z":105.03,"code":"BLDG"},"geometry":{"type":"Point","coordinates":[-1.7988956,53.199626]}},{"type":"Feature","properties":{"id":1873,"z":105.13,"code":"BLDG"},"geometry":{"type":"Point","coordinates":[-1.7988577,53.1996248]}},{"type":"Feature","properties":{"id":1874,"z":105.2,"code":"BLDG"},"geometry":{"type":"Point","coordinates":[-1.7987845,53.1996316]}},{"type":"Feature","properties":{"id":1875,"z":105.11,"code":"BLDG"},"geometry":{"type":"Point","coordinates":[-1.7987333,53.199635]}},{"type":"Feature","properties":{"id":1876,"z":105.07,"code":"BLDG"},"geometry":{"type":"Point","coordinates":[-1.7986629,53.1996218]}},{"type":"Feature","properties":{"id":1877,"z":105.2,"code":"BLDG"},"geometry":{"type":"Point","coordinates":[-1.7986046,53.1996357]}},{"type":"Feature","properties":{"id":1878,"z":105.21,"code":"BLDG"},"geometry":{"type":"Point","coordinates":[-1.7985245,53.1996225]}},{"type":"Feature","properties":{"id":1879,"z":106.45,"code":"GRD"},"geometry":{"type":"Point","coordinates":[-1.7984787,53.1996389]}},{"type":"Feature","properties":{"id":1880,"z":106.38,"code":"GRD"},"geometry":{"type":"Point","coordinates":[-1.7984276,53.1996304]}},{"type":"Feature","properties":{"id":1881,"z":106.28,"code":"GRD"},"geometry":{"type":"Point","coordinates":[-1.7983647,53.1996247]}},{"type":"Feature","properties":{"id":1882,"z":106.19,"code":"GRD"},"geometry":{"type":"Point","coordinates":[-1.7982931,53.199623]}},{"type":"Feature","properties":{"id":1883,"z":106.1,"code":"GRD"},"geometry":{"type":"Point","coordinates":[-1.7982177,53.1996244]}},{"type":"Feature","properties":{"id":1884,"z":105.96,"code":"GRD"},"geometry":{"type":"Point","coordinates":[-1.798142,53.1996314]}},{"type":"Feature","properties":{"id":1885,"z":105.96,"code":"GRD"},"geometry":{"type":"Point","coordinates":[-1.7980782,53.1996221]}},{"type":"Feature","properties":{"id":1886,"z":105.9,"code":"GRD"},"geometry":{"type":"Point","coordinates":[-1.7980193,53.1996234]}},{"type":"Feature","properties":{"id":1887,"z":105.62,"code":"GRD"},"geometry":{"type":"Point","coordinates":[-1.7979624,53.1996426]}},{"type":"Feature","properties":{"id":1888,"z":105.73,"code":"GRD"},"geometry":{"type":"Point","coordinates":[-1.7979203,53.1996225]}},{"type":"Feature","properties":{"id":1889,"z":105.55,"code":"GRD"},"geometry":{"type":"Point","coordinates":[-1.7978313,53.1996279]}},{"type":"Feature","properties":{"id":1890,"z":105.52,"code":"GRD"},"geometry":{"type":"Point","coordinates":[-1.7977777,53.1996256]}},{"type":"Feature","properties":{"id":1891,"z":111.23,"code":"GRD"},"geometry":{"type":"Point","coordinates":[-1.8022458,53.1996662]}},{"type":"Feature","properties":{"id":1892,"z":111.35,"code":"GRD"},"geometry":{"type":"Point","coordinates":[-1.8021959,53.1996748]}},{"type":"Feature","properties":{"id":1893,"z":111.39,"code":"GRD"},"geometry":{"type":"Point","coordinates":[-1.8021236,53.1996644]}},{"type":"Feature","properties":{"id":1894,"z":111.38,"code":"GRD"},"geometry":{"type":"Point","coordinates":[-1.8020767,53.1996714]}},{"type":"Feature","properties":{"id":1895,"z":111.52,"code":"GRD"},"geometry":{"type":"Point","coordinates":[-1.8020028,53.199669]}},{"type":"Feature","properties":{"id":1896,"z":111.67,"code":"GRD"},"geometry":{"type":"Point","coordinates":[-1.801918,53.1996655]}},{"type":"Feature","properties":{"id":1897,"z":111.79,"code":"GRD"},"geometry":{"type":"Point","coordinates":[-1.8018509,53.1996824]}},{"type":"Feature","properties":{"id":1898,"z":111.78,"code":"GRD"},"geometry":{"type":"Point","coordinates":[-1.8018187,53.1996791]}},{"type":"Feature","properties":{"id":1899,"z":111.79,"code":"GRD"},"geometry":{"type":"Point","coordinates":[-1.8017247,53.1996749]}},{"type":"Feature","properties":{"id":1900,"z":111.88,"code":"GRD"},"geometry":{"type":"Point","coordinates":[-1.8016696,53.1996727]}},{"type":"Feature","properties":{"id":1901,"z":111.79,"code":"GRD"},"geometry":{"type":"Point","coordinates":[-1.8016332,53.1996652]}},{"type":"Feature","properties":{"id":1902,"z":111.68,"code":"GRD"},"geometry":{"type":"Point","coordinates":[-1.8015517,53.1996635]}},{"type":"Feature","properties":{"id":1903,"z":111.83,"code":"GRD"},"geometry":{"type":"Point","coordinates":[-1.8015106,53.1996753]}},{"type":"Feature","properties":{"id":1904,"z":111.74,"code":"GRD"},"geometry":{"type":"Point","coordinates":[-1.8014473,53.1996706]}},{"type":"Feature","properties":{"id":1905,"z":111.68,"code":"GRD"},"geometry":{"type":"Point","coordinates":[-1.8013868,53.1996634]}},{"type":"Feature","properties":{"id":1906,"z":111.68,"code":"GRD"},"geometry":{"type":"Point","coordinates":[-1.8012854,53.1996685]}},{"type":"Feature","properties":{"id":1907,"z":111.72,"code":"GRD"},"geometry":{"type":"Point","coordinates":[-1.8012335,53.1996773]}},{"type":"Feature","properties":{"id":1908,"z":111.63,"code":"GRD"},"geometry":{"type":"Point","coordinates":[-1.8011724,53.1996688]}},{"type":"Feature","properties":{"id":1909,"z":111.63,"code":"GRD"},"geometry":{"type":"Point","coordinates":[-1.8011288,53.1996825]}},{"type":"Feature","properties":{"id":1910,"z":111.66,"code":"GRD"},"geometry":{"type":"Point","coordinates":[-1.8010332,53.1996782]}},{"type":"Feature","properties":{"id":1911,"z":111.58,"code":"GRD"},"geometry":{"type":"Point","coordinates":[-1.8009755,53.1996647]}},{"type":"Feature","properties":{"id":1912,"z":111.63,"code":"GRD"},"geometry":{"type":"Point","coordinates":[-1.8009166,53.1996766]}},{"type":"Feature","properties":{"id":1913,"z":111.44,"code":"GRD"},"geometry":{"type":"Point","coordinates":[-1.8008479,53.1996654]}},{"type":"Feature","properties":{"id":1914,"z":111.37,"code":"GRD"},"geometry":{"type":"Point","coordinates":[-1.8007887,53.1996706]}},{"type":"Feature","properties":{"id":1915,"z":111.32,"code":"GRD"},"geometry":{"type":"Point","coordinates":[-1.8007253,53.1996798]}},{"type":"Feature","properties":{"id":1916,"z":110.93,"code":"GRD"},"geometry":{"type":"Point","coordinates":[-1.8006604,53.1996755]}},{"type":"Feature","properties":{"id":1917,"z":110.23,"code":"GRD"},"geometry":{"type":"Point","coordinates":[-1.800609,53.199664]}},{"type":"Feature","properties":{"id":1918,"z":109.51,"code":"GRD"},"geometry":{"type":"Point","coordinates":[-1.8005557,53.1996612]}},{"type":"Feature","properties":{"id":1919,"z":109.37,"code":"GRD"},"geometry":{"type":"Point","coordinates":[-1.8004975,53.19968]}},{"type":"Feature","properties":{"id":1920,"z":108.35,"code":"GRD"},"geometry":{"type":"Point","coordinates":[-1.8004301,53.19968]}},{"type":"Feature","properties":{"id":1921,"z":107.21,"code":"GRD"},"geometry":{"type":"Point","coordinates":[-1.8003643,53.1996589]}},{"type":"Feature","properties":{"id":1922,"z":107.24,"code":"GRD"},"geometry":{"type":"Point","coordinates":[-1.8002996,53.1996682]}},{"type":"Feature","properties":{"id":1923,"z":107.51,"code":"GRD"},"geometry":{"type":"Point","coordinates":[-1.8002392,53.1996587]}},{"type":"Feature","properties":{"id":1924,"z":108.14,"code":"GRD"},"geometry":{"type":"Point","coordinates":[-1.8001516,53.1996644]}},{"type":"Feature","properties":{"id":1925,"z":108.17,"code":"GRD"},"geometry":{"type":"Point","coordinates":[-1.8001248,53.1996765]}},{"type":"Feature","properties":{"id":1926,"z":108.72,"code":"GRD"},"geometry":{"type":"Point","coordinates":[-1.8000415,53.1996713]}},{"type":"Feature","properties":{"id":1927,"z":108.91,"code":"GRD"},"geometry":{"type":"Point","coordinates":[-1.7999623,53.199668]}},{"type":"Feature","properties":{"id":1928,"z":108.81,"code":"GRD"},"geometry":{"type":"Point","coordinates":[-1.7998985,53.1996809]}},{"type":"Feature","properties":{"id":1929,"z":108.77,"code":"GRD"},"geometry":{"type":"Point","coordinates":[-1.7998761,53.1996765]}},{"type":"Feature","properties":{"id":1930,"z":108.34,"code":"GRD"},"geometry":{"type":"Point","coordinates":[-1.7997801,53.1996761]}},{"type":"Feature","properties":{"id":1931,"z":108.27,"code":"GRD"},"geometry":{"type":"Point","coordinates":[-1.7997446,53.1996722]}},{"type":"Feature","properties":{"id":1932,"z":108.09,"code":"GRD"},"geometry":{"type":"Point","coordinates":[-1.7996769,53.1996687]}},{"type":"Feature","properties":{"id":1933,"z":107.82,"code":"GRD"},"geometry":{"type":"Point","coordinates":[-1.799601,53.1996782]}},{"type":"Feature","properties":{"id":1934,"z":107.67,"code":"GRD"},"geometry":{"type":"Point","coordinates":[-1.7995357,53.1996737]}},{"type":"Feature","properties":{"id":1935,"z":107.47,"code":"GRD"},"geometry":{"type":"Point","coordinates":[-1.7994753,53.1996668]}},{"type":"Feature","properties":{"id":1936,"z":107.38,"code":"GRD"},"geometry":{"type":"Point","coordinates":[-1.7993972,53.199668]}},{"type":"Feature","properties":{"id":1937,"z":107.18,"code":"GRD"},"geometry":{"type":"Point","coordinates":[-1.7993435,53.1996821]}},{"type":"Feature","properties":{"id":1938,"z":107.21,"code":"GRD"},"geometry":{"type":"Point","coordinates":[-1.7992831,53.1996753]}},{"type":"Feature","properties":{"id":1939,"z":107.11,"code":"GRD"},"geometry":{"type":"Point","coordinates":[-1.7992285,53.1996703]}},{"type":"Feature","properties":{"id":1940,"z":107.16,"code":"GRD"},"geometry":{"type":"Point","coordinates":[-1.7991523,53.1996666]}},{"type":"Feature","properties":{"id":1941,"z":107.13,"code":"GRD"},"geometry":{"type":"Point","coordinates":[-1.7990873,53.1996649]}},{"type":"Feature","properties":{"id":1942,"z":107.09,"code":"GRD"},"geometry":{"type":"Point","coordinates":[-1.7990295,53.1996811]}},{"type":"Feature","properties":{"id":1943,"z":107.09,"code":"GRD"},"geometry":{"type":"Point","coordinates":[-1.7989745,53.1996671]}},{"type":"Feature","properties":{"id":1944,"z":107.04,"code":"GRD"},"geometry":{"type":"Point","coordinates":[-1.7988924,53.1996837]}},{"type":"Feature","properties":{"id":1945,"z":107.04,"code":"GRD"},"geometry":{"type":"Point","coordinates":[-1.7988428,53.199663]}},{"type":"Feature","properties":{"id":1946,"z":107.0,"code":"GRD"},"geometry":{"type":"Point","coordinates":[-1.7987655,53.199663]}},{"type":"Feature","properties":{"id":1947,"z":107.01,"code":"GRD"},"geometry":{"type":"Point","coordinates":[-1.7987426,53.1996707]}},{"type":"Feature","properties":{"id":1948,"z":106.92,"code":"GRD"},"geometry":{"type":"Point","coordinates":[-1.798663,53.1996826]}},{"type":"Feature","properties":{"id":1949,"z":106.86,"code":"GRD"},"geometry":{"type":"Point","coordinates":[-1.7985846,53.1996734]}},{"type":"Feature","properties":{"id":1950,"z":106.67,"code":"GRD"},"geometry":{"type":"Point","coordinates":[-1.7985444,53.1996663]}},{"type":"Feature","properties":{"id":1951,"z":106.59,"code":"GRD"},"geometry":{"type":"Point","coordinates":[-1.7984643,53.1996714]}},{"type":"Feature","properties":{"id":1952,"z":106.52,"code":"GRD"},"geometry":{"type":"Point","coordinates":[-1.7984148,53.1996739]}},{"type":"Feature","properties":{"id":1953,"z":106.3,"code":"GRD"},"geometry":{"type":"Point","coordinates":[-1.7983513,53.1996589]}},{"type":"Feature","properties":{"id":1954,"z":106.12,"code":"GRD"},"geometry":{"type":"Point","coordinates":[-1.7982985,53.19966]}},{"type":"Feature","properties":{"id":1955,"z":105.98,"code":"GRD"},"geometry":{"type":"Point","coordinates":[-1.7982101,53.1996829]}},{"type":"Feature","properties":{"id":1956,"z":105.78,"code":"GRD"},"geometry":{"type":"Point","coordinates":[-1.7981413,53.1996734]}},{"type":"Feature","properties":{"id":1957,"z":105.72,"code":"GRD"},"geometry":{"type":"Point","coordinates":[-1.7980974,53.1996652]}},{"type":"Feature","properties":{"id":1958,"z":105.57,"code":"GRD"},"geometry":{"type":"Point","coordinates":[-1.7980244,53.1996603]}},{"type":"Feature","properties":{"id":1959,"z":105.43,"code":"GRD"},"geometry":{"type":"Point","coordinates":[-1.7979668,53.1996688]}},{"type":"Feature","properties":{"id":1960,"z":105.31,"code":"GRD"},"geometry":{"type":"Point","coordinates":[-1.7979202,53.199677]}},{"type":"Feature","properties":{"id":1961,"z":105.17,"code":"GRD"},"geometry":{"type":"Point","coordinates":[-1.7978567,53.1996737]}},{"type":"Feature","properties":{"id":1962,"z":105.05,"code":"GRD"},"geometry":{"type":"Point","coordinates":[-1.797762,53.1996835]}},{"type":"Feature","properties":{"id":1963,"z":111.25,"code":"GRD"},"geometry":{"type":"Point","coordinates":[-1.8022335,53.1997131]}},{"type":"Feature","properties":{"id":1964,"z":111.41,"code":"GRD"},"geometry":{"type":"Point","coordinates":[-1.8021958,53.1997195]}},{"type":"Feature","properties":{"id":1965,"z":111.44,"code":"GRD"},"geometry":{"type":"Point","coordinates":[-1.8021341,53.1997109]}},{"type":"Feature","properties":{"id":1966,"z":111.65,"code":"GRD"},"geometry":{"type":"Point","coordinates":[-1.8020656,53.1997038]}},{"type":"Feature","properties":{"id":1967,"z":111.76,"code":"GRD"},"geometry":{"type":"Point","coordinates":[-1.8020046,53.19971]}},{"type":"Feature","properties":{"id":1968,"z":112.03,"code":"GRD"},"geometry":{"type":"Point","coordinates":[-1.8019165,53.1997106]}},{"type":"Feature","properties":{"id":1969,"z":111.92,"code":"GRD"},"geometry":{"type":"Point","coordinates":[-1.8018509,53.1996971]}},{"type":"Feature","properties":{"id":1970,"z":112.09,"code":"GRD"},"geometry":{"type":"Point","coordinates":[-1.8018102,53.1997103]}},{"type":"Feature","properties":{"id":1971,"z":112.02,"code":"GRD"},"geometry":{"type":"Point","coordinates":[-1.8017404,53.1997084]}},{"type":"Feature","properties":{"id":1972,"z":112.11,"code":"GRD"},"geometry":{"type":"Point","coordinates":[-1.8016769,53.1997098]}},{"type":"Feature","properties":{"id":1973,"z":111.99,"code":"GRD"},"geometry":{"type":"Point","coordinates":[-1.80164,53.1997044]}},{"type":"Feature","properties":{"id":1974,"z":111.98,"code":"GRD"},"geometry":{"type":"Point","coordinates":[-1.8015408,53.1996979]}},{"type":"Feature","properties":{"id":1975,"z":112.05,"code":"GRD"},"geometry":{"type":"Point","coordinates":[-1.8014874,53.1997165]}},{"type":"Feature","properties":{"id":1976,"z":111.95,"code":"GRD"},"geometry":{"type":"Point","coordinates":[-1.8014416,53.199706]}},{"type":"Feature","properties":{"id":1977,"z":111.94,"code":"GRD"},"geometry":{"type":"Point","coordinates":[-1.8013664,53.1997116]}},{"type":"Feature","properties":{"id":1978,"z":111.88,"code":"GRD"},"geometry":{"type":"Point","coordinates":[-1.801312,53.1997111]}},{"type":"Feature","properties":{"id":1979,"z":111.69,"code":"GRD"},"geometry":{"type":"Point","coordinates":[-1.8012227,53.1997026]}},{"type":"Feature","properties":{"id":1980,"z":111.64,"code":"GRD"},"geometry":{"type":"Point","coordinates":[-1.801178,53.1997061]}},{"type":"Feature","properties":{"id":1981,"z":111.71,"code":"GRD"},"geometry":{"type":"Point","coordinates":[-1.8011294,53.1997104]}},{"type":"Feature","properties":{"id":1982,"z":111.65,"code":"GRD"},"geometry":{"type":"Point","coordinates":[-1.8010412,53.1997199]}},{"type":"Feature","properties":{"id":1983,"z":111.62,"code":"GRD"},"geometry":{"type":"Point","coordinates":[-1.80099,53.1997199]}},{"type":"Feature","properties":{"id":1984,"z":111.58,"code":"GRD"},"geometry":{"type":"Point","coordinates":[-1.8009409,53.1997175]}},{"type":"Feature","properties":{"id":1985,"z":111.6,"code":"GRD"},"geometry":{"type":"Point","coordinates":[-1.8008458,53.199698]}},{"type":"Feature","properties":{"id":1986,"z":111.59,"code":"GRD"},"geometry":{"type":"Point","coordinates":[-1.800808,53.1997003]}},{"type":"Feature","properties":{"id":1987,"z":111.61,"code":"GRD"},"geometry":{"type":"Point","coordinates":[-1.8007294,53.199711]}},{"type":"Feature","properties":{"id":1988,"z":111.56,"code":"GRD"},"geometry":{"type":"Point","coordinates":[-1.8006907,53.1997165]}},{"type":"Feature","properties":{"id":1989,"z":111.33,"code":"GRD"},"geometry":{"type":"Point","coordinates":[-1.8005984,53.199717]}},{"type":"Feature","properties":{"id":1990,"z":111.19,"code":"GRD"},"geometry":{"type":"Point","coordinates":[-1.8005608,53.19972]}},{"type":"Feature","properties":{"id":1991,"z":110.67,"code":"GRD"},"geometry":{"type":"Point","coordinates":[-1.8005068,53.1997182]}},{"type":"Feature","properties":{"id":1992,"z":108.75,"code":"GRD"},"geometry":{"type":"Point","coordinates":[-1.8004092,53.1996988]}},{"type":"Feature","properties":{"id":1993,"z":108.56,"code":"GRD"},"geometry":{"type":"Point","coordinates":[-1.8003543,53.1997173]}},{"type":"Feature","properties":{"id":1994,"z":107.5,"code":"GRD"},"geometry":{"type":"Point","coordinates":[-1.8002766,53.1997046]}},{"type":"Feature","properties":{"id":1995,"z":107.33,"code":"GRD"},"geometry":{"type":"Point","coordinates":[-1.8002418,53.1997136]}},{"type":"Feature","properties":{"id":1996,"z":107.35,"code":"GRD"},"geometry":{"type":"Point","coordinates":[-1.8001632,53.1997177]}},{"type":"Feature","properties":{"id":1997,"z":107.66,"code":"GRD"},"geometry":{"type":"Point","coordinates":[-1.8001184,53.19971]}},{"type":"Feature","properties":{"id":1998,"z":107.93,"code":"GRD"},"geometry":{"type":"Point","coordinates":[-1.8000603,53.199718]}},{"type":"Feature","properties":{"id":1999,"z":108.39,"code":"GRD"},"geometry":{"type":"Point","coordinates":[-1.7999737,53.1997133]}},{"type":"Feature","properties":{"id":2000,"z":108.47,"code":"GRD"},"geometry":{"type":"Point","coordinates":[-1.7999349,53.1997159]}},{"type":"Feature","properties":{"id":2001,"z":108.54,"code":"GRD"},"geometry":{"type":"Point","coordinates":[-1.7998729,53.1997035]}},{"type":"Feature","properties":{"id":2002,"z":108.3,"code":"GRD"},"geometry":{"type":"Point","coordinates":[-1.7997816,53.1997081]}},{"type":"Feature","properties":{"id":2003,"z":108.15,"code":"GRD"},"geometry":{"type":"Point","coordinates":[-1.7997466,53.1997051]}},{"type":"Feature","properties":{"id":2004,"z":107.87,"code":"GRD"},"geometry":{"type":"Point","coordinates":[-1.7996511,53.1997004]}},{"type":"Feature","properties":{"id":2005,"z":107.65,"code":"GRD"},"geometry":{"type":"Point","coordinates":[-1.7996213,53.1997132]}},{"type":"Feature","properties":{"id":2006,"z":107.43,"code":"GRD"},"geometry":{"type":"Point","coordinates":[-1.7995586,53.1997026]}},{"type":"Feature","properties":{"id":2007,"z":107.14,"code":"GRD"},"geometry":{"type":"Point","coordinates":[-1.7994819,53.1997077]}},{"type":"Feature","properties":{"id":2008,"z":107.13,"code":"GRD"},"geometry":{"type":"Point","coordinates":[-1.7994348,53.1997049]}},{"type":"Feature","properties":{"id":2009,"z":106.99,"code":"GRD"},"geometry":{"type":"Point","coordinates":[-1.7993432,53.1997161]}},{"type":"Feature","properties":{"id":2010,"z":106.93,"code":"GRD"},"geometry":{"type":"Point","coordinates":[-1.7992878,53.199714]}},{"type":"Feature","properties":{"id":2011,"z":106.98,"code":"GRD"},"geometry":{"type":"Point","coordinates":[-1.7992349,53.1997035]}},{"type":"Feature","properties":{"id":2012,"z":106.97,"code":"GRD"},"geometry":{"type":"Point","coordinates":[-1.7991532,53.1997018]}},{"type":"Feature","properties":{"id":2013,"z":107.03,"code":"GRD"},"geometry":{"type":"Point","coordinates":[-1.7990849,53.1997124]}},{"type":"Feature","properties":{"id":2014,"z":107.14,"code":"GRD"},"geometry":{"type":"Point","coordinates":[-1.7990381,53.1997059]}},{"type":"Feature","properties":{"id":2015,"z":107.07,"code":"GRD"},"geometry":{"type":"Point","coordinates":[-1.7989764,53.1997106]}},{"type":"Feature","properties":{"id":2016,"z":107.16,"code":"GRD"},"geometry":{"type":"Point","coordinates":[-1.7988961,53.1997028]}},{"type":"Feature","properties":{"id":2017,"z":107.25,"code":"GRD"},"geometry":{"type":"Point","coordinates":[-1.7988482,53.1997157]}},{"type":"Feature","properties":{"id":2018,"z":107.26,"code":"GRD"},"geometry":{"type":"Point","coordinates":[-1.7987997,53.1997072]}},{"type":"Feature","properties":{"id":2019,"z":107.25,"code":"GRD"},"geometry":{"type":"Point","coordinates":[-1.7987273,53.1997175]}},{"type":"Feature","properties":{"id":2020,"z":107.15,"code":"GRD"},"geometry":{"type":"Point","coordinates":[-1.7986429,53.1997058]}},{"type":"Feature","properties":{"id":2021,"z":107.14,"code":"GRD"},"geometry":{"type":"Point","coordinates":[-1.7985863,53.1997196]}},{"type":"Feature","properties":{"id":2022,"z":106.86,"code":"GRD"},"geometry":{"type":"Point","coordinates":[-1.7985266,53.1997041]}},{"type":"Feature","properties":{"id":2023,"z":106.77,"code":"GRD"},"geometry":{"type":"Point","coordinates":[-1.7984726,53.1997081]}},{"type":"Feature","properties":{"id":2024,"z":106.6,"code":"GRD"},"geometry":{"type":"Point","coordinates":[-1.7983901,53.1997192]}},{"type":"Feature","properties":{"id":2025,"z":106.28,"code":"GRD"},"geometry":{"type":"Point","coordinates":[-1.7983249,53.1996999]}},{"type":"Feature","properties":{"id":2026,"z":106.11,"code":"GRD"},"geometry":{"type":"Point","coordinates":[-1.7982637,53.1997125]}},{"type":"Feature","properties":{"id":2027,"z":105.85,"code":"GRD"},"geometry":{"type":"Point","coordinates":[-1.7981978,53.199697]}},{"type":"Feature","properties":{"id":2028,"z":105.56,"code":"GRD"},"geometry":{"type":"Point","coordinates":[-1.7981409,53.199717]}},{"type":"Feature","properties":{"id":2029,"z":105.54,"code":"GRD"},"geometry":{"type":"Point","coordinates":[-1.7981045,53.1997153]}},{"type":"Feature","properties":{"id":2030,"z":105.33,"code":"GRD"},"geometry":{"type":"Point","coordinates":[-1.7980308,53.1997067]}},{"type":"Feature","properties":{"id":2031,"z":105.25,"code":"GRD"},"geometry":{"type":"Point","coordinates":[-1.7979568,53.1996986]}},{"type":"Feature","properties":{"id":2032,"z":104.99,"code":"GRD"},"geometry":{"type":"Point","coordinates":[-1.7978835,53.1997019]}},{"type":"Feature","properties":{"id":2033,"z":104.85,"code":"GRD"},"geometry":{"type":"Point","coordinates":[-1.7978373,53.1997188]}},{"type":"Feature","properties":{"id":2034,"z":104.81,"code":"GRD"},"geometry":{"type":"Point","coordinates":[-1.7977589,53.1997123]}},{"type":"Feature","properties":{"id":2035,"z":111.48,"code":"GRD"},"geometry":{"type":"Point","coordinates":[-1.802183,53.1997453]}},{"type":"Feature","properties":{"id":2036,"z":111.72,"code":"GRD"},"geometry":{"type":"Point","coordinates":[-1.8021032,53.1997445]}},{"type":"Feature","properties":{"id":2037,"z":111.94,"code":"GRD"},"geometry":{"type":"Point","coordinates":[-1.8020743,53.1997577]}},{"type":"Feature","properties":{"id":2038,"z":112.08,"code":"GRD"},"geometry":{"type":"Point","coordinates":[-1.8019937,53.1997478]}},{"type":"Feature","properties":{"id":2039,"z":112.24,"code":"GRD"},"geometry":{"type":"Point","coordinates":[-1.8019423,53.1997465]}},{"type":"Feature","properties":{"id":2040,"z":112.44,"code":"GRD"},"geometry":{"type":"Point","coordinates":[-1.8018738,53.1997587]}},{"type":"Feature","properties":{"id":2041,"z":112.34,"code":"GRD"},"geometry":{"type":"Point","coordinates":[-1.8018273,53.1997381]}},{"type":"Feature","properties":{"id":2042,"z":112.57,"code":"GRD"},"geometry":{"type":"Point","coordinates":[-1.801752,53.1997538]}},{"type":"Feature","properties":{"id":2043,"z":112.44,"code":"GRD"},"geometry":{"type":"Point","coordinates":[-1.8016708,53.1997452]}},{"type":"Feature","properties":{"id":2044,"z":112.45,"code":"GRD"},"geometry":{"type":"Point","coordinates":[-1.801618,53.1997475]}},{"type":"Feature","properties":{"id":2045,"z":112.38,"code":"GRD"},"geometry":{"type":"Point","coordinates":[-1.8015496,53.1997514]}},{"type":"Feature","properties":{"id":2046,"z":112.35,"code":"GRD"},"geometry":{"type":"Point","coordinates":[-1.8014987,53.1997572]}},{"type":"Feature","properties":{"id":2047,"z":112.15,"code":"GRD"},"geometry":{"type":"Point","coordinates":[-1.8014488,53.199748]}},{"type":"Feature","properties":{"id":2048,"z":112.03,"code":"GRD"},"geometry":{"type":"Point","coordinates":[-1.8013612,53.1997397]}},{"type":"Feature","properties":{"id":2049,"z":111.98,"code":"GRD"},"geometry":{"type":"Point","coordinates":[-1.8013242,53.1997526]}},{"type":"Feature","properties":{"id":2050,"z":111.77,"code":"GRD"},"geometry":{"type":"Point","coordinates":[-1.8012364,53.1997411]}},{"type":"Feature","properties":{"id":2051,"z":111.75,"code":"GRD"},"geometry":{"type":"Point","coordinates":[-1.8011919,53.1997387]}},{"type":"Feature","properties":{"id":2052,"z":111.67,"code":"GRD"},"geometry":{"type":"Point","coordinates":[-1.8011025,53.1997455]}},{"type":"Feature","properties":{"id":2053,"z":111.62,"code":"GRD"},"geometry":{"type":"Point","coordinates":[-1.8010399,53.1997491]}},{"type":"Feature","properties":{"id":2054,"z":111.63,"code":"GRD"},"geometry":{"type":"Point","coordinates":[-1.8009833,53.199744]}},{"type":"Feature","properties":{"id":2055,"z":111.7,"code":"GRD"},"geometry":{"type":"Point","coordinates":[-1.8009069,53.199751]}},{"type":"Feature","properties":{"id":2056,"z":111.77,"code":"GRD"},"geometry":{"type":"Point","coordinates":[-1.8008624,53.1997502]}},{"type":"Feature","properties":{"id":2057,"z":111.83,"code":"GRD"},"geometry":{"type":"Point","coordinates":[-1.8008121,53.1997553]}},{"type":"Feature","properties":{"id":2058,"z":111.85,"code":"GRD"},"geometry":{"type":"Point","coordinates":[-1.8007583,53.1997453]}},{"type":"Feature","properties":{"id":2059,"z":111.75,"code":"GRD"},"geometry":{"type":"Point","coordinates":[-1.8006656,53.1997417]}},{"type":"Feature","properties":{"id":2060,"z":111.86,"code":"GRD"},"geometry":{"type":"Point","coordinates":[-1.8006231,53.1997518]}},{"type":"Feature","properties":{"id":2061,"z":111.84,"code":"GRD"},"geometry":{"type":"Point","coordinates":[-1.8005552,53.1997532]}},{"type":"Feature","properties":{"id":2062,"z":111.49,"code":"GRD"},"geometry":{"type":"Point","coordinates":[-1.8004828,53.1997546]}},{"type":"Feature","properties":{"id":2063,"z":109.97,"code":"GRD"},"geometry":{"type":"Point","coordinates":[-1.8004025,53.1997344]}},{"type":"Feature","properties":{"id":2064,"z":109.09,"code":"GRD"},"geometry":{"type":"Point","coordinates":[-1.8003441,53.1997348]}},{"type":"Feature","properties":{"id":2065,"z":108.51,"code":"GRD"},"geometry":{"type":"Point","coordinates":[-1.8002856,53.199742]}},{"type":"Feature","properties":{"id":2066,"z":108.29,"code":"GRD"},"geometry":{"type":"Point","coordinates":[-1.8002462,53.1997538]}},{"type":"Feature","properties":{"id":2067,"z":107.35,"code":"GRD"},"geometry":{"type":"Point","coordinates":[-1.8001714,53.199735]}},{"type":"Feature","properties":{"id":2068,"z":107.39,"code":"GRD"},"geometry":{"type":"Point","coordinates":[-1.8000966,53.1997396]}},{"type":"Feature","properties":{"id":2069,"z":107.39,"code":"GRD"},"geometry":{"type":"Point","coordinates":[-1.8000551,53.1997508]}},{"type":"Feature","properties":{"id":2070,"z":107.68,"code":"GRD"},"geometry":{"type":"Point","coordinates":[-1.7999709,53.1997501]}},{"type":"Feature","properties":{"id":2071,"z":108.16,"code":"GRD"},"geometry":{"type":"Point","coordinates":[-1.7999119,53.1997393]}},{"type":"Feature","properties":{"id":2072,"z":108.03,"code":"GRD"},"geometry":{"type":"Point","coordinates":[-1.7998546,53.1997491]}},{"type":"Feature","properties":{"id":2073,"z":108.04,"code":"GRD"},"geometry":{"type":"Point","coordinates":[-1.799801,53.1997427]}},{"type":"Feature","properties":{"id":2074,"z":107.9,"code":"GRD"},"geometry":{"type":"Point","coordinates":[-1.799747,53.1997429]}},{"type":"Feature","properties":{"id":2075,"z":107.53,"code":"GRD"},"geometry":{"type":"Point","coordinates":[-1.7996808,53.1997525]}},{"type":"Feature","properties":{"id":2076,"z":107.35,"code":"GRD"},"geometry":{"type":"Point","coordinates":[-1.7996202,53.199753]}},{"type":"Feature","properties":{"id":2077,"z":107.14,"code":"GRD"},"geometry":{"type":"Point","coordinates":[-1.7995515,53.1997471]}},{"type":"Feature","properties":{"id":2078,"z":106.89,"code":"GRD"},"geometry":{"type":"Point","coordinates":[-1.7994878,53.1997563]}},{"type":"Feature","properties":{"id":2079,"z":106.72,"code":"GRD"},"geometry":{"type":"Point","coordinates":[-1.7994047,53.1997516]}},{"type":"Feature","properties":{"id":2080,"z":106.85,"code":"GRD"},"geometry":{"type":"Point","coordinates":[-1.7993496,53.1997405]}},{"type":"Feature","properties":{"id":2081,"z":106.69,"code":"GRD"},"geometry":{"type":"Point","coordinates":[-1.7993096,53.1997424]}},{"type":"Feature","properties":{"id":2082,"z":106.68,"code":"GRD"},"geometry":{"type":"Point","coordinates":[-1.7992337,53.1997391]}},{"type":"Feature","properties":{"id":2083,"z":106.78,"code":"GRD"},"geometry":{"type":"Point","coordinates":[-1.7991832,53.1997551]}},{"type":"Feature","properties":{"id":2084,"z":106.95,"code":"GRD"},"geometry":{"type":"Point","coordinates":[-1.7991082,53.1997344]}},{"type":"Feature","properties":{"id":2085,"z":106.99,"code":"GRD"},"geometry":{"type":"Point","coordinates":[-1.7990493,53.199737]}},{"type":"Feature","properties":{"id":2086,"z":107.15,"code":"GRD"},"geometry":{"type":"Point","coordinates":[-1.7989798,53.1997371]}},{"type":"Feature","properties":{"id":2087,"z":107.29,"code":"GRD"},"geometry":{"type":"Point","coordinates":[-1.798908,53.1997453]}},{"type":"Feature","properties":{"id":2088,"z":107.35,"code":"GRD"},"geometry":{"type":"Point","coordinates":[-1.7988565,53.1997473]}},{"type":"Feature","properties":{"id":2089,"z":107.38,"code":"GRD"},"geometry":{"type":"Point","coordinates":[-1.7987919,53.1997572]}},{"type":"Feature","properties":{"id":2090,"z":107.37,"code":"GRD"},"geometry":{"type":"Point","coordinates":[-1.7987101,53.1997482]}},{"type":"Feature","properties":{"id":2091,"z":107.43,"code":"GRD"},"geometry":{"type":"Point","coordinates":[-1.7986747,53.1997564]}},{"type":"Feature","properties":{"id":2092,"z":107.28,"code":"GRD"},"geometry":{"type":"Point","coordinates":[-1.7985918,53.1997366]}},{"type":"Feature","properties":{"id":2093,"z":107.16,"code":"GRD"},"geometry":{"type":"Point","coordinates":[-1.7985529,53.1997517]}},{"type":"Feature","properties":{"id":2094,"z":106.99,"code":"GRD"},"geometry":{"type":"Point","coordinates":[-1.7984814,53.1997476]}},{"type":"Feature","properties":{"id":2095,"z":106.67,"code":"GRD"},"geometry":{"type":"Point","coordinates":[-1.7984075,53.1997508]}},{"type":"Feature","properties":{"id":2096,"z":106.39,"code":"GRD"},"geometry":{"type":"Point","coordinates":[-1.7983573,53.1997499]}},{"type":"Feature","properties":{"id":2097,"z":106.25,"code":"GRD"},"geometry":{"type":"Point","coordinates":[-1.7982945,53.199752]}},{"type":"Feature","properties":{"id":2098,"z":105.96,"code":"GRD"},"geometry":{"type":"Point","coordinates":[-1.7982377,53.199741]}},{"type":"Feature","properties":{"id":2099,"z":105.6,"code":"GRD"},"geometry":{"type":"Point","coordinates":[-1.7981543,53.1997385]}},{"type":"Feature","properties":{"id":2100,"z":105.24,"code":"GRD"},"geometry":{"type":"Point","coordinates":[-1.7980801,53.1997365]}},{"type":"Feature","properties":{"id":2101,"z":105.09,"code":"GRD"},"geometry":{"type":"Point","coordinates":[-1.7980452,53.1997396]}},{"type":"Feature","properties":{"id":2102,"z":104.86,"code":"GRD"},"geometry":{"type":"Point","coordinates":[-1.7979554,53.1997459]}},{"type":"Feature","properties":{"id":2103,"z":104.61,"code":"GRD"},"geometry":{"type":"Point","coordinates":[-1.7979078,53.1997582]}},{"type":"Feature","properties":{"id":2104,"z":104.54,"code":"GRD"},"geometry":{"type":"Point","coordinates":[-1.7978471,53.1997584]}},{"type":"Feature","properties":{"id":2105,"z":104.46,"code":"GRD"},"geometry":{"type":"Point","coordinates":[-1.7977756,53.1997578]}},{"type":"Feature","properties":{"id":2106,"z":111.58,"code":"GRD"},"geometry":{"type":"Point","coordinates":[-1.8021749,53.1997907]}},{"type":"Feature","properties":{"id":2107,"z":111.85,"code":"GRD"},"geometry":{"type":"Point","coordinates":[-1.8021042,53.1997744]}},{"type":"Feature","properties":{"id":2108,"z":112.14,"code":"GRD"},"geometry":{"type":"Point","coordinates":[-1.8020486,53.19979]}},{"type":"Feature","properties":{"id":2109,"z":112.41,"code":"GRD"},"geometry":{"type":"Point","coordinates":[-1.8020013,53.1997907]}},{"type":"Feature","properties":{"id":2110,"z":112.5,"code":"GRD"},"geometry":{"type":"Point","coordinates":[-1.8019537,53.1997953]}},{"type":"Feature","properties":{"id":2111,"z":112.79,"code":"GRD"},"geometry":{"type":"Point","coordinates":[-1.8018727,53.1997923]}},{"type":"Feature","properties":{"id":2112,"z":112.82,"code":"GRD"},"geometry":{"type":"Point","coordinates":[-1.8018169,53.1997855]}},{"type":"Feature","properties":{"id":2113,"z":112.89,"code":"GRD"},"geometry":{"type":"Point","coordinates":[-1.8017632,53.1997934]}},{"type":"Feature","properties":{"id":2114,"z":112.87,"code":"GRD"},"geometry":{"type":"Point","coordinates":[-1.8016751,53.1997825]}},{"type":"Feature","properties":{"id":2115,"z":112.61,"code":"GRD"},"geometry":{"type":"Point","coordinates":[-1.8016004,53.1997739]}},{"type":"Feature","properties":{"id":2116,"z":112.65,"code":"GRD"},"geometry":{"type":"Point","coordinates":[-1.801548,53.1997901]}},{"type":"Feature","properties":{"id":2117,"z":112.44,"code":"GRD"},"geometry":{"type":"Point","coordinates":[-1.8014758,53.1997829]}},{"type":"Feature","properties":{"id":2118,"z":112.39,"code":"GRD"},"geometry":{"type":"Point","coordinates":[-1.8014267,53.1997923]}},{"type":"Feature","properties":{"id":2119,"z":112.14,"code":"GRD"},"geometry":{"type":"Point","coordinates":[-1.8013499,53.1997786]}},{"type":"Feature","properties":{"id":2120,"z":112.12,"code":"GRD"},"geometry":{"type":"Point","coordinates":[-1.8013239,53.1997753]}},{"type":"Feature","properties":{"id":2121,"z":111.92,"code":"GRD"},"geometry":{"type":"Point","coordinates":[-1.8012539,53.1997755]}},{"type":"Feature","properties":{"id":2122,"z":111.8,"code":"GRD"},"geometry":{"type":"Point","coordinates":[-1.801162,53.1997886]}},{"type":"Feature","properties":{"id":2123,"z":111.79,"code":"GRD"},"geometry":{"type":"Point","coordinates":[-1.8011194,53.1997956]}},{"type":"Feature","properties":{"id":2124,"z":111.87,"code":"GRD"},"geometry":{"type":"Point","coordinates":[-1.8010736,53.1997824]}},{"type":"Feature","properties":{"id":2125,"z":111.84,"code":"GRD"},"geometry":{"type":"Point","coordinates":[-1.8010064,53.1997958]}},{"type":"Feature","properties":{"id":2126,"z":111.9,"code":"GRD"},"geometry":{"type":"Point","coordinates":[-1.8009124,53.1997902]}},{"type":"Feature","properties":{"id":2127,"z":111.89,"code":"GRD"},"geometry":{"type":"Point","coordinates":[-1.8008641,53.1997842]}},{"type":"Feature","properties":{"id":2128,"z":111.96,"code":"GRD"},"geometry":{"type":"Point","coordinates":[-1.8008157,53.1997847]}},{"type":"Feature","properties":{"id":2129,"z":112.07,"code":"GRD"},"geometry":{"type":"Point","coordinates":[-1.800722,53.1997824]}},{"type":"Feature","properties":{"id":2130,"z":112.04,"code":"GRD"},"geometry":{"type":"Point","coordinates":[-1.8006847,53.1997778]}},{"type":"Feature","properties":{"id":2131,"z":112.33,"code":"GRD"},"geometry":{"type":"Point","coordinates":[-1.8006089,53.1997942]}},{"type":"Feature","properties":{"id":2132,"z":112.24,"code":"GRD"},"geometry":{"type":"Point","coordinates":[-1.8005484,53.1997847]}},{"type":"Feature","properties":{"id":2133,"z":112.06,"code":"GRD"},"geometry":{"type":"Point","coordinates":[-1.8005062,53.1997801]}},{"type":"Feature","properties":{"id":2134,"z":111.55,"code":"GRD"},"geometry":{"type":"Point","coordinates":[-1.8004307,53.1997749]}},{"type":"Feature","properties":{"id":2135,"z":110.89,"code":"GRD"},"geometry":{"type":"Point","coordinates":[-1.8003422,53.199784]}},{"type":"Feature","properties":{"id":2136,"z":110.16,"code":"GRD"},"geometry":{"type":"Point","coordinates":[-1.800281,53.1997894]}},{"type":"Feature","properties":{"id":2137,"z":109.49,"code":"GRD"},"geometry":{"type":"Point","coordinates":[-1.8002423,53.1997902]}},{"type":"Feature","properties":{"id":2138,"z":108.38,"code":"GRD"},"geometry":{"type":"Point","coordinates":[-1.8001833,53.1997858]}},{"type":"Feature","properties":{"id":2139,"z":107.5,"code":"GRD"},"geometry":{"type":"Point","coordinates":[-1.8001219,53.1997805]}},{"type":"Feature","properties":{"id":2140,"z":107.05,"code":"GRD"},"geometry":{"type":"Point","coordinates":[-1.8000314,53.1997921]}},{"type":"Feature","properties":{"id":2141,"z":107.19,"code":"GRD"},"geometry":{"type":"Point","coordinates":[-1.7999942,53.1997745]}},{"type":"Feature","properties":{"id":2142,"z":107.02,"code":"GRD"},"geometry":{"type":"Point","coordinates":[-1.7999096,53.1997906]}},{"type":"Feature","properties":{"id":2143,"z":107.23,"code":"GRD"},"geometry":{"type":"Point","coordinates":[-1.7998554,53.199786]}},{"type":"Feature","properties":{"id":2144,"z":107.26,"code":"GRD"},"geometry":{"type":"Point","coordinates":[-1.7997754,53.1997881]}},{"type":"Feature","properties":{"id":2145,"z":107.15,"code":"GRD"},"geometry":{"type":"Point","coordinates":[-1.7997303,53.1997909]}},{"type":"Feature","properties":{"id":2146,"z":107.24,"code":"GRD"},"geometry":{"type":"Point","coordinates":[-1.799664,53.1997751]}},{"type":"Feature","properties":{"id":2147,"z":106.98,"code":"GRD"},"geometry":{"type":"Point","coordinates":[-1.7996069,53.1997859]}},{"type":"Feature","properties":{"id":2148,"z":106.79,"code":"GRD"},"geometry":{"type":"Point","coordinates":[-1.7995469,53.1997817]}},{"type":"Feature","properties":{"id":2149,"z":106.67,"code":"GRD"},"geometry":{"type":"Point","coordinates":[-1.7994583,53.1997741]}},{"type":"Feature","properties":{"id":2150,"z":106.45,"code":"GRD"},"geometry":{"type":"Point","coordinates":[-1.7994354,53.19979]}},{"type":"Feature","properties":{"id":2151,"z":106.5,"code":"GRD"},"geometry":{"type":"Point","coordinates":[-1.7993483,53.1997811]}},{"type":"Feature","properties":{"id":2152,"z":106.6,"code":"GRD"},"geometry":{"type":"Point","coordinates":[-1.7993001,53.1997722]}},{"type":"Feature","properties":{"id":2153,"z":106.46,"code":"GRD"},"geometry":{"type":"Point","coordinates":[-1.7992352,53.1997835]}},{"type":"Feature","properties":{"id":2154,"z":106.75,"code":"GRD"},"geometry":{"type":"Point","coordinates":[-1.7991706,53.1997733]}},{"type":"Feature","properties":{"id":2155,"z":106.76,"code":"GRD"},"geometry":{"type":"Point","coordinates":[-1.7991111,53.1997782]}},{"type":"Feature","properties":{"id":2156,"z":106.97,"code":"GRD"},"geometry":{"type":"Point","coordinates":[-1.7990289,53.1997919]}},{"type":"Feature","properties":{"id":2157,"z":107.15,"code":"GRD"},"geometry":{"type":"Point","coordinates":[-1.7989854,53.1997919]}},{"type":"Feature","properties":{"id":2158,"z":107.42,"code":"GRD"},"geometry":{"type":"Point","coordinates":[-1.798896,53.1997934]}},{"type":"Feature","properties":{"id":2159,"z":107.54,"code":"GRD"},"geometry":{"type":"Point","coordinates":[-1.7988279,53.1997898]}},{"type":"Feature","properties":{"id":2160,"z":107.57,"code":"GRD"},"geometry":{"type":"Point","coordinates":[-1.798787,53.1997755]}},{"type":"Feature","properties":{"id":2161,"z":107.63,"code":"GRD"},"geometry":{"type":"Point","coordinates":[-1.7987404,53.1997922]}},{"type":"Feature","properties":{"id":2162,"z":107.6,"code":"GRD"},"geometry":{"type":"Point","coordinates":[-1.7986524,53.1997837]}},{"type":"Feature","properties":{"id":2163,"z":107.33,"code":"GRD"},"geometry":{"type":"Point","coordinates":[-1.7985915,53.1997743]}},{"type":"Feature","properties":{"id":2164,"z":107.26,"code":"GRD"},"geometry":{"type":"Point","coordinates":[-1.7985296,53.1997824]}},{"type":"Feature","properties":{"id":2165,"z":107.08,"code":"GRD"},"geometry":{"type":"Point","coordinates":[-1.7984607,53.1997749]}},{"type":"Feature","properties":{"id":2166,"z":106.79,"code":"GRD"},"geometry":{"type":"Point","coordinates":[-1.7984188,53.1997804]}},{"type":"Feature","properties":{"id":2167,"z":106.45,"code":"GRD"},"geometry":{"type":"Point","coordinates":[-1.7983469,53.1997923]}},{"type":"Feature","properties":{"id":2168,"z":106.13,"code":"GRD"},"geometry":{"type":"Point","coordinates":[-1.7982948,53.1997899]}},{"type":"Feature","properties":{"id":2169,"z":105.75,"code":"GRD"},"geometry":{"type":"Point","coordinates":[-1.7981995,53.1997801]}},{"type":"Feature","properties":{"id":2170,"z":105.39,"code":"GRD"},"geometry":{"type":"Point","coordinates":[-1.798151,53.1997746]}},{"type":"Feature","properties":{"id":2171,"z":105.12,"code":"GRD"},"geometry":{"type":"Point","coordinates":[-1.7980867,53.1997804]}},{"type":"Feature","properties":{"id":2172,"z":104.93,"code":"GRD"},"geometry":{"type":"Point","coordinates":[-1.7980491,53.199775]}},{"type":"Feature","properties":{"id":2173,"z":104.58,"code":"GRD"},"geometry":{"type":"Point","coordinates":[-1.7979746,53.1997874]}},{"type":"Feature","properties":{"id":2174,"z":104.38,"code":"GRD"},"geometry":{"type":"Point","coordinates":[-1.7978867,53.1997848]}},{"type":"Feature","properties":{"id":2175,"z":104.33,"code":"GRD"},"geometry":{"type":"Point","coordinates":[-1.79785,53.1997915]}},{"type":"Feature","properties":{"id":2176,"z":104.25,"code":"GRD"},"geometry":{"type":"Point","coordinates":[-1.797792,53.1997784]}},{"type":"Feature","properties":{"id":2177,"z":111.53,"code":"GRD"},"geometry":{"type":"Point","coordinates":[-1.8022019,53.1998149]}},{"type":"Feature","properties":{"id":2178,"z":111.9,"code":"GRD"},"geometry":{"type":"Point","coordinates":[-1.8021305,53.1998195]}},{"type":"Feature","properties":{"id":2179,"z":112.21,"code":"GRD"},"geometry":{"type":"Point","coordinates":[-1.8020615,53.1998195]}},{"type":"Feature","properties":{"id":2180,"z":112.57,"code":"GRD"},"geometry":{"type":"Point","coordinates":[-1.801986,53.1998323]}},{"type":"Feature","properties":{"id":2181,"z":112.87,"code":"GRD"},"geometry":{"type":"Point","coordinates":[-1.801945,53.1998342]}},{"type":"Feature","properties":{"id":2182,"z":112.98,"code":"GRD"},"geometry":{"type":"Point","coordinates":[-1.8018705,53.1998267]}},{"type":"Feature","properties":{"id":2183,"z":113.15,"code":"GRD"},"geometry":{"type":"Point","coordinates":[-1.8018239,53.1998318]}},{"type":"Feature","properties":{"id":2184,"z":113.11,"code":"GRD"},"geometry":{"type":"Point","coordinates":[-1.8017515,53.1998271]}},{"type":"Feature","properties":{"id":2185,"z":113.06,"code":"GRD"},"geometry":{"type":"Point","coordinates":[-1.8016949,53.199814]}},{"type":"Feature","properties":{"id":2186,"z":113.07,"code":"GRD"},"geometry":{"type":"Point","coordinates":[-1.8016265,53.1998267]}},{"type":"Feature","properties":{"id":2187,"z":112.87,"code":"GRD"},"geometry":{"type":"Point","coordinates":[-1.8015478,53.1998205]}},{"type":"Feature","properties":{"id":2188,"z":112.77,"code":"GRD"},"geometry":{"type":"Point","coordinates":[-1.8015117,53.1998161]}},{"type":"Feature","properties":{"id":2189,"z":112.62,"code":"GRD"},"geometry":{"type":"Point","coordinates":[-1.8014285,53.1998178]}},{"type":"Feature","properties":{"id":2190,"z":112.39,"code":"GRD"},"geometry":{"type":"Point","coordinates":[-1.8013782,53.1998169]}},{"type":"Feature","properties":{"id":2191,"z":112.27,"code":"GRD"},"geometry":{"type":"Point","coordinates":[-1.8012925,53.1998294]}},{"type":"Feature","properties":{"id":2192,"z":112.1,"code":"GRD"},"geometry":{"type":"Point","coordinates":[-1.8012334,53.1998318]}},{"type":"Feature","properties":{"id":2193,"z":111.95,"code":"GRD"},"geometry":{"type":"Point","coordinates":[-1.8011978,53.1998137]}},{"type":"Feature","properties":{"id":2194,"z":111.94,"code":"GRD"},"geometry":{"type":"Point","coordinates":[-1.8011259,53.1998228]}},{"type":"Feature","properties":{"id":2195,"z":111.81,"code":"GRD"},"geometry":{"type":"Point","coordinates":[-1.8010557,53.1998156]}},{"type":"Feature","properties":{"id":2196,"z":111.95,"code":"GRD"},"geometry":{"type":"Point","coordinates":[-1.8009695,53.1998285]}},{"type":"Feature","properties":{"id":2197,"z":111.98,"code":"GRD"},"geometry":{"type":"Point","coordinates":[-1.8009065,53.199816]}},{"type":"Feature","properties":{"id":2198,"z":112.03,"code":"GRD"},"geometry":{"type":"Point","coordinates":[-1.8008492,53.1998125]}},{"type":"Feature","properties":{"id":2199,"z":112.17,"code":"GRD"},"geometry":{"type":"Point","coordinates":[-1.8007845,53.199817]}},{"type":"Feature","properties":{"id":2200,"z":112.29,"code":"GRD"},"geometry":{"type":"Point","coordinates":[-1.8007546,53.1998146]}},{"type":"Feature","properties":{"id":2201,"z":112.42,"code":"GRD"},"geometry":{"type":"Point","coordinates":[-1.8006688,53.1998267]}},{"type":"Feature","properties":{"id":2202,"z":112.61,"code":"GRD"},"geometry":{"type":"Point","coordinates":[-1.800621,53.1998164]}},{"type":"Feature","properties":{"id":2203,"z":112.72,"code":"GRD"},"geometry":{"type":"Point","coordinates":[-1.800568,53.199825]}},{"type":"Feature","properties":{"id":2204,"z":112.44,"code":"GRD"},"geometry":{"type":"Point","coordinates":[-1.8004922,53.1998143]}},{"type":"Feature","properties":{"id":2205,"z":112.4,"code":"GRD"},"geometry":{"type":"Point","coordinates":[-1.8004335,53.1998137]}},{"type":"Feature","properties":{"id":2206,"z":112.11,"code":"GRD"},"geometry":{"type":"Point","coordinates":[-1.8003545,53.1998261]}},{"type":"Feature","properties":{"id":2207,"z":110.96,"code":"GRD"},"geometry":{"type":"Point","coordinates":[-1.8002812,53.1998123]}},{"type":"Feature","properties":{"id":2208,"z":110.52,"code":"GRD"},"geometry":{"type":"Point","coordinates":[-1.8002476,53.1998156]}},{"type":"Feature","properties":{"id":2209,"z":109.6,"code":"GRD"},"geometry":{"type":"Point","coordinates":[-1.8001687,53.1998278]}},{"type":"Feature","properties":{"id":2210,"z":108.08,"code":"GRD"},"geometry":{"type":"Point","coordinates":[-1.8000914,53.1998213]}},{"type":"Feature","properties":{"id":2211,"z":107.56,"code":"GRD"},"geometry":{"type":"Point","coordinates":[-1.8000652,53.1998176]}},{"type":"Feature","properties":{"id":2212,"z":106.88,"code":"GRD"},"geometry":{"type":"Point","coordinates":[-1.799997,53.1998247]}},{"type":"Feature","properties":{"id":2213,"z":106.39,"code":"GRD"},"geometry":{"type":"Point","coordinates":[-1.7999277,53.199831]}},{"type":"Feature","properties":{"id":2214,"z":106.64,"code":"GRD"},"geometry":{"type":"Point","coordinates":[-1.7998481,53.1998123]}},{"type":"Feature","properties":{"id":2215,"z":106.63,"code":"GRD"},"geometry":{"type":"Point","coordinates":[-1.7997969,53.1998135]}},{"type":"Feature","properties":{"id":2216,"z":106.64,"code":"GRD"},"geometry":{"type":"Point","coordinates":[-1.7997234,53.1998176]}},{"type":"Feature","properties":{"id":2217,"z":106.71,"code":"GRD"},"geometry":{"type":"Point","coordinates":[-1.7996712,53.1998127]}},{"type":"Feature","properties":{"id":2218,"z":106.36,"code":"GRD"},"geometry":{"type":"Point","coordinates":[-1.7996089,53.1998234]}},{"type":"Feature","properties":{"id":2219,"z":106.42,"code":"GRD"},"geometry":{"type":"Point","coordinates":[-1.7995285,53.1998118]}},{"type":"Feature","properties":{"id":2220,"z":106.13,"code":"GRD"},"geometry":{"type":"Point","coordinates":[-1.7994853,53.199833]}},{"type":"Feature","properties":{"id":2221,"z":106.08,"code":"GRD"},"geometry":{"type":"Point","coordinates":[-1.799404,53.199823]}},{"type":"Feature","properties":{"id":2222,"z":106.17,"code":"GRD"},"geometry":{"type":"Point","coordinates":[-1.7993401,53.199824]}},{"type":"Feature","properties":{"id":2223,"z":106.14,"code":"GRD"},"geometry":{"type":"Point","coordinates":[-1.7993061,53.1998316]}},{"type":"Feature","properties":{"id":2224,"z":106.31,"code":"GRD"},"geometry":{"type":"Point","coordinates":[-1.7992337,53.1998198]}},{"type":"Feature","properties":{"id":2225,"z":106.49,"code":"GRD"},"geometry":{"type":"Point","coordinates":[-1.7991546,53.1998296]}},{"type":"Feature","properties":{"id":2226,"z":106.71,"code":"GRD"},"geometry":{"type":"Point","coordinates":[-1.7990878,53.1998317]}},{"type":"Feature","properties":{"id":2227,"z":106.98,"code":"GRD"},"geometry":{"type":"Point","coordinates":[-1.7990263,53.199827]}},{"type":"Feature","properties":{"id":2228,"z":107.18,"code":"GRD"},"geometry":{"type":"Point","coordinates":[-1.7989796,53.1998182]}},{"type":"Feature","properties":{"id":2229,"z":107.41,"code":"GRD"},"geometry":{"type":"Point","coordinates":[-1.7989129,53.19983]}},{"type":"Feature","properties":{"id":2230,"z":107.44,"code":"GRD"},"geometry":{"type":"Point","coordinates":[-1.798855,53.1998176]}},{"type":"Feature","properties":{"id":2231,"z":107.65,"code":"GRD"},"geometry":{"type":"Point","coordinates":[-1.7987692,53.1998184]}},{"type":"Feature","properties":{"id":2232,"z":107.72,"code":"GRD"},"geometry":{"type":"Point","coordinates":[-1.7987142,53.1998197]}},{"type":"Feature","properties":{"id":2233,"z":107.59,"code":"GRD"},"geometry":{"type":"Point","coordinates":[-1.798657,53.1998187]}},{"type":"Feature","properties":{"id":2234,"z":107.59,"code":"GRD"},"geometry":{"type":"Point","coordinates":[-1.7986059,53.1998318]}},{"type":"Feature","properties":{"id":2235,"z":107.38,"code":"GRD"},"geometry":{"type":"Point","coordinates":[-1.7985508,53.1998145]}},{"type":"Feature","properties":{"id":2236,"z":107.03,"code":"GRD"},"geometry":{"type":"Point","coordinates":[-1.7984509,53.1998105]}},{"type":"Feature","properties":{"id":2237,"z":106.73,"code":"GRD"},"geometry":{"type":"Point","coordinates":[-1.7984051,53.1998231]}},{"type":"Feature","properties":{"id":2238,"z":106.51,"code":"GRD"},"geometry":{"type":"Point","coordinates":[-1.7983482,53.1998236]}},{"type":"Feature","properties":{"id":2239,"z":106.21,"code":"GRD"},"geometry":{"type":"Point","coordinates":[-1.7982981,53.199813]}},{"type":"Feature","properties":{"id":2240,"z":105.58,"code":"GRD"},"geometry":{"type":"Point","coordinates":[-1.7982112,53.1998257]}},{"type":"Feature","properties":{"id":2241,"z":105.13,"code":"GRD"},"geometry":{"type":"Point","coordinates":[-1.7981374,53.1998109]}},{"type":"Feature","properties":{"id":2242,"z":105.02,"code":"GRD"},"geometry":{"type":"Point","coordinates":[-1.798113,53.1998155]}},{"type":"Feature","properties":{"id":2243,"z":104.46,"code":"GRD"},"geometry":{"type":"Point","coordinates":[-1.7980282,53.1998289]}},{"type":"Feature","properties":{"id":2244,"z":104.39,"code":"GRD"},"geometry":{"type":"Point","coordinates":[-1.7979809,53.1998228]}},{"type":"Feature","properties":{"id":2245,"z":104.09,"code":"GRD"},"geometry":{"type":"Point","coordinates":[-1.7979078,53.1998216]}},{"type":"Feature","properties":{"id":2246,"z":103.94,"code":"GRD"},"geometry":{"type":"Point","coordinates":[-1.7978499,53.1998337]}},{"type":"Feature","properties":{"id":2247,"z":103.89,"code":"GRD"},"geometry":{"type":"Point","coordinates":[-1.7977858,53.199828]}},{"type":"Feature","properties":{"id":2248,"z":111.61,"code":"GRD"},"geometry":{"type":"Point","coordinates":[-1.8021922,53.1998695]}},{"type":"Feature","properties":{"id":2249,"z":112.04,"code":"GRD"},"geometry":{"type":"Point","coordinates":[-1.8021208,53.1998675]}},{"type":"Feature","properties":{"id":2250,"z":112.55,"code":"GRD"},"geometry":{"type":"Point","coordinates":[-1.8020593,53.1998714]}},{"type":"Feature","properties":{"id":2251,"z":112.78,"code":"GRD"},"geometry":{"type":"Point","coordinates":[-1.8019885,53.1998596]}},{"type":"Feature","properties":{"id":2252,"z":112.98,"code":"GRD"},"geometry":{"type":"Point","coordinates":[-1.8019198,53.199851]}},{"type":"Feature","properties":{"id":2253,"z":113.28,"code":"GRD"},"geometry":{"type":"Point","coordinates":[-1.801858,53.1998567]}},{"type":"Feature","properties":{"id":2254,"z":113.41,"code":"GRD"},"geometry":{"type":"Point","coordinates":[-1.8017878,53.1998636]}},{"type":"Feature","properties":{"id":2255,"z":113.41,"code":"GRD"},"geometry":{"type":"Point","coordinates":[-1.8017634,53.1998616]}},{"type":"Feature","properties":{"id":2256,"z":113.33,"code":"GRD"},"geometry":{"type":"Point","coordinates":[-1.8016901,53.1998539]}},{"type":"Feature","properties":{"id":2257,"z":113.34,"code":"GRD"},"geometry":{"type":"Point","coordinates":[-1.8016024,53.1998684]}},{"type":"Feature","properties":{"id":2258,"z":113.14,"code":"GRD"},"geometry":{"type":"Point","coordinates":[-1.8015541,53.1998585]}},{"type":"Feature","properties":{"id":2259,"z":113.15,"code":"GRD"},"geometry":{"type":"Point","coordinates":[-1.8015001,53.1998718]}},{"type":"Feature","properties":{"id":2260,"z":112.8,"code":"GRD"},"geometry":{"type":"Point","coordinates":[-1.8014115,53.1998656]}},{"type":"Feature","properties":{"id":2261,"z":112.63,"code":"GRD"},"geometry":{"type":"Point","coordinates":[-1.8013835,53.199856]}},{"type":"Feature","properties":{"id":2262,"z":112.55,"code":"GRD"},"geometry":{"type":"Point","coordinates":[-1.8013204,53.1998579]}},{"type":"Feature","properties":{"id":2263,"z":112.2,"code":"GRD"},"geometry":{"type":"Point","coordinates":[-1.8012224,53.1998529]}},{"type":"Feature","properties":{"id":2264,"z":112.12,"code":"GRD"},"geometry":{"type":"Point","coordinates":[-1.8011904,53.1998479]}},{"type":"Feature","properties":{"id":2265,"z":112.08,"code":"GRD"},"geometry":{"type":"Point","coordinates":[-1.8011145,53.1998548]}},{"type":"Feature","properties":{"id":2266,"z":112.06,"code":"GRD"},"geometry":{"type":"Point","coordinates":[-1.8010454,53.1998614]}},{"type":"Feature","properties":{"id":2267,"z":112.13,"code":"GRD"},"geometry":{"type":"Point","coordinates":[-1.8009799,53.1998646]}},{"type":"Feature","properties":{"id":2268,"z":112.18,"code":"GRD"},"geometry":{"type":"Point","coordinates":[-1.8009178,53.1998591]}},{"type":"Feature","properties":{"id":2269,"z":112.28,"code":"GRD"},"geometry":{"type":"Point","coordinates":[-1.8008831,53.199859]}},{"type":"Feature","properties":{"id":2270,"z":112.48,"code":"GRD"},"geometry":{"type":"Point","coordinates":[-1.8007959,53.199852]}},{"type":"Feature","properties":{"id":2271,"z":112.67,"code":"GRD"},"geometry":{"type":"Point","coordinates":[-1.800723,53.1998678]}},{"type":"Feature","properties":{"id":2272,"z":112.71,"code":"GRD"},"geometry":{"type":"Point","coordinates":[-1.8006753,53.1998517]}},{"type":"Feature","properties":{"id":2273,"z":112.93,"code":"GRD"},"geometry":{"type":"Point","coordinates":[-1.8005915,53.1998501]}},{"type":"Feature","properties":{"id":2274,"z":112.93,"code":"GRD"},"geometry":{"type":"Point","coordinates":[-1.8005696,53.1998562]}},{"type":"Feature","properties":{"id":2275,"z":113.17,"code":"GRD"},"geometry":{"type":"Point","coordinates":[-1.8005022,53.1998685]}},{"type":"Feature","properties":{"id":2276,"z":113.08,"code":"GRD"},"geometry":{"type":"Point","coordinates":[-1.8004297,53.1998701]}},{"type":"Feature","properties":{"id":2277,"z":113.0,"code":"GRD"},"geometry":{"type":"Point","coordinates":[-1.8003735,53.1998716]}},{"type":"Feature","properties":{"id":2278,"z":112.51,"code":"GRD"},"geometry":{"type":"Point","coordinates":[-1.8002932,53.1998681]}},{"type":"Feature","properties":{"id":2279,"z":111.85,"code":"GRD"},"geometry":{"type":"Point","coordinates":[-1.8002242,53.199872]}},{"type":"Feature","properties":{"id":2280,"z":109.96,"code":"GRD"},"geometry":{"type":"Point","coordinates":[-1.8001526,53.1998499]}},{"type":"Feature","properties":{"id":2281,"z":109.98,"code":"GRD"},"geometry":{"type":"Point","coordinates":[-1.8001065,53.1998714]}},{"type":"Feature","properties":{"id":2282,"z":108.15,"code":"GRD"},"geometry":{"type":"Point","coordinates":[-1.8000553,53.1998479]}},{"type":"Feature","properties":{"id":2283,"z":107.03,"code":"GRD"},"geometry":{"type":"Point","coordinates":[-1.7999795,53.1998564]}},{"type":"Feature","properties":{"id":2284,"z":106.42,"code":"GRD"},"geometry":{"type":"Point","coordinates":[-1.7999158,53.1998708]}},{"type":"Feature","properties":{"id":2285,"z":105.79,"code":"GRD"},"geometry":{"type":"Point","coordinates":[-1.7998663,53.1998679]}},{"type":"Feature","properties":{"id":2286,"z":105.69,"code":"GRD"},"geometry":{"type":"Point","coordinates":[-1.7998133,53.1998578]}},{"type":"Feature","properties":{"id":2287,"z":105.46,"code":"GRD"},"geometry":{"type":"Point","coordinates":[-1.7997356,53.1998619]}},{"type":"Feature","properties":{"id":2288,"z":105.38,"code":"GRD"},"geometry":{"type":"Point","coordinates":[-1.7996781,53.1998651]}},{"type":"Feature","properties":{"id":2289,"z":105.82,"code":"GRD"},"geometry":{"type":"Point","coordinates":[-1.7995865,53.1998491]}},{"type":"Feature","properties":{"id":2290,"z":105.68,"code":"GRD"},"geometry":{"type":"Point","coordinates":[-1.7995329,53.199856]}},{"type":"Feature","properties":{"id":2291,"z":105.49,"code":"GRD"},"geometry":{"type":"Point","coordinates":[-1.7994572,53.1998674]}},{"type":"Feature","properties":{"id":2292,"z":105.61,"code":"GRD"},"geometry":{"type":"Point","coordinates":[-1.7994169,53.1998673]}},{"type":"Feature","properties":{"id":2293,"z":105.79,"code":"GRD"},"geometry":{"type":"Point","coordinates":[-1.7993508,53.1998542]}},{"type":"Feature","properties":{"id":2294,"z":105.7,"code":"GRD"},"geometry":{"type":"Point","coordinates":[-1.7992884,53.199872]}},{"type":"Feature","properties":{"id":2295,"z":106.05,"code":"GRD"},"geometry":{"type":"Point","coordinates":[-1.7992118,53.1998576]}},{"type":"Feature","properties":{"id":2296,"z":106.22,"code":"GRD"},"geometry":{"type":"Point","coordinates":[-1.7991607,53.1998686]}},{"type":"Feature","properties":{"id":2297,"z":106.51,"code":"GRD"},"geometry":{"type":"Point","coordinates":[-1.7991202,53.1998608]}},{"type":"Feature","properties":{"id":2298,"z":106.89,"code":"GRD"},"geometry":{"type":"Point","coordinates":[-1.7990341,53.199851]}},{"type":"Feature","properties":{"id":2299,"z":106.99,"code":"GRD"},"geometry":{"type":"Point","coordinates":[-1.7989875,53.1998576]}},{"type":"Feature","properties":{"id":2300,"z":107.33,"code":"GRD"},"geometry":{"type":"Point","coordinates":[-1.7989074,53.1998581]}},{"type":"Feature","properties":{"id":2301,"z":107.54,"code":"GRD"},"geometry":{"type":"Point","coordinates":[-1.7988393,53.1998506]}},{"type":"Feature","properties":{"id":2302,"z":107.63,"code":"GRD"},"geometry":{"type":"Point","coordinates":[-1.7987956,53.1998676]}},{"type":"Feature","properties":{"id":2303,"z":107.63,"code":"GRD"},"geometry":{"type":"Point","coordinates":[-1.798736,53.1998474]}},{"type":"Feature","properties":{"id":2304,"z":107.61,"code":"GRD"},"geometry":{"type":"Point","coordinates":[-1.7986487,53.1998624]}},{"type":"Feature","properties":{"id":2305,"z":107.55,"code":"GRD"},"geometry":{"type":"Point","coordinates":[-1.7985992,53.1998533]}},{"type":"Feature","properties":{"id":2306,"z":107.23,"code":"GRD"},"geometry":{"type":"Point","coordinates":[-1.7985297,53.199872]}},{"type":"Feature","properties":{"id":2307,"z":107.03,"code":"GRD"},"geometry":{"type":"Point","coordinates":[-1.7984622,53.19985]}},{"type":"Feature","properties":{"id":2308,"z":106.77,"code":"GRD"},"geometry":{"type":"Point","coordinates":[-1.798419,53.1998583]}},{"type":"Feature","properties":{"id":2309,"z":106.3,"code":"GRD"},"geometry":{"type":"Point","coordinates":[-1.7983521,53.1998592]}},{"type":"Feature","properties":{"id":2310,"z":105.91,"code":"GRD"},"geometry":{"type":"Point","coordinates":[-1.7982956,53.1998574]}},{"type":"Feature","properties":{"id":2311,"z":105.3,"code":"GRD"},"geometry":{"type":"Point","coordinates":[-1.798206,53.1998519]}},{"type":"Feature","properties":{"id":2312,"z":104.89,"code":"GRD"},"geometry":{"type":"Point","coordinates":[-1.7981722,53.1998631]}},{"type":"Feature","properties":{"id":2313,"z":104.55,"code":"GRD"},"geometry":{"type":"Point","coordinates":[-1.7981091,53.1998661]}},{"type":"Feature","properties":{"id":2314,"z":104.2,"code":"GRD"},"geometry":{"type":"Point","coordinates":[-1.7980224,53.1998566]}},{"type":"Feature","properties":{"id":2315,"z":103.9,"code":"GRD"},"geometry":{"type":"Point","coordinates":[-1.7979557,53.1998592]}},{"type":"Feature","properties":{"id":2316,"z":103.63,"code":"GRD"},"geometry":{"type":"Point","coordinates":[-1.7979047,53.1998645]}},{"type":"Feature","properties":{"id":2317,"z":103.63,"code":"GRD"},"geometry":{"type":"Point","coordinates":[-1.7978537,53.1998589]}},{"type":"Feature","properties":{"id":2318,"z":103.59,"code":"GRD"},"geometry":{"type":"Point","coordinates":[-1.7977755,53.1998698]}},{"type":"Feature","properties":{"id":2319,"z":111.74,"code":"GRD"},"geometry":{"type":"Point","coordinates":[-1.802181,53.1999036]}},{"type":"Feature","properties":{"id":2320,"z":112.11,"code":"GRD"},"geometry":{"type":"Point","coordinates":[-1.8021341,53.1999024]}},{"type":"Feature","properties":{"id":2321,"z":112.64,"code":"GRD"},"geometry":{"type":"Point","coordinates":[-1.8020421,53.199896]}},{"type":"Feature","properties":{"id":2322,"z":112.96,"code":"GRD"},"geometry":{"type":"Point","coordinates":[-1.8019911,53.1999068]}},{"type":"Feature","properties":{"id":2323,"z":113.25,"code":"GRD"},"geometry":{"type":"Point","coordinates":[-1.8019142,53.1998867]}},{"type":"Feature","properties":{"id":2324,"z":113.38,"code":"GRD"},"geometry":{"type":"Point","coordinates":[-1.8018797,53.199897]}},{"type":"Feature","properties":{"id":2325,"z":113.56,"code":"GRD"},"geometry":{"type":"Point","coordinates":[-1.8017905,53.1999019]}},{"type":"Feature","properties":{"id":2326,"z":113.6,"code":"GRD"},"geometry":{"type":"Point","coordinates":[-1.8017665,53.1998868]}},{"type":"Feature","properties":{"id":2327,"z":113.65,"code":"GRD"},"geometry":{"type":"Point","coordinates":[-1.8017024,53.1998982]}},{"type":"Feature","properties":{"id":2328,"z":113.52,"code":"GRD"},"geometry":{"type":"Point","coordinates":[-1.801614,53.1998901]}},{"type":"Feature","properties":{"id":2329,"z":113.32,"code":"GRD"},"geometry":{"type":"Point","coordinates":[-1.8015373,53.199894]}},{"type":"Feature","properties":{"id":2330,"z":113.24,"code":"GRD"},"geometry":{"type":"Point","coordinates":[-1.8014886,53.1998986]}},{"type":"Feature","properties":{"id":2331,"z":113.16,"code":"GRD"},"geometry":{"type":"Point","coordinates":[-1.8014515,53.1998913]}},{"type":"Feature","properties":{"id":2332,"z":112.95,"code":"GRD"},"geometry":{"type":"Point","coordinates":[-1.8013752,53.1999072]}},{"type":"Feature","properties":{"id":2333,"z":112.73,"code":"GRD"},"geometry":{"type":"Point","coordinates":[-1.8013131,53.1999003]}},{"type":"Feature","properties":{"id":2334,"z":112.44,"code":"GRD"},"geometry":{"type":"Point","coordinates":[-1.8012287,53.1998878]}},{"type":"Feature","properties":{"id":2335,"z":112.36,"code":"GRD"},"geometry":{"type":"Point","coordinates":[-1.8011777,53.1998956]}},{"type":"Feature","properties":{"id":2336,"z":112.52,"code":"GRD"},"geometry":{"type":"Point","coordinates":[-1.8011183,53.1999099]}},{"type":"Feature","properties":{"id":2337,"z":112.33,"code":"GRD"},"geometry":{"type":"Point","coordinates":[-1.8010428,53.1999026]}},{"type":"Feature","properties":{"id":2338,"z":112.3,"code":"GRD"},"geometry":{"type":"Point","coordinates":[-1.8010048,53.1998859]}},{"type":"Feature","properties":{"id":2339,"z":112.39,"code":"GRD"},"geometry":{"type":"Point","coordinates":[-1.8009213,53.1998929]}},{"type":"Feature","properties":{"id":2340,"z":112.67,"code":"GRD"},"geometry":{"type":"Point","coordinates":[-1.8008736,53.1999082]}},{"type":"Feature","properties":{"id":2341,"z":112.72,"code":"GRD"},"geometry":{"type":"Point","coordinates":[-1.8008075,53.1998938]}},{"type":"Feature","properties":{"id":2342,"z":113.07,"code":"GRD"},"geometry":{"type":"Point","coordinates":[-1.800756,53.1999096]}},{"type":"Feature","properties":{"id":2343,"z":113.01,"code":"GRD"},"geometry":{"type":"Point","coordinates":[-1.8006956,53.1998955]}},{"type":"Feature","properties":{"id":2344,"z":113.31,"code":"GRD"},"geometry":{"type":"Point","coordinates":[-1.8006282,53.1999033]}},{"type":"Feature","properties":{"id":2345,"z":113.23,"code":"GRD"},"geometry":{"type":"Point","coordinates":[-1.8005366,53.1998881]}},{"type":"Feature","properties":{"id":2346,"z":113.35,"code":"GRD"},"geometry":{"type":"Point","coordinates":[-1.8005063,53.1998874]}},{"type":"Feature","properties":{"id":2347,"z":113.24,"code":"GRD"},"geometry":{"type":"Point","coordinates":[-1.8004222,53.1998909]}},{"type":"Feature","properties":{"id":2348,"z":113.05,"code":"GRD"},"geometry":{"type":"Point","coordinates":[-1.8003449,53.199888]}},{"type":"Feature","properties":{"id":2349,"z":112.75,"code":"GRD"},"geometry":{"type":"Point","coordinates":[-1.8002767,53.1998955]}},{"type":"Feature","properties":{"id":2350,"z":112.32,"code":"GRD"},"geometry":{"type":"Point","coordinates":[-1.8002226,53.1999052]}},{"type":"Feature","properties":{"id":2351,"z":111.69,"code":"GRD"},"geometry":{"type":"Point","coordinates":[-1.8001594,53.1999083]}},{"type":"Feature","properties":{"id":2352,"z":110.01,"code":"GRD"},"geometry":{"type":"Point","coordinates":[-1.8000885,53.1998871]}},{"type":"Feature","properties":{"id":2353,"z":109.45,"code":"GRD"},"geometry":{"type":"Point","coordinates":[-1.8000524,53.1998936]}},{"type":"Feature","properties":{"id":2354,"z":107.36,"code":"GRD"},"geometry":{"type":"Point","coordinates":[-1.7999615,53.1998865]}},{"type":"Feature","properties":{"id":2355,"z":106.48,"code":"GRD"},"geometry":{"type":"Point","coordinates":[-1.7998981,53.1998975]}},{"type":"Feature","properties":{"id":2356,"z":105.72,"code":"GRD"},"geometry":{"type":"Point","coordinates":[-1.7998476,53.1998981]}},{"type":"Feature","properties":{"id":2357,"z":105.11,"code":"GRD"},"geometry":{"type":"Point","coordinates":[-1.7997967,53.1999037]}},{"type":"Feature","properties":{"id":2358,"z":104.52,"code":"GRD"},"geometry":{"type":"Point","coordinates":[-1.7997216,53.1999073]}},{"type":"Feature","properties":{"id":2359,"z":104.58,"code":"GRD"},"geometry":{"type":"Point","coordinates":[-1.7996571,53.1998994]}},{"type":"Feature","properties":{"id":2360,"z":104.51,"code":"GRD"},"geometry":{"type":"Point","coordinates":[-1.799608,53.1998993]}},{"type":"Feature","properties":{"id":2361,"z":104.87,"code":"GRD"},"geometry":{"type":"Point","coordinates":[-1.799549,53.1998881]}},{"type":"Feature","properties":{"id":2362,"z":104.54,"code":"GRD"},"geometry":{"type":"Point","coordinates":[-1.7994971,53.199903]}},{"type":"Feature","properties":{"id":2363,"z":104.66,"code":"GRD"},"geometry":{"type":"Point","coordinates":[-1.7994275,53.1999032]}},{"type":"Feature","properties":{"id":2364,"z":105.06,"code":"GRD"},"geometry":{"type":"Point","coordinates":[-1.7993385,53.1999006]}},{"type":"Feature","properties":{"id":2365,"z":105.43,"code":"GRD"},"geometry":{"type":"Point","coordinates":[-1.7992936,53.1998918]}},{"type":"Feature","properties":{"id":2366,"z":105.26,"code":"GRD"},"geometry":{"type":"Point","coordinates":[-1.7992409,53.1999068]}},{"type":"Feature","properties":{"id":2367,"z":105.79,"code":"GRD"},"geometry":{"type":"Point","coordinates":[-1.799177,53.1998917]}},{"type":"Feature","properties":{"id":2368,"z":106.28,"code":"GRD"},"geometry":{"type":"Point","coordinates":[-1.7990998,53.1998865]}},{"type":"Feature","properties":{"id":2369,"z":106.38,"code":"GRD"},"geometry":{"type":"Point","coordinates":[-1.799038,53.1999079]}},{"type":"Feature","properties":{"id":2370,"z":106.69,"code":"GRD"},"geometry":{"type":"Point","coordinates":[-1.798971,53.1999011]}},{"type":"Feature","properties":{"id":2371,"z":107.1,"code":"GRD"},"geometry":{"type":"Point","coordinates":[-1.7989169,53.199885]}},{"type":"Feature","properties":{"id":2372,"z":107.24,"code":"GRD"},"geometry":{"type":"Point","coordinates":[-1.7988281,53.1999049]}},{"type":"Feature","properties":{"id":2373,"z":107.34,"code":"GRD"},"geometry":{"type":"Point","coordinates":[-1.798797,53.1999016]}},{"type":"Feature","properties":{"id":2374,"z":107.54,"code":"GRD"},"geometry":{"type":"Point","coordinates":[-1.7987378,53.1998855]}},{"type":"Feature","properties":{"id":2375,"z":107.44,"code":"GRD"},"geometry":{"type":"Point","coordinates":[-1.7986695,53.1998946]}},{"type":"Feature","properties":{"id":2376,"z":107.41,"code":"GRD"},"geometry":{"type":"Point","coordinates":[-1.7986087,53.1998851]}},{"type":"Feature","properties":{"id":2377,"z":107.09,"code":"GRD"},"geometry":{"type":"Point","coordinates":[-1.7985407,53.1998954]}},{"type":"Feature","properties":{"id":2378,"z":106.84,"code":"GRD"},"geometry":{"type":"Point","coordinates":[-1.7984763,53.1998932]}},{"type":"Feature","properties":{"id":2379,"z":106.2,"code":"GRD"},"geometry":{"type":"Point","coordinates":[-1.7983974,53.1998974]}},{"type":"Feature","properties":{"id":2380,"z":106.09,"code":"GRD"},"geometry":{"type":"Point","coordinates":[-1.7983653,53.1998909]}},{"type":"Feature","properties":{"id":2381,"z":105.23,"code":"GRD"},"geometry":{"type":"Point","coordinates":[-1.7982938,53.1999056]}},{"type":"Feature","properties":{"id":2382,"z":104.79,"code":"GRD"},"geometry":{"type":"Point","coordinates":[-1.798202,53.1998881]}},{"type":"Feature","properties":{"id":2383,"z":104.53,"code":"GRD"},"geometry":{"type":"Point","coordinates":[-1.7981715,53.199893]}},{"type":"Feature","properties":{"id":2384,"z":103.73,"code":"GRD"},"geometry":{"type":"Point","coordinates":[-1.7980875,53.199902]}},{"type":"Feature","properties":{"id":2385,"z":103.73,"code":"GRD"},"geometry":{"type":"Point","coordinates":[-1.7980346,53.1998867]}},{"type":"Feature","properties":{"id":2386,"z":103.22,"code":"GRD"},"geometry":{"type":"Point","coordinates":[-1.7979868,53.1999061]}},{"type":"Feature","properties":{"id":2387,"z":102.94,"code":"GRD"},"geometry":{"type":"Point","coordinates":[-1.7979213,53.1999044]}},{"type":"Feature","properties":{"id":2388,"z":103.16,"code":"GRD"},"geometry":{"type":"Point","coordinates":[-1.7978543,53.1998937]}},{"type":"Feature","properties":{"id":2389,"z":103.08,"code":"GRD"},"geometry":{"type":"Point","coordinates":[-1.7977642,53.199906]}},{"type":"Feature","properties":{"id":2390,"z":111.65,"code":"GRD"},"geometry":{"type":"Point","coordinates":[-1.8021965,53.1999372]}},{"type":"Feature","properties":{"id":2391,"z":112.12,"code":"GRD"},"geometry":{"type":"Point","coordinates":[-1.8021284,53.1999253]}},{"type":"Feature","properties":{"id":2392,"z":112.7,"code":"GRD"},"geometry":{"type":"Point","coordinates":[-1.802048,53.1999274]}},{"type":"Feature","properties":{"id":2393,"z":113.06,"code":"GRD"},"geometry":{"type":"Point","coordinates":[-1.8019916,53.1999388]}},{"type":"Feature","properties":{"id":2394,"z":113.35,"code":"GRD"},"geometry":{"type":"Point","coordinates":[-1.8019335,53.1999442]}},{"type":"Feature","properties":{"id":2395,"z":113.51,"code":"GRD"},"geometry":{"type":"Point","coordinates":[-1.8018701,53.199927]}},{"type":"Feature","properties":{"id":2396,"z":113.71,"code":"GRD"},"geometry":{"type":"Point","coordinates":[-1.8018194,53.1999264]}},{"type":"Feature","properties":{"id":2397,"z":113.87,"code":"GRD"},"geometry":{"type":"Point","coordinates":[-1.8017293,53.1999392]}},{"type":"Feature","properties":{"id":2398,"z":113.76,"code":"GRD"},"geometry":{"type":"Point","coordinates":[-1.8016999,53.1999283]}},{"type":"Feature","properties":{"id":2399,"z":113.72,"code":"GRD"},"geometry":{"type":"Point","coordinates":[-1.8016395,53.1999251]}},{"type":"Feature","properties":{"id":2400,"z":113.73,"code":"GRD"},"geometry":{"type":"Point","coordinates":[-1.8015538,53.1999379]}},{"type":"Feature","properties":{"id":2401,"z":113.58,"code":"GRD"},"geometry":{"type":"Point","coordinates":[-1.8015045,53.1999376]}},{"type":"Feature","properties":{"id":2402,"z":113.33,"code":"GRD"},"geometry":{"type":"Point","coordinates":[-1.8014294,53.1999313]}},{"type":"Feature","properties":{"id":2403,"z":113.14,"code":"GRD"},"geometry":{"type":"Point","coordinates":[-1.8013709,53.1999363]}},{"type":"Feature","properties":{"id":2404,"z":113.03,"code":"GRD"},"geometry":{"type":"Point","coordinates":[-1.8012904,53.1999476]}},{"type":"Feature","properties":{"id":2405,"z":112.78,"code":"GRD"},"geometry":{"type":"Point","coordinates":[-1.8012326,53.1999388]}},{"type":"Feature","properties":{"id":2406,"z":112.79,"code":"GRD"},"geometry":{"type":"Point","coordinates":[-1.8011594,53.1999472]}},{"type":"Feature","properties":{"id":2407,"z":112.61,"code":"GRD"},"geometry":{"type":"Point","coordinates":[-1.8011128,53.1999338]}},{"type":"Feature","properties":{"id":2408,"z":112.72,"code":"GRD"},"geometry":{"type":"Point","coordinates":[-1.801064,53.1999424]}},{"type":"Feature","properties":{"id":2409,"z":112.74,"code":"GRD"},"geometry":{"type":"Point","coordinates":[-1.8009902,53.1999335]}},{"type":"Feature","properties":{"id":2410,"z":113.02,"code":"GRD"},"geometry":{"type":"Point","coordinates":[-1.8009181,53.199941]}},{"type":"Feature","properties":{"id":2411,"z":112.91,"code":"GRD"},"geometry":{"type":"Point","coordinates":[-1.8008512,53.1999294]}},{"type":"Feature","properties":{"id":2412,"z":113.18,"code":"GRD"},"geometry":{"type":"Point","coordinates":[-1.8007937,53.1999352]}},{"type":"Feature","properties":{"id":2413,"z":113.15,"code":"GRD"},"geometry":{"type":"Point","coordinates":[-1.8007438,53.1999234]}},{"type":"Feature","properties":{"id":2414,"z":113.47,"code":"GRD"},"geometry":{"type":"Point","coordinates":[-1.8006761,53.1999361]}},{"type":"Feature","properties":{"id":2415,"z":113.53,"code":"GRD"},"geometry":{"type":"Point","coordinates":[-1.8006125,53.1999245]}},{"type":"Feature","properties":{"id":2416,"z":113.66,"code":"GRD"},"geometry":{"type":"Point","coordinates":[-1.8005626,53.1999339]}},{"type":"Feature","properties":{"id":2417,"z":113.76,"code":"GRD"},"geometry":{"type":"Point","coordinates":[-1.8004846,53.1999325]}},{"type":"Feature","properties":{"id":2418,"z":113.51,"code":"GRD"},"geometry":{"type":"Point","coordinates":[-1.8004383,53.1999232]}},{"type":"Feature","properties":{"id":2419,"z":113.5,"code":"GRD"},"geometry":{"type":"Point","coordinates":[-1.8003691,53.1999316]}},{"type":"Feature","properties":{"id":2420,"z":113.29,"code":"GRD"},"geometry":{"type":"Point","coordinates":[-1.8003045,53.1999414]}},{"type":"Feature","properties":{"id":2421,"z":112.95,"code":"GRD"},"geometry":{"type":"Point","coordinates":[-1.8002547,53.1999261]}},{"type":"Feature","properties":{"id":2422,"z":112.36,"code":"GRD"},"geometry":{"type":"Point","coordinates":[-1.8001833,53.199932]}},{"type":"Feature","properties":{"id":2423,"z":111.21,"code":"GRD"},"geometry":{"type":"Point","coordinates":[-1.8000884,53.1999338]}},{"type":"Feature","properties":{"id":2424,"z":110.63,"code":"GRD"},"geometry":{"type":"Point","coordinates":[-1.8000418,53.199947]}},{"type":"Feature","properties":{"id":2425,"z":108.77,"code":"GRD"},"geometry":{"type":"Point","coordinates":[-1.7999682,53.1999312]}},{"type":"Feature","properties":{"id":2426,"z":108.56,"code":"GRD"},"geometry":{"type":"Point","coordinates":[-1.7999385,53.1999468]}},{"type":"Feature","properties":{"id":2427,"z":107.05,"code":"GRD"},"geometry":{"type":"Point","coordinates":[-1.7998742,53.1999415]}},{"type":"Feature","properties":{"id":2428,"z":105.51,"code":"GRD"},"geometry":{"type":"Point","coordinates":[-1.7997984,53.1999389]}},{"type":"Feature","properties":{"id":2429,"z":104.65,"code":"GRD"},"geometry":{"type":"Point","coordinates":[-1.7997356,53.1999297]}},{"type":"Feature","properties":{"id":2430,"z":103.95,"code":"GRD"},"geometry":{"type":"Point","coordinates":[-1.7996505,53.1999283]}},{"type":"Feature","properties":{"id":2431,"z":103.9,"code":"GRD"},"geometry":{"type":"Point","coordinates":[-1.7995839,53.1999257]}},{"type":"Feature","properties":{"id":2432,"z":103.52,"code":"GRD"},"geometry":{"type":"Point","coordinates":[-1.7995533,53.1999428]}},{"type":"Feature","properties":{"id":2433,"z":103.62,"code":"GRD"},"geometry":{"type":"Point","coordinates":[-1.7994662,53.1999407]}},{"type":"Feature","properties":{"id":2434,"z":104.23,"code":"GRD"},"geometry":{"type":"Point","coordinates":[-1.7994028,53.1999257]}},{"type":"Feature","properties":{"id":2435,"z":104.2,"code":"GRD"},"geometry":{"type":"Point","coordinates":[-1.799339,53.1999346]}},{"type":"Feature","properties":{"id":2436,"z":104.54,"code":"GRD"},"geometry":{"type":"Point","coordinates":[-1.7992727,53.1999348]}},{"type":"Feature","properties":{"id":2437,"z":105.06,"code":"GRD"},"geometry":{"type":"Point","coordinates":[-1.7992263,53.199924]}},{"type":"Feature","properties":{"id":2438,"z":104.75,"code":"GRD"},"geometry":{"type":"Point","coordinates":[-1.7991773,53.1999447]}},{"type":"Feature","properties":{"id":2439,"z":105.39,"code":"GRD"},"geometry":{"type":"Point","coordinates":[-1.7991149,53.1999348]}},{"type":"Feature","properties":{"id":2440,"z":106.04,"code":"GRD"},"geometry":{"type":"Point","coordinates":[-1.7990386,53.1999255]}},{"type":"Feature","properties":{"id":2441,"z":106.32,"code":"GRD"},"geometry":{"type":"Point","coordinates":[-1.7989649,53.1999355]}},{"type":"Feature","properties":{"id":2442,"z":106.35,"code":"GRD"},"geometry":{"type":"Point","coordinates":[-1.7989067,53.1999444]}},{"type":"Feature","properties":{"id":2443,"z":106.42,"code":"GRD"},"geometry":{"type":"Point","coordinates":[-1.7988672,53.1999447]}},{"type":"Feature","properties":{"id":2444,"z":106.96,"code":"GRD"},"geometry":{"type":"Point","coordinates":[-1.7987994,53.1999288]}},{"type":"Feature","properties":{"id":2445,"z":106.92,"code":"GRD"},"geometry":{"type":"Point","coordinates":[-1.7987189,53.1999343]}},{"type":"Feature","properties":{"id":2446,"z":106.96,"code":"GRD"},"geometry":{"type":"Point","coordinates":[-1.7986606,53.1999263]}},{"type":"Feature","properties":{"id":2447,"z":106.41,"code":"GRD"},"geometry":{"type":"Point","coordinates":[-1.7986044,53.1999437]}},{"type":"Feature","properties":{"id":2448,"z":106.0,"code":"GRD"},"geometry":{"type":"Point","coordinates":[-1.7985149,53.1999459]}},{"type":"Feature","properties":{"id":2449,"z":106.02,"code":"GRD"},"geometry":{"type":"Point","coordinates":[-1.7984751,53.1999341]}},{"type":"Feature","properties":{"id":2450,"z":105.46,"code":"GRD"},"geometry":{"type":"Point","coordinates":[-1.7984176,53.1999415]}},{"type":"Feature","properties":{"id":2451,"z":104.69,"code":"GRD"},"geometry":{"type":"Point","coordinates":[-1.7983442,53.1999471]}},{"type":"Feature","properties":{"id":2452,"z":104.41,"code":"GRD"},"geometry":{"type":"Point","coordinates":[-1.7982651,53.1999341]}},{"type":"Feature","properties":{"id":2453,"z":103.78,"code":"GRD"},"geometry":{"type":"Point","coordinates":[-1.7982177,53.1999425]}},{"type":"Feature","properties":{"id":2454,"z":103.7,"code":"GRD"},"geometry":{"type":"Point","coordinates":[-1.7981686,53.1999298]}},{"type":"Feature","properties":{"id":2455,"z":103.23,"code":"GRD"},"geometry":{"type":"Point","coordinates":[-1.7980878,53.1999251]}},{"type":"Feature","properties":{"id":2456,"z":102.66,"code":"GRD"},"geometry":{"type":"Point","coordinates":[-1.798019,53.1999334]}},{"type":"Feature","properties":{"id":2457,"z":102.49,"code":"GRD"},"geometry":{"type":"Point","coordinates":[-1.7979507,53.1999285]}},{"type":"Feature","properties":{"id":2458,"z":102.56,"code":"GRD"},"geometry":{"type":"Point","coordinates":[-1.7979225,53.1999249]}},{"type":"Feature","properties":{"id":2459,"z":102.34,"code":"GRD"},"geometry":{"type":"Point","coordinates":[-1.7978207,53.1999317]}},{"type":"Feature","properties":{"id":2460,"z":102.58,"code":"GRD"},"geometry":{"type":"Point","coordinates":[-1.7977685,53.1999236]}},{"type":"Feature","properties":{"id":2461,"z":111.74,"code":"GRD"},"geometry":{"type":"Point","coordinates":[-1.8021887,53.1999687]}},{"type":"Feature","properties":{"id":2462,"z":112.34,"code":"GRD"},"geometry":{"type":"Point","coordinates":[-1.8021096,53.1999779]}},{"type":"Feature","properties":{"id":2463,"z":112.55,"code":"GRD"},"geometry":{"type":"Point","coordinates":[-1.8020793,53.1999671]}},{"type":"Feature","properties":{"id":2464,"z":113.19,"code":"GRD"},"geometry":{"type":"Point","coordinates":[-1.8019918,53.1999848]}},{"type":"Feature","properties":{"id":2465,"z":113.32,"code":"GRD"},"geometry":{"type":"Point","coordinates":[-1.8019503,53.1999804]}},{"type":"Feature","properties":{"id":2466,"z":113.76,"code":"GRD"},"geometry":{"type":"Point","coordinates":[-1.8018605,53.1999724]}},{"type":"Feature","properties":{"id":2467,"z":113.8,"code":"GRD"},"geometry":{"type":"Point","coordinates":[-1.8018246,53.1999659]}},{"type":"Feature","properties":{"id":2468,"z":113.9,"code":"GRD"},"geometry":{"type":"Point","coordinates":[-1.8017611,53.1999758]}},{"type":"Feature","properties":{"id":2469,"z":113.89,"code":"GRD"},"geometry":{"type":"Point","coordinates":[-1.8017031,53.1999607]}},{"type":"Feature","properties":{"id":2470,"z":113.91,"code":"GRD"},"geometry":{"type":"Point","coordinates":[-1.8015997,53.1999671]}},{"type":"Feature","properties":{"id":2471,"z":114.02,"code":"GRD"},"geometry":{"type":"Point","coordinates":[-1.8015729,53.1999804]}},{"type":"Feature","properties":{"id":2472,"z":113.71,"code":"GRD"},"geometry":{"type":"Point","coordinates":[-1.801477,53.1999746]}},{"type":"Feature","properties":{"id":2473,"z":113.59,"code":"GRD"},"geometry":{"type":"Point","coordinates":[-1.8014262,53.1999759]}},{"type":"Feature","properties":{"id":2474,"z":113.42,"code":"GRD"},"geometry":{"type":"Point","coordinates":[-1.8013563,53.1999735]}},{"type":"Feature","properties":{"id":2475,"z":113.18,"code":"GRD"},"geometry":{"type":"Point","coordinates":[-1.8012982,53.1999625]}},{"type":"Feature","properties":{"id":2476,"z":113.13,"code":"GRD"},"geometry":{"type":"Point","coordinates":[-1.8012582,53.1999668]}},{"type":"Feature","properties":{"id":2477,"z":113.13,"code":"GRD"},"geometry":{"type":"Point","coordinates":[-1.8011847,53.1999847]}},{"type":"Feature","properties":{"id":2478,"z":112.87,"code":"GRD"},"geometry":{"type":"Point","coordinates":[-1.8011123,53.1999665]}},{"type":"Feature","properties":{"id":2479,"z":112.97,"code":"GRD"},"geometry":{"type":"Point","coordinates":[-1.8010583,53.1999714]}},{"type":"Feature","properties":{"id":2480,"z":113.2,"code":"GRD"},"geometry":{"type":"Point","coordinates":[-1.8009865,53.1999853]}},{"type":"Feature","properties":{"id":2481,"z":113.12,"code":"GRD"},"geometry":{"type":"Point","coordinates":[-1.8009233,53.1999686]}},{"type":"Feature","properties":{"id":2482,"z":113.42,"code":"GRD"},"geometry":{"type":"Point","coordinates":[-1.8008649,53.1999784]}},{"type":"Feature","properties":{"id":2483,"z":113.5,"code":"GRD"},"geometry":{"type":"Point","coordinates":[-1.8008086,53.1999755]}},{"type":"Feature","properties":{"id":2484,"z":113.67,"code":"GRD"},"geometry":{"type":"Point","coordinates":[-1.8007244,53.1999722]}},{"type":"Feature","properties":{"id":2485,"z":113.78,"code":"GRD"},"geometry":{"type":"Point","coordinates":[-1.8006851,53.1999733]}},{"type":"Feature","properties":{"id":2486,"z":113.9,"code":"GRD"},"geometry":{"type":"Point","coordinates":[-1.8006105,53.1999661]}},{"type":"Feature","properties":{"id":2487,"z":113.93,"code":"GRD"},"geometry":{"type":"Point","coordinates":[-1.8005549,53.1999669]}},{"type":"Feature","properties":{"id":2488,"z":114.14,"code":"GRD"},"geometry":{"type":"Point","coordinates":[-1.8004717,53.1999832]}},{"type":"Feature","properties":{"id":2489,"z":114.01,"code":"GRD"},"geometry":{"type":"Point","coordinates":[-1.8004409,53.1999764]}},{"type":"Feature","properties":{"id":2490,"z":113.91,"code":"GRD"},"geometry":{"type":"Point","coordinates":[-1.8003799,53.199982]}},{"type":"Feature","properties":{"id":2491,"z":113.54,"code":"GRD"},"geometry":{"type":"Point","coordinates":[-1.8002994,53.1999777]}},{"type":"Feature","properties":{"id":2492,"z":113.24,"code":"GRD"},"geometry":{"type":"Point","coordinates":[-1.8002482,53.1999697]}},{"type":"Feature","properties":{"id":2493,"z":112.48,"code":"GRD"},"geometry":{"type":"Point","coordinates":[-1.8001674,53.1999631]}},{"type":"Feature","properties":{"id":2494,"z":112.13,"code":"GRD"},"geometry":{"type":"Point","coordinates":[-1.8001199,53.1999669]}},{"type":"Feature","properties":{"id":2495,"z":111.25,"code":"GRD"},"geometry":{"type":"Point","coordinates":[-1.8000419,53.1999837]}},{"type":"Feature","properties":{"id":2496,"z":110.21,"code":"GRD"},"geometry":{"type":"Point","coordinates":[-1.7999797,53.1999836]}},{"type":"Feature","properties":{"id":2497,"z":109.07,"code":"GRD"},"geometry":{"type":"Point","coordinates":[-1.7999282,53.1999722]}},{"type":"Feature","properties":{"id":2498,"z":107.21,"code":"GRD"},"geometry":{"type":"Point","coordinates":[-1.7998377,53.1999727]}},{"type":"Feature","properties":{"id":2499,"z":106.6,"code":"GRD"},"geometry":{"type":"Point","coordinates":[-1.7998057,53.1999762]}},{"type":"Feature","properties":{"id":2500,"z":105.11,"code":"GRD"},"geometry":{"type":"Point","coordinates":[-1.7997297,53.1999724]}},{"type":"Feature","properties":{"id":2501,"z":104.16,"code":"GRD"},"geometry":{"type":"Point","coordinates":[-1.7996844,53.1999612]}},{"type":"Feature","properties":{"id":2502,"z":103.38,"code":"GRD"},"geometry":{"type":"Point","coordinates":[-1.7995957,53.1999755]}},{"type":"Feature","properties":{"id":2503,"z":103.14,"code":"GRD"},"geometry":{"type":"Point","coordinates":[-1.7995606,53.1999718]}},{"type":"Feature","properties":{"id":2504,"z":102.92,"code":"GRD"},"geometry":{"type":"Point","coordinates":[-1.799464,53.1999756]}},{"type":"Feature","properties":{"id":2505,"z":103.01,"code":"GRD"},"geometry":{"type":"Point","coordinates":[-1.7993982,53.1999742]}},{"type":"Feature","properties":{"id":2506,"z":103.08,"code":"GRD"},"geometry":{"type":"Point","coordinates":[-1.7993662,53.1999782]}},{"type":"Feature","properties":{"id":2507,"z":103.26,"code":"GRD"},"geometry":{"type":"Point","coordinates":[-1.7992831,53.1999808]}},{"type":"Feature","properties":{"id":2508,"z":103.73,"code":"GRD"},"geometry":{"type":"Point","coordinates":[-1.7992435,53.1999721]}},{"type":"Feature","properties":{"id":2509,"z":103.81,"code":"GRD"},"geometry":{"type":"Point","coordinates":[-1.7991782,53.1999822]}},{"type":"Feature","properties":{"id":2510,"z":104.99,"code":"GRD"},"geometry":{"type":"Point","coordinates":[-1.7990916,53.1999607]}},{"type":"Feature","properties":{"id":2511,"z":104.99,"code":"GRD"},"geometry":{"type":"Point","coordinates":[-1.7990182,53.199976]}},{"type":"Feature","properties":{"id":2512,"z":105.6,"code":"GRD"},"geometry":{"type":"Point","coordinates":[-1.7989585,53.1999631]}},{"type":"Feature","properties":{"id":2513,"z":105.76,"code":"GRD"},"geometry":{"type":"Point","coordinates":[-1.7989183,53.1999642]}},{"type":"Feature","properties":{"id":2514,"z":106.05,"code":"GRD"},"geometry":{"type":"Point","coordinates":[-1.7988498,53.1999616]}},{"type":"Feature","properties":{"id":2515,"z":105.69,"code":"GRD"},"geometry":{"type":"Point","coordinates":[-1.7987683,53.1999798]}},{"type":"Feature","properties":{"id":2516,"z":105.58,"code":"GRD"},"geometry":{"type":"Point","coordinates":[-1.7987401,53.1999823]}},{"type":"Feature","properties":{"id":2517,"z":106.11,"code":"GRD"},"geometry":{"type":"Point","coordinates":[-1.7986597,53.1999625]}},{"type":"Feature","properties":{"id":2518,"z":105.9,"code":"GRD"},"geometry":{"type":"Point","coordinates":[-1.7985878,53.1999648]}},{"type":"Feature","properties":{"id":2519,"z":105.26,"code":"GRD"},"geometry":{"type":"Point","coordinates":[-1.7985165,53.1999729]}},{"type":"Feature","properties":{"id":2520,"z":104.89,"code":"GRD"},"geometry":{"type":"Point","coordinates":[-1.7984777,53.1999771]}},{"type":"Feature","properties":{"id":2521,"z":104.59,"code":"GRD"},"geometry":{"type":"Point","coordinates":[-1.7984168,53.199971]}},{"type":"Feature","properties":{"id":2522,"z":104.14,"code":"GRD"},"geometry":{"type":"Point","coordinates":[-1.7983354,53.1999662]}},{"type":"Feature","properties":{"id":2523,"z":103.74,"code":"GRD"},"geometry":{"type":"Point","coordinates":[-1.7982748,53.1999622]}},{"type":"Feature","properties":{"id":2524,"z":102.71,"code":"GRD"},"geometry":{"type":"Point","coordinates":[-1.798228,53.1999849]}},{"type":"Feature","properties":{"id":2525,"z":102.84,"code":"GRD"},"geometry":{"type":"Point","coordinates":[-1.7981636,53.1999626]}},{"type":"Feature","properties":{"id":2526,"z":101.77,"code":"GRD"},"geometry":{"type":"Point","coordinates":[-1.7980931,53.1999823]}},{"type":"Feature","properties":{"id":2527,"z":101.49,"code":"GRD"},"geometry":{"type":"Point","coordinates":[-1.798021,53.1999761]}},{"type":"Feature","properties":{"id":2528,"z":101.23,"code":"GRD"},"geometry":{"type":"Point","coordinates":[-1.7979672,53.1999772]}},{"type":"Feature","properties":{"id":2529,"z":101.45,"code":"GRD"},"geometry":{"type":"Point","coordinates":[-1.7978953,53.1999637]}},{"type":"Feature","properties":{"id":2530,"z":100.93,"code":"GRD"},"geometry":{"type":"Point","coordinates":[-1.7978485,53.1999819]}},{"type":"Feature","properties":{"id":2531,"z":101.35,"code":"GRD"},"geometry":{"type":"Point","coordinates":[-1.7977687,53.1999729]}},{"type":"Feature","properties":{"id":2532,"z":111.75,"code":"GRD"},"geometry":{"type":"Point","coordinates":[-1.8022065,53.200007]}},{"type":"Feature","properties":{"id":2533,"z":112.39,"code":"GRD"},"geometry":{"type":"Point","coordinates":[-1.8021063,53.2000146]}},{"type":"Feature","properties":{"id":2534,"z":112.56,"code":"GRD"},"geometry":{"type":"Point","coordinates":[-1.8020748,53.2000197]}},{"type":"Feature","properties":{"id":2535,"z":113.19,"code":"GRD"},"geometry":{"type":"Point","coordinates":[-1.8019912,53.2000134]}},{"type":"Feature","properties":{"id":2536,"z":113.5,"code":"GRD"},"geometry":{"type":"Point","coordinates":[-1.8019244,53.2000049]}},{"type":"Feature","properties":{"id":2537,"z":113.72,"code":"GRD"},"geometry":{"type":"Point","coordinates":[-1.8018607,53.2000193]}},{"type":"Feature","properties":{"id":2538,"z":113.88,"code":"GRD"},"geometry":{"type":"Point","coordinates":[-1.8018189,53.2000085]}},{"type":"Feature","properties":{"id":2539,"z":114.1,"code":"GRD"},"geometry":{"type":"Point","coordinates":[-1.8017298,53.2000154]}},{"type":"Feature","properties":{"id":2540,"z":114.14,"code":"GRD"},"geometry":{"type":"Point","coordinates":[-1.801683,53.2000119]}},{"type":"Feature","properties":{"id":2541,"z":114.13,"code":"GRD"},"geometry":{"type":"Point","coordinates":[-1.8016256,53.2000155]}},{"type":"Feature","properties":{"id":2542,"z":114.06,"code":"GRD"},"geometry":{"type":"Point","coordinates":[-1.8015552,53.2000107]}},{"type":"Feature","properties":{"id":2543,"z":113.96,"code":"GRD"},"geometry":{"type":"Point","coordinates":[-1.8014865,53.2000068]}},{"type":"Feature","properties":{"id":2544,"z":113.92,"code":"GRD"},"geometry":{"type":"Point","coordinates":[-1.8014123,53.2000209]}},{"type":"Feature","properties":{"id":2545,"z":113.64,"code":"GRD"},"geometry":{"type":"Point","coordinates":[-1.8013671,53.2000008]}},{"type":"Feature","properties":{"id":2546,"z":113.42,"code":"GRD"},"geometry":{"type":"Point","coordinates":[-1.8013106,53.2000001]}},{"type":"Feature","properties":{"id":2547,"z":113.46,"code":"GRD"},"geometry":{"type":"Point","coordinates":[-1.8012307,53.2000074]}},{"type":"Feature","properties":{"id":2548,"z":113.64,"code":"GRD"},"geometry":{"type":"Point","coordinates":[-1.8011881,53.2000216]}},{"type":"Feature","properties":{"id":2549,"z":113.32,"code":"GRD"},"geometry":{"type":"Point","coordinates":[-1.8011008,53.1999999]}},{"type":"Feature","properties":{"id":2550,"z":113.46,"code":"GRD"},"geometry":{"type":"Point","coordinates":[-1.8010338,53.2000145]}},{"type":"Feature","properties":{"id":2551,"z":113.54,"code":"GRD"},"geometry":{"type":"Point","coordinates":[-1.8009852,53.2000115]}},{"type":"Feature","properties":{"id":2552,"z":113.75,"code":"GRD"},"geometry":{"type":"Point","coordinates":[-1.8009113,53.2000207]}},{"type":"Feature","properties":{"id":2553,"z":113.81,"code":"GRD"},"geometry":{"type":"Point","coordinates":[-1.8008521,53.2000145]}},{"type":"Feature","properties":{"id":2554,"z":113.87,"code":"GRD"},"geometry":{"type":"Point","coordinates":[-1.8007943,53.2000001]}},{"type":"Feature","properties":{"id":2555,"z":114.06,"code":"GRD"},"geometry":{"type":"Point","coordinates":[-1.8007435,53.2000101]}},{"type":"Feature","properties":{"id":2556,"z":114.14,"code":"GRD"},"geometry":{"type":"Point","coordinates":[-1.800655,53.2000031]}},{"type":"Feature","properties":{"id":2557,"z":114.32,"code":"GRD"},"geometry":{"type":"Point","coordinates":[-1.8006093,53.2000168]}},{"type":"Feature","properties":{"id":2558,"z":114.45,"code":"GRD"},"geometry":{"type":"Point","coordinates":[-1.8005632,53.2000173]}},{"type":"Feature","properties":{"id":2559,"z":114.35,"code":"GRD"},"geometry":{"type":"Point","coordinates":[-1.8004737,53.200022]}},{"type":"Feature","properties":{"id":2560,"z":114.23,"code":"GRD"},"geometry":{"type":"Point","coordinates":[-1.8004138,53.200012]}},{"type":"Feature","properties":{"id":2561,"z":113.95,"code":"GRD"},"geometry":{"type":"Point","coordinates":[-1.8003545,53.200015]}},{"type":"Feature","properties":{"id":2562,"z":113.74,"code":"GRD"},"geometry":{"type":"Point","coordinates":[-1.8003104,53.2000067]}},{"type":"Feature","properties":{"id":2563,"z":113.29,"code":"GRD"},"geometry":{"type":"Point","coordinates":[-1.8002221,53.2000055]}},{"type":"Feature","properties":{"id":2564,"z":112.63,"code":"GRD"},"geometry":{"type":"Point","coordinates":[-1.8001502,53.1999997]}},{"type":"Feature","properties":{"id":2565,"z":112.46,"code":"GRD"},"geometry":{"type":"Point","coordinates":[-1.8001257,53.2000221]}},{"type":"Feature","properties":{"id":2566,"z":111.6,"code":"GRD"},"geometry":{"type":"Point","coordinates":[-1.8000509,53.200008]}},{"type":"Feature","properties":{"id":2567,"z":110.52,"code":"GRD"},"geometry":{"type":"Point","coordinates":[-1.7999765,53.2000093]}},{"type":"Feature","properties":{"id":2568,"z":109.84,"code":"GRD"},"geometry":{"type":"Point","coordinates":[-1.7999207,53.2000223]}},{"type":"Feature","properties":{"id":2569,"z":108.39,"code":"GRD"},"geometry":{"type":"Point","coordinates":[-1.7998569,53.2000018]}},{"type":"Feature","properties":{"id":2570,"z":107.61,"code":"GRD"},"geometry":{"type":"Point","coordinates":[-1.7998079,53.2000109]}},{"type":"Feature","properties":{"id":2571,"z":106.69,"code":"GRD"},"geometry":{"type":"Point","coordinates":[-1.7997486,53.2000217]}},{"type":"Feature","properties":{"id":2572,"z":105.52,"code":"GRD"},"geometry":{"type":"Point","coordinates":[-1.7996823,53.2000204]}},{"type":"Feature","properties":{"id":2573,"z":104.07,"code":"GRD"},"geometry":{"type":"Point","coordinates":[-1.799619,53.2000048]}},{"type":"Feature","properties":{"id":2574,"z":103.38,"code":"GRD"},"geometry":{"type":"Point","coordinates":[-1.7995444,53.2000172]}},{"type":"Feature","properties":{"id":2575,"z":102.87,"code":"GRD"},"geometry":{"type":"Point","coordinates":[-1.7994822,53.2000113]}},{"type":"Feature","properties":{"id":2576,"z":102.68,"code":"GRD"},"geometry":{"type":"Point","coordinates":[-1.7994244,53.2000222]}},{"type":"Feature","properties":{"id":2577,"z":102.64,"code":"GRD"},"geometry":{"type":"Point","coordinates":[-1.7993501,53.200007]}},{"type":"Feature","properties":{"id":2578,"z":102.91,"code":"GRD"},"geometry":{"type":"Point","coordinates":[-1.7992799,53.1999992]}},{"type":"Feature","properties":{"id":2579,"z":103.1,"code":"GRD"},"geometry":{"type":"Point","coordinates":[-1.7992083,53.2000058]}},{"type":"Feature","properties":{"id":2580,"z":103.31,"code":"GRD"},"geometry":{"type":"Point","coordinates":[-1.799166,53.2000062]}},{"type":"Feature","properties":{"id":2581,"z":103.69,"code":"GRD"},"geometry":{"type":"Point","coordinates":[-1.7990931,53.2000086]}},{"type":"Feature","properties":{"id":2582,"z":104.07,"code":"GRD"},"geometry":{"type":"Point","coordinates":[-1.7990285,53.2000055]}},{"type":"Feature","properties":{"id":2583,"z":104.23,"code":"GRD"},"geometry":{"type":"Point","coordinates":[-1.7989651,53.2000146]}},{"type":"Feature","properties":{"id":2584,"z":104.82,"code":"GRD"},"geometry":{"type":"Point","coordinates":[-1.7989142,53.2000004]}},{"type":"Feature","properties":{"id":2585,"z":104.93,"code":"GRD"},"geometry":{"type":"Point","coordinates":[-1.7988616,53.2000028]}},{"type":"Feature","properties":{"id":2586,"z":105.0,"code":"GRD"},"geometry":{"type":"Point","coordinates":[-1.7987785,53.2000068]}},{"type":"Feature","properties":{"id":2587,"z":105.08,"code":"GRD"},"geometry":{"type":"Point","coordinates":[-1.798733,53.2000028]}},{"type":"Feature","properties":{"id":2588,"z":104.69,"code":"GRD"},"geometry":{"type":"Point","coordinates":[-1.7986743,53.2000154]}},{"type":"Feature","properties":{"id":2589,"z":104.46,"code":"GRD"},"geometry":{"type":"Point","coordinates":[-1.7985833,53.2000152]}},{"type":"Feature","properties":{"id":2590,"z":104.29,"code":"GRD"},"geometry":{"type":"Point","coordinates":[-1.7985364,53.2000135]}},{"type":"Feature","properties":{"id":2591,"z":104.15,"code":"GRD"},"geometry":{"type":"Point","coordinates":[-1.7984875,53.2000074]}},{"type":"Feature","properties":{"id":2592,"z":103.51,"code":"GRD"},"geometry":{"type":"Point","coordinates":[-1.7983887,53.2000076]}},{"type":"Feature","properties":{"id":2593,"z":102.89,"code":"GRD"},"geometry":{"type":"Point","coordinates":[-1.7983329,53.2000199]}},{"type":"Feature","properties":{"id":2594,"z":102.71,"code":"GRD"},"geometry":{"type":"Point","coordinates":[-1.7982868,53.2000076]}},{"type":"Feature","properties":{"id":2595,"z":102.39,"code":"GRD"},"geometry":{"type":"Point","coordinates":[-1.7982306,53.2000014]}},{"type":"Feature","properties":{"id":2596,"z":101.73,"code":"GRD"},"geometry":{"type":"Point","coordinates":[-1.7981476,53.200011]}},{"type":"Feature","properties":{"id":2597,"z":101.05,"code":"GRD"},"geometry":{"type":"Point","coordinates":[-1.7980768,53.200022]}},{"type":"Feature","properties":{"id":2598,"z":101.08,"code":"GRD"},"geometry":{"type":"Point","coordinates":[-1.7980153,53.1999988]}},{"type":"Feature","properties":{"id":2599,"z":100.63,"code":"GRD"},"geometry":{"type":"Point","coordinates":[-1.7979508,53.2000137]}},{"type":"Feature","properties":{"id":2600,"z":100.46,"code":"GRD"},"geometry":{"type":"Point","coordinates":[-1.7978985,53.2000092]}},{"type":"Feature","properties":{"id":2601,"z":100.51,"code":"GRD"},"geometry":{"type":"Point","coordinates":[-1.7978385,53.2000051]}},{"type":"Feature","properties":{"id":2602,"z":100.25,"code":"GRD"},"geometry":{"type":"Point","coordinates":[-1.7977934,53.2000201]}},{"type":"Feature","properties":{"id":2603,"z":111.66,"code":"GRD"},"geometry":{"type":"Point","coordinates":[-1.8021958,53.2000568]}},{"type":"Feature","properties":{"id":2604,"z":112.1,"code":"GRD"},"geometry":{"type":"Point","coordinates":[-1.8021357,53.2000522]}},{"type":"Feature","properties":{"id":2605,"z":112.53,"code":"GRD"},"geometry":{"type":"Point","coordinates":[-1.8020781,53.2000482]}},{"type":"Feature","properties":{"id":2606,"z":113.06,"code":"GRD"},"geometry":{"type":"Point","coordinates":[-1.8019965,53.2000565]}},{"type":"Feature","properties":{"id":2607,"z":113.38,"code":"GRD"},"geometry":{"type":"Point","coordinates":[-1.8019427,53.2000561]}},{"type":"Feature","properties":{"id":2608,"z":113.67,"code":"GRD"},"geometry":{"type":"Point","coordinates":[-1.8018828,53.2000519]}},{"type":"Feature","properties":{"id":2609,"z":113.97,"code":"GRD"},"geometry":{"type":"Point","coordinates":[-1.8017998,53.2000484]}},{"type":"Feature","properties":{"id":2610,"z":114.1,"code":"GRD"},"geometry":{"type":"Point","coordinates":[-1.8017618,53.2000478]}},{"type":"Feature","properties":{"id":2611,"z":114.19,"code":"GRD"},"geometry":{"type":"Point","coordinates":[-1.8016802,53.2000465]}},{"type":"Feature","properties":{"id":2612,"z":114.25,"code":"GRD"},"geometry":{"type":"Point","coordinates":[-1.8016194,53.200037]}},{"type":"Feature","properties":{"id":2613,"z":114.18,"code":"GRD"},"geometry":{"type":"Point","coordinates":[-1.801563,53.2000431]}},{"type":"Feature","properties":{"id":2614,"z":114.28,"code":"GRD"},"geometry":{"type":"Point","coordinates":[-1.8015068,53.2000594]}},{"type":"Feature","properties":{"id":2615,"z":114.09,"code":"GRD"},"geometry":{"type":"Point","coordinates":[-1.8014263,53.2000498]}},{"type":"Feature","properties":{"id":2616,"z":113.96,"code":"GRD"},"geometry":{"type":"Point","coordinates":[-1.8013802,53.2000368]}},{"type":"Feature","properties":{"id":2617,"z":113.82,"code":"GRD"},"geometry":{"type":"Point","coordinates":[-1.8013019,53.2000364]}},{"type":"Feature","properties":{"id":2618,"z":113.8,"code":"GRD"},"geometry":{"type":"Point","coordinates":[-1.8012618,53.2000401]}},{"type":"Feature","properties":{"id":2619,"z":113.87,"code":"GRD"},"geometry":{"type":"Point","coordinates":[-1.8011581,53.2000525]}},{"type":"Feature","properties":{"id":2620,"z":113.76,"code":"GRD"},"geometry":{"type":"Point","coordinates":[-1.8011148,53.2000363]}},{"type":"Feature","properties":{"id":2621,"z":113.75,"code":"GRD"},"geometry":{"type":"Point","coordinates":[-1.8010377,53.200037]}},{"type":"Feature","properties":{"id":2622,"z":113.99,"code":"GRD"},"geometry":{"type":"Point","coordinates":[-1.8009757,53.2000479]}},{"type":"Feature","properties":{"id":2623,"z":114.1,"code":"GRD"},"geometry":{"type":"Point","coordinates":[-1.8009446,53.2000505]}},{"type":"Feature","properties":{"id":2624,"z":114.25,"code":"GRD"},"geometry":{"type":"Point","coordinates":[-1.8008756,53.2000536]}},{"type":"Feature","properties":{"id":2625,"z":114.44,"code":"GRD"},"geometry":{"type":"Point","coordinates":[-1.8007959,53.2000538]}},{"type":"Feature","properties":{"id":2626,"z":114.4,"code":"GRD"},"geometry":{"type":"Point","coordinates":[-1.8007189,53.2000434]}},{"type":"Feature","properties":{"id":2627,"z":114.59,"code":"GRD"},"geometry":{"type":"Point","coordinates":[-1.8006583,53.2000567]}},{"type":"Feature","properties":{"id":2628,"z":114.61,"code":"GRD"},"geometry":{"type":"Point","coordinates":[-1.8006008,53.200051]}},{"type":"Feature","properties":{"id":2629,"z":114.75,"code":"GRD"},"geometry":{"type":"Point","coordinates":[-1.8005292,53.2000598]}},{"type":"Feature","properties":{"id":2630,"z":114.56,"code":"GRD"},"geometry":{"type":"Point","coordinates":[-1.8004927,53.2000566]}},{"type":"Feature","properties":{"id":2631,"z":114.29,"code":"GRD"},"geometry":{"type":"Point","coordinates":[-1.8004102,53.2000474]}},{"type":"Feature","properties":{"id":2632,"z":114.19,"code":"GRD"},"geometry":{"type":"Point","coordinates":[-1.8003643,53.2000559]}},{"type":"Feature","properties":{"id":2633,"z":113.68,"code":"GRD"},"geometry":{"type":"Point","coordinates":[-1.8002812,53.2000367]}},{"type":"Feature","properties":{"id":2634,"z":113.64,"code":"GRD"},"geometry":{"type":"Point","coordinates":[-1.8002544,53.2000476]}},{"type":"Feature","properties":{"id":2635,"z":113.13,"code":"GRD"},"geometry":{"type":"Point","coordinates":[-1.8001883,53.2000581]}},{"type":"Feature","properties":{"id":2636,"z":112.43,"code":"GRD"},"geometry":{"type":"Point","coordinates":[-1.8001195,53.2000393]}},{"type":"Feature","properties":{"id":2637,"z":111.66,"code":"GRD"},"geometry":{"type":"Point","coordinates":[-1.8000488,53.2000509]}},{"type":"Feature","properties":{"id":2638,"z":110.89,"code":"GRD"},"geometry":{"type":"Point","coordinates":[-1.7999798,53.2000598]}},{"type":"Feature","properties":{"id":2639,"z":110.09,"code":"GRD"},"geometry":{"type":"Point","coordinates":[-1.7999206,53.2000463]}},{"type":"Feature","properties":{"id":2640,"z":108.87,"code":"GRD"},"geometry":{"type":"Point","coordinates":[-1.7998481,53.2000387]}},{"type":"Feature","properties":{"id":2641,"z":107.9,"code":"GRD"},"geometry":{"type":"Point","coordinates":[-1.7997821,53.2000496]}},{"type":"Feature","properties":{"id":2642,"z":106.98,"code":"GRD"},"geometry":{"type":"Point","coordinates":[-1.7997362,53.2000384]}},{"type":"Feature","properties":{"id":2643,"z":106.04,"code":"GRD"},"geometry":{"type":"Point","coordinates":[-1.7996511,53.2000577]}},{"type":"Feature","properties":{"id":2644,"z":105.41,"code":"GRD"},"geometry":{"type":"Point","coordinates":[-1.7996174,53.2000548]}},{"type":"Feature","properties":{"id":2645,"z":103.71,"code":"GRD"},"geometry":{"type":"Point","coordinates":[-1.7995261,53.2000406]}},{"type":"Feature","properties":{"id":2646,"z":103.53,"code":"GRD"},"geometry":{"type":"Point","coordinates":[-1.799485,53.2000489]}},{"type":"Feature","properties":{"id":2647,"z":103.21,"code":"GRD"},"geometry":{"type":"Point","coordinates":[-1.7994235,53.2000577]}},{"type":"Feature","properties":{"id":2648,"z":102.72,"code":"GRD"},"geometry":{"type":"Point","coordinates":[-1.7993567,53.2000465]}},{"type":"Feature","properties":{"id":2649,"z":102.66,"code":"GRD"},"geometry":{"type":"Point","coordinates":[-1.7992805,53.200045]}},{"type":"Feature","properties":{"id":2650,"z":102.81,"code":"GRD"},"geometry":{"type":"Point","coordinates":[-1.7992194,53.2000483]}},{"type":"Feature","properties":{"id":2651,"z":102.83,"code":"GRD"},"geometry":{"type":"Point","coordinates":[-1.7991721,53.2000497]}},{"type":"Feature","properties":{"id":2652,"z":103.23,"code":"GRD"},"geometry":{"type":"Point","coordinates":[-1.799081,53.2000411]}},{"type":"Feature","properties":{"id":2653,"z":103.23,"code":"GRD"},"geometry":{"type":"Point","coordinates":[-1.7990518,53.2000573]}},{"type":"Feature","properties":{"id":2654,"z":103.73,"code":"GRD"},"geometry":{"type":"Point","coordinates":[-1.7989735,53.200037]}},{"type":"Feature","properties":{"id":2655,"z":103.88,"code":"GRD"},"geometry":{"type":"Point","coordinates":[-1.7989249,53.2000436]}},{"type":"Feature","properties":{"id":2656,"z":104.06,"code":"GRD"},"geometry":{"type":"Point","coordinates":[-1.7988313,53.2000471]}},{"type":"Feature","properties":{"id":2657,"z":104.14,"code":"GRD"},"geometry":{"type":"Point","coordinates":[-1.7988016,53.200049]}},{"type":"Feature","properties":{"id":2658,"z":104.26,"code":"GRD"},"geometry":{"type":"Point","coordinates":[-1.7987161,53.2000382]}},{"type":"Feature","properties":{"id":2659,"z":104.06,"code":"GRD"},"geometry":{"type":"Point","coordinates":[-1.7986491,53.2000514]}},{"type":"Feature","properties":{"id":2660,"z":103.94,"code":"GRD"},"geometry":{"type":"Point","coordinates":[-1.7985792,53.2000512]}},{"type":"Feature","properties":{"id":2661,"z":103.75,"code":"GRD"},"geometry":{"type":"Point","coordinates":[-1.7985248,53.2000563]}},{"type":"Feature","properties":{"id":2662,"z":103.61,"code":"GRD"},"geometry":{"type":"Point","coordinates":[-1.7984888,53.2000464]}},{"type":"Feature","properties":{"id":2663,"z":103.15,"code":"GRD"},"geometry":{"type":"Point","coordinates":[-1.7983918,53.20005]}},{"type":"Feature","properties":{"id":2664,"z":102.77,"code":"GRD"},"geometry":{"type":"Point","coordinates":[-1.7983342,53.2000552]}},{"type":"Feature","properties":{"id":2665,"z":102.51,"code":"GRD"},"geometry":{"type":"Point","coordinates":[-1.7982867,53.2000479]}},{"type":"Feature","properties":{"id":2666,"z":102.07,"code":"GRD"},"geometry":{"type":"Point","coordinates":[-1.7982172,53.2000527]}},{"type":"Feature","properties":{"id":2667,"z":101.73,"code":"GRD"},"geometry":{"type":"Point","coordinates":[-1.7981697,53.2000438]}},{"type":"Feature","properties":{"id":2668,"z":101.22,"code":"GRD"},"geometry":{"type":"Point","coordinates":[-1.7980778,53.2000607]}},{"type":"Feature","properties":{"id":2669,"z":101.19,"code":"GRD"},"geometry":{"type":"Point","coordinates":[-1.7980489,53.20006]}},{"type":"Feature","properties":{"id":2670,"z":100.57,"code":"GRD"},"geometry":{"type":"Point","coordinates":[-1.7979791,53.2000368]}},{"type":"Feature","properties":{"id":2671,"z":100.27,"code":"GRD"},"geometry":{"type":"Point","coordinates":[-1.7978929,53.2000361]}},{"type":"Feature","properties":{"id":2672,"z":100.29,"code":"GRD"},"geometry":{"type":"Point","coordinates":[-1.7978563,53.2000449]}},{"type":"Feature","properties":{"id":2673,"z":100.26,"code":"GRD"},"geometry":{"type":"Point","coordinates":[-1.797784,53.2000545]}},{"type":"Feature","properties":{"id":2674,"z":111.93,"code":"GRD"},"geometry":{"type":"Point","coordinates":[-1.802172,53.200078]}},{"type":"Feature","properties":{"id":2675,"z":112.16,"code":"GRD"},"geometry":{"type":"Point","coordinates":[-1.8021207,53.2000869]}},{"type":"Feature","properties":{"id":2676,"z":112.52,"code":"GRD"},"geometry":{"type":"Point","coordinates":[-1.8020743,53.2000817]}},{"type":"Feature","properties":{"id":2677,"z":113.06,"code":"GRD"},"geometry":{"type":"Point","coordinates":[-1.8019927,53.2000818]}},{"type":"Feature","properties":{"id":2678,"z":113.41,"code":"GRD"},"geometry":{"type":"Point","coordinates":[-1.8019233,53.2000881]}},{"type":"Feature","properties":{"id":2679,"z":113.7,"code":"GRD"},"geometry":{"type":"Point","coordinates":[-1.801857,53.2000864]}},{"type":"Feature","properties":{"id":2680,"z":113.92,"code":"GRD"},"geometry":{"type":"Point","coordinates":[-1.801803,53.2000797]}},{"type":"Feature","properties":{"id":2681,"z":114.08,"code":"GRD"},"geometry":{"type":"Point","coordinates":[-1.8017363,53.2000884]}},{"type":"Feature","properties":{"id":2682,"z":114.21,"code":"GRD"},"geometry":{"type":"Point","coordinates":[-1.8016977,53.2000812]}},{"type":"Feature","properties":{"id":2683,"z":114.33,"code":"GRD"},"geometry":{"type":"Point","coordinates":[-1.8016141,53.2000874]}},{"type":"Feature","properties":{"id":2684,"z":114.32,"code":"GRD"},"geometry":{"type":"Point","coordinates":[-1.8015476,53.2000819]}},{"type":"Feature","properties":{"id":2685,"z":114.33,"code":"GRD"},"geometry":{"type":"Point","coordinates":[-1.8014832,53.2000755]}},{"type":"Feature","properties":{"id":2686,"z":114.31,"code":"GRD"},"geometry":{"type":"Point","coordinates":[-1.8014302,53.2000802]}},{"type":"Feature","properties":{"id":2687,"z":114.29,"code":"GRD"},"geometry":{"type":"Point","coordinates":[-1.80138,53.2000795]}},{"type":"Feature","properties":{"id":2688,"z":114.34,"code":"GRD"},"geometry":{"type":"Point","coordinates":[-1.8012881,53.2000828]}},{"type":"Feature","properties":{"id":2689,"z":114.29,"code":"GRD"},"geometry":{"type":"Point","coordinates":[-1.8012514,53.2000876]}},{"type":"Feature","properties":{"id":2690,"z":114.44,"code":"GRD"},"geometry":{"type":"Point","coordinates":[-1.8011993,53.2000971]}},{"type":"Feature","properties":{"id":2691,"z":114.33,"code":"GRD"},"geometry":{"type":"Point","coordinates":[-1.8011149,53.2000861]}},{"type":"Feature","properties":{"id":2692,"z":114.38,"code":"GRD"},"geometry":{"type":"Point","coordinates":[-1.8010456,53.2000809]}},{"type":"Feature","properties":{"id":2693,"z":114.53,"code":"GRD"},"geometry":{"type":"Point","coordinates":[-1.8010077,53.2000943]}},{"type":"Feature","properties":{"id":2694,"z":114.5,"code":"GRD"},"geometry":{"type":"Point","coordinates":[-1.8009106,53.2000813]}},{"type":"Feature","properties":{"id":2695,"z":114.47,"code":"GRD"},"geometry":{"type":"Point","coordinates":[-1.8008477,53.2000754]}},{"type":"Feature","properties":{"id":2696,"z":114.71,"code":"GRD"},"geometry":{"type":"Point","coordinates":[-1.8007867,53.2000799]}},{"type":"Feature","properties":{"id":2697,"z":114.87,"code":"GRD"},"geometry":{"type":"Point","coordinates":[-1.8007393,53.2000963]}},{"type":"Feature","properties":{"id":2698,"z":115.04,"code":"GRD"},"geometry":{"type":"Point","coordinates":[-1.8006621,53.2000987]}},{"type":"Feature","properties":{"id":2699,"z":114.9,"code":"GRD"},"geometry":{"type":"Point","coordinates":[-1.800602,53.2000905]}},{"type":"Feature","properties":{"id":2700,"z":114.82,"code":"GRD"},"geometry":{"type":"Point","coordinates":[-1.8005531,53.2000862]}},{"type":"Feature","properties":{"id":2701,"z":114.79,"code":"GRD"},"geometry":{"type":"Point","coordinates":[-1.8004959,53.2000949]}},{"type":"Feature","properties":{"id":2702,"z":114.48,"code":"GRD"},"geometry":{"type":"Point","coordinates":[-1.8004084,53.2000912]}},{"type":"Feature","properties":{"id":2703,"z":114.22,"code":"GRD"},"geometry":{"type":"Point","coordinates":[-1.8003568,53.2000904]}},{"type":"Feature","properties":{"id":2704,"z":114.07,"code":"GRD"},"geometry":{"type":"Point","coordinates":[-1.8003176,53.2000848]}},{"type":"Feature","properties":{"id":2705,"z":113.47,"code":"GRD"},"geometry":{"type":"Point","coordinates":[-1.8002353,53.2000756]}},{"type":"Feature","properties":{"id":2706,"z":113.12,"code":"GRD"},"geometry":{"type":"Point","coordinates":[-1.8001812,53.2000944]}},{"type":"Feature","properties":{"id":2707,"z":112.26,"code":"GRD"},"geometry":{"type":"Point","coordinates":[-1.8000955,53.2000955]}},{"type":"Feature","properties":{"id":2708,"z":111.8,"code":"GRD"},"geometry":{"type":"Point","coordinates":[-1.8000552,53.2000971]}},{"type":"Feature","properties":{"id":2709,"z":110.84,"code":"GRD"},"geometry":{"type":"Point","coordinates":[-1.7999631,53.2000874]}},{"type":"Feature","properties":{"id":2710,"z":110.19,"code":"GRD"},"geometry":{"type":"Point","coordinates":[-1.7999114,53.2000764]}},{"type":"Feature","properties":{"id":2711,"z":109.76,"code":"GRD"},"geometry":{"type":"Point","coordinates":[-1.7998726,53.2000944]}},{"type":"Feature","properties":{"id":2712,"z":108.92,"code":"GRD"},"geometry":{"type":"Point","coordinates":[-1.7998036,53.2000977]}},{"type":"Feature","properties":{"id":2713,"z":107.61,"code":"GRD"},"geometry":{"type":"Point","coordinates":[-1.7997212,53.2000817]}},{"type":"Feature","properties":{"id":2714,"z":106.73,"code":"GRD"},"geometry":{"type":"Point","coordinates":[-1.799666,53.2000756]}},{"type":"Feature","properties":{"id":2715,"z":106.1,"code":"GRD"},"geometry":{"type":"Point","coordinates":[-1.7996007,53.200091]}},{"type":"Feature","properties":{"id":2716,"z":105.05,"code":"GRD"},"geometry":{"type":"Point","coordinates":[-1.7995478,53.2000769]}},{"type":"Feature","properties":{"id":2717,"z":104.31,"code":"GRD"},"geometry":{"type":"Point","coordinates":[-1.7994755,53.200077]}},{"type":"Feature","properties":{"id":2718,"z":104.07,"code":"GRD"},"geometry":{"type":"Point","coordinates":[-1.799426,53.2000856]}},{"type":"Feature","properties":{"id":2719,"z":103.33,"code":"GRD"},"geometry":{"type":"Point","coordinates":[-1.7993543,53.200077]}},{"type":"Feature","properties":{"id":2720,"z":103.05,"code":"GRD"},"geometry":{"type":"Point","coordinates":[-1.7992728,53.2000769]}},{"type":"Feature","properties":{"id":2721,"z":103.14,"code":"GRD"},"geometry":{"type":"Point","coordinates":[-1.7992339,53.2000873]}},{"type":"Feature","properties":{"id":2722,"z":103.16,"code":"GRD"},"geometry":{"type":"Point","coordinates":[-1.7991425,53.2000892]}},{"type":"Feature","properties":{"id":2723,"z":103.51,"code":"GRD"},"geometry":{"type":"Point","coordinates":[-1.7991103,53.2000977]}},{"type":"Feature","properties":{"id":2724,"z":103.33,"code":"GRD"},"geometry":{"type":"Point","coordinates":[-1.7990452,53.2000843]}},{"type":"Feature","properties":{"id":2725,"z":103.71,"code":"GRD"},"geometry":{"type":"Point","coordinates":[-1.7989582,53.200091]}},{"type":"Feature","properties":{"id":2726,"z":103.83,"code":"GRD"},"geometry":{"type":"Point","coordinates":[-1.7989246,53.2000986]}},{"type":"Feature","properties":{"id":2727,"z":103.84,"code":"GRD"},"geometry":{"type":"Point","coordinates":[-1.7988336,53.2000764]}},{"type":"Feature","properties":{"id":2728,"z":104.08,"code":"GRD"},"geometry":{"type":"Point","coordinates":[-1.7987812,53.2000934]}},{"type":"Feature","properties":{"id":2729,"z":104.0,"code":"GRD"},"geometry":{"type":"Point","coordinates":[-1.7987407,53.2000857]}},{"type":"Feature","properties":{"id":2730,"z":104.07,"code":"GRD"},"geometry":{"type":"Point","coordinates":[-1.798669,53.200089]}},{"type":"Feature","properties":{"id":2731,"z":104.07,"code":"GRD"},"geometry":{"type":"Point","coordinates":[-1.7985948,53.2000885]}},{"type":"Feature","properties":{"id":2732,"z":103.8,"code":"GRD"},"geometry":{"type":"Point","coordinates":[-1.798517,53.2000808]}},{"type":"Feature","properties":{"id":2733,"z":103.92,"code":"GRD"},"geometry":{"type":"Point","coordinates":[-1.7984867,53.200095]}},{"type":"Feature","properties":{"id":2734,"z":103.22,"code":"GRD"},"geometry":{"type":"Point","coordinates":[-1.7983898,53.2000768]}},{"type":"Feature","properties":{"id":2735,"z":103.44,"code":"GRD"},"geometry":{"type":"Point","coordinates":[-1.7983291,53.2000983]}},{"type":"Feature","properties":{"id":2736,"z":102.72,"code":"GRD"},"geometry":{"type":"Point","coordinates":[-1.7982607,53.2000813]}},{"type":"Feature","properties":{"id":2737,"z":102.33,"code":"GRD"},"geometry":{"type":"Point","coordinates":[-1.7982183,53.200074]}},{"type":"Feature","properties":{"id":2738,"z":102.25,"code":"GRD"},"geometry":{"type":"Point","coordinates":[-1.7981658,53.2000856]}},{"type":"Feature","properties":{"id":2739,"z":101.85,"code":"GRD"},"geometry":{"type":"Point","coordinates":[-1.7981083,53.200082]}},{"type":"Feature","properties":{"id":2740,"z":101.48,"code":"GRD"},"geometry":{"type":"Point","coordinates":[-1.7980467,53.2000767]}},{"type":"Feature","properties":{"id":2741,"z":100.99,"code":"GRD"},"geometry":{"type":"Point","coordinates":[-1.7979506,53.2000747]}},{"type":"Feature","properties":{"id":2742,"z":101.2,"code":"GRD"},"geometry":{"type":"Point","coordinates":[-1.7978907,53.2000949]}},{"type":"Feature","properties":{"id":2743,"z":100.55,"code":"GRD"},"geometry":{"type":"Point","coordinates":[-1.7978271,53.2000757]}},{"type":"Feature","properties":{"id":2744,"z":101.03,"code":"GRD"},"geometry":{"type":"Point","coordinates":[-1.7977966,53.2000977]}},{"type":"Feature","properties":{"id":2745,"z":111.49,"code":"GRD"},"geometry":{"type":"Point","coordinates":[-1.8022388,53.2001126]}},{"type":"Feature","properties":{"id":2746,"z":111.65,"code":"GRD"},"geometry":{"type":"Point","coordinates":[-1.8022035,53.2001276]}},{"type":"Feature","properties":{"id":2747,"z":112.22,"code":"GRD"},"geometry":{"type":"Point","coordinates":[-1.8021162,53.2001172]}},{"type":"Feature","properties":{"id":2748,"z":112.56,"code":"GRD"},"geometry":{"type":"Point","coordinates":[-1.8020615,53.2001167]}},{"type":"Feature","properties":{"id":2749,"z":112.88,"code":"GRD"},"geometry":{"type":"Point","coordinates":[-1.8019895,53.200127]}},{"type":"Feature","properties":{"id":2750,"z":113.11,"code":"GRD"},"geometry":{"type":"Point","coordinates":[-1.801953,53.2001337]}},{"type":"Feature","properties":{"id":2751,"z":113.51,"code":"GRD"},"geometry":{"type":"Point","coordinates":[-1.8018677,53.2001238]}},{"type":"Feature","properties":{"id":2752,"z":113.85,"code":"GRD"},"geometry":{"type":"Point","coordinates":[-1.8017978,53.2001248]}},{"type":"Feature","properties":{"id":2753,"z":114.08,"code":"GRD"},"geometry":{"type":"Point","coordinates":[-1.8017576,53.2001115]}},{"type":"Feature","properties":{"id":2754,"z":114.22,"code":"GRD"},"geometry":{"type":"Point","coordinates":[-1.8016817,53.2001333]}},{"type":"Feature","properties":{"id":2755,"z":114.35,"code":"GRD"},"geometry":{"type":"Point","coordinates":[-1.8016192,53.2001261]}},{"type":"Feature","properties":{"id":2756,"z":114.42,"code":"GRD"},"geometry":{"type":"Point","coordinates":[-1.8015533,53.200123]}},{"type":"Feature","properties":{"id":2757,"z":114.58,"code":"GRD"},"geometry":{"type":"Point","coordinates":[-1.8014776,53.2001244]}},{"type":"Feature","properties":{"id":2758,"z":114.69,"code":"GRD"},"geometry":{"type":"Point","coordinates":[-1.8014187,53.2001285]}},{"type":"Feature","properties":{"id":2759,"z":114.66,"code":"GRD"},"geometry":{"type":"Point","coordinates":[-1.8013755,53.2001203]}},{"type":"Feature","properties":{"id":2760,"z":114.72,"code":"GRD"},"geometry":{"type":"Point","coordinates":[-1.801305,53.2001188]}},{"type":"Feature","properties":{"id":2761,"z":114.8,"code":"GRD"},"geometry":{"type":"Point","coordinates":[-1.8012471,53.200129]}},{"type":"Feature","properties":{"id":2762,"z":114.63,"code":"GRD"},"geometry":{"type":"Point","coordinates":[-1.8011609,53.2001154]}},{"type":"Feature","properties":{"id":2763,"z":114.91,"code":"GRD"},"geometry":{"type":"Point","coordinates":[-1.801121,53.2001335]}},{"type":"Feature","properties":{"id":2764,"z":114.91,"code":"GRD"},"geometry":{"type":"Point","coordinates":[-1.80104,53.2001194]}},{"type":"Feature","properties":{"id":2765,"z":114.99,"code":"GRD"},"geometry":{"type":"Point","coordinates":[-1.8009933,53.2001202]}},{"type":"Feature","properties":{"id":2766,"z":115.21,"code":"GRD"},"geometry":{"type":"Point","coordinates":[-1.8009283,53.2001297]}},{"type":"Feature","properties":{"id":2767,"z":114.99,"code":"GRD"},"geometry":{"type":"Point","coordinates":[-1.8008526,53.2001158]}},{"type":"Feature","properties":{"id":2768,"z":115.05,"code":"GRD"},"geometry":{"type":"Point","coordinates":[-1.8008063,53.2001116]}},{"type":"Feature","properties":{"id":2769,"z":115.24,"code":"GRD"},"geometry":{"type":"Point","coordinates":[-1.8007514,53.2001234]}},{"type":"Feature","properties":{"id":2770,"z":115.23,"code":"GRD"},"geometry":{"type":"Point","coordinates":[-1.8006903,53.2001278]}},{"type":"Feature","properties":{"id":2771,"z":115.14,"code":"GRD"},"geometry":{"type":"Point","coordinates":[-1.800604,53.2001196]}},{"type":"Feature","properties":{"id":2772,"z":115.15,"code":"GRD"},"geometry":{"type":"Point","coordinates":[-1.8005689,53.2001325]}},{"type":"Feature","properties":{"id":2773,"z":114.81,"code":"GRD"},"geometry":{"type":"Point","coordinates":[-1.8004945,53.200118]}},{"type":"Feature","properties":{"id":2774,"z":114.64,"code":"GRD"},"geometry":{"type":"Point","coordinates":[-1.8004146,53.2001151]}},{"type":"Feature","properties":{"id":2775,"z":114.29,"code":"GRD"},"geometry":{"type":"Point","coordinates":[-1.8003579,53.2001127]}},{"type":"Feature","properties":{"id":2776,"z":114.01,"code":"GRD"},"geometry":{"type":"Point","coordinates":[-1.800306,53.200122]}},{"type":"Feature","properties":{"id":2777,"z":113.44,"code":"GRD"},"geometry":{"type":"Point","coordinates":[-1.8002301,53.2001133]}},{"type":"Feature","properties":{"id":2778,"z":112.77,"code":"GRD"},"geometry":{"type":"Point","coordinates":[-1.8001512,53.2001302]}},{"type":"Feature","properties":{"id":2779,"z":112.42,"code":"GRD"},"geometry":{"type":"Point","coordinates":[-1.8001214,53.2001175]}},{"type":"Feature","properties":{"id":2780,"z":111.93,"code":"GRD"},"geometry":{"type":"Point","coordinates":[-1.8000643,53.2001253]}},{"type":"Feature","properties":{"id":2781,"z":111.21,"code":"GRD"},"geometry":{"type":"Point","coordinates":[-1.7999957,53.2001345]}},{"type":"Feature","properties":{"id":2782,"z":110.25,"code":"GRD"},"geometry":{"type":"Point","coordinates":[-1.7999069,53.2001186]}},{"type":"Feature","properties":{"id":2783,"z":109.83,"code":"GRD"},"geometry":{"type":"Point","coordinates":[-1.7998711,53.200121]}},{"type":"Feature","properties":{"id":2784,"z":108.79,"code":"GRD"},"geometry":{"type":"Point","coordinates":[-1.7997802,53.2001139]}},{"type":"Feature","properties":{"id":2785,"z":108.06,"code":"GRD"},"geometry":{"type":"Point","coordinates":[-1.7997175,53.2001199]}},{"type":"Feature","properties":{"id":2786,"z":107.67,"code":"GRD"},"geometry":{"type":"Point","coordinates":[-1.7996863,53.2001139]}},{"type":"Feature","properties":{"id":2787,"z":106.61,"code":"GRD"},"geometry":{"type":"Point","coordinates":[-1.799593,53.2001164]}},{"type":"Feature","properties":{"id":2788,"z":106.23,"code":"GRD"},"geometry":{"type":"Point","coordinates":[-1.7995504,53.2001167]}},{"type":"Feature","properties":{"id":2789,"z":105.89,"code":"GRD"},"geometry":{"type":"Point","coordinates":[-1.7994926,53.2001296]}},{"type":"Feature","properties":{"id":2790,"z":105.26,"code":"GRD"},"geometry":{"type":"Point","coordinates":[-1.7994345,53.2001231]}},{"type":"Feature","properties":{"id":2791,"z":104.86,"code":"GRD"},"geometry":{"type":"Point","coordinates":[-1.799343,53.2001286]}},{"type":"Feature","properties":{"id":2792,"z":104.05,"code":"GRD"},"geometry":{"type":"Point","coordinates":[-1.7993019,53.2001125]}},{"type":"Feature","properties":{"id":2793,"z":104.44,"code":"GRD"},"geometry":{"type":"Point","coordinates":[-1.7992468,53.2001325]}},{"type":"Feature","properties":{"id":2794,"z":103.91,"code":"GRD"},"geometry":{"type":"Point","coordinates":[-1.7991465,53.2001205]}},{"type":"Feature","properties":{"id":2795,"z":104.15,"code":"GRD"},"geometry":{"type":"Point","coordinates":[-1.7990823,53.2001277]}},{"type":"Feature","properties":{"id":2796,"z":104.25,"code":"GRD"},"geometry":{"type":"Point","coordinates":[-1.7990366,53.2001307]}},{"type":"Feature","properties":{"id":2797,"z":104.15,"code":"GRD"},"geometry":{"type":"Point","coordinates":[-1.7989723,53.2001218]}},{"type":"Feature","properties":{"id":2798,"z":104.24,"code":"GRD"},"geometry":{"type":"Point","coordinates":[-1.7989182,53.2001213]}},{"type":"Feature","properties":{"id":2799,"z":104.66,"code":"GRD"},"geometry":{"type":"Point","coordinates":[-1.7988379,53.2001337]}},{"type":"Feature","properties":{"id":2800,"z":104.71,"code":"GRD"},"geometry":{"type":"Point","coordinates":[-1.7987871,53.2001327]}},{"type":"Feature","properties":{"id":2801,"z":104.76,"code":"GRD"},"geometry":{"type":"Point","coordinates":[-1.7987121,53.200131]}},{"type":"Feature","properties":{"id":2802,"z":104.52,"code":"GRD"},"geometry":{"type":"Point","coordinates":[-1.7986641,53.2001156]}},{"type":"Feature","properties":{"id":2803,"z":104.5,"code":"GRD"},"geometry":{"type":"Point","coordinates":[-1.7985899,53.2001201]}},{"type":"Feature","properties":{"id":2804,"z":104.51,"code":"GRD"},"geometry":{"type":"Point","coordinates":[-1.7985496,53.2001257]}},{"type":"Feature","properties":{"id":2805,"z":104.57,"code":"GRD"},"geometry":{"type":"Point","coordinates":[-1.7984635,53.2001304]}},{"type":"Feature","properties":{"id":2806,"z":104.45,"code":"GRD"},"geometry":{"type":"Point","coordinates":[-1.7984045,53.2001303]}},{"type":"Feature","properties":{"id":2807,"z":104.16,"code":"GRD"},"geometry":{"type":"Point","coordinates":[-1.798341,53.2001264]}},{"type":"Feature","properties":{"id":2808,"z":103.55,"code":"GRD"},"geometry":{"type":"Point","coordinates":[-1.7982945,53.2001137]}},{"type":"Feature","properties":{"id":2809,"z":103.24,"code":"GRD"},"geometry":{"type":"Point","coordinates":[-1.7982114,53.2001178]}},{"type":"Feature","properties":{"id":2810,"z":103.33,"code":"GRD"},"geometry":{"type":"Point","coordinates":[-1.798156,53.2001307]}},{"type":"Feature","properties":{"id":2811,"z":103.11,"code":"GRD"},"geometry":{"type":"Point","coordinates":[-1.7981097,53.2001309]}},{"type":"Feature","properties":{"id":2812,"z":102.8,"code":"GRD"},"geometry":{"type":"Point","coordinates":[-1.7980499,53.2001271]}},{"type":"Feature","properties":{"id":2813,"z":102.51,"code":"GRD"},"geometry":{"type":"Point","coordinates":[-1.7979699,53.2001282]}},{"type":"Feature","properties":{"id":2814,"z":101.68,"code":"GRD"},"geometry":{"type":"Point","coordinates":[-1.7978881,53.2001133]}},{"type":"Feature","properties":{"id":2815,"z":102.27,"code":"GRD"},"geometry":{"type":"Point","coordinates":[-1.7978566,53.2001338]}},{"type":"Feature","properties":{"id":2816,"z":101.56,"code":"GRD"},"geometry":{"type":"Point","coordinates":[-1.7977591,53.20012]}},{"type":"Feature","properties":{"id":2817,"z":111.74,"code":"GRD"},"geometry":{"type":"Point","coordinates":[-1.8021778,53.2001727]}},{"type":"Feature","properties":{"id":2818,"z":111.96,"code":"GRD"},"geometry":{"type":"Point","coordinates":[-1.802121,53.2001731]}},{"type":"Feature","properties":{"id":2819,"z":112.3,"code":"GRD"},"geometry":{"type":"Point","coordinates":[-1.8020815,53.2001596]}},{"type":"Feature","properties":{"id":2820,"z":112.67,"code":"GRD"},"geometry":{"type":"Point","coordinates":[-1.8020175,53.2001524]}},{"type":"Feature","properties":{"id":2821,"z":113.01,"code":"GRD"},"geometry":{"type":"Point","coordinates":[-1.8019429,53.2001623]}},{"type":"Feature","properties":{"id":2822,"z":113.5,"code":"GRD"},"geometry":{"type":"Point","coordinates":[-1.8018705,53.2001499]}},{"type":"Feature","properties":{"id":2823,"z":113.75,"code":"GRD"},"geometry":{"type":"Point","coordinates":[-1.8018125,53.2001514]}},{"type":"Feature","properties":{"id":2824,"z":113.97,"code":"GRD"},"geometry":{"type":"Point","coordinates":[-1.8017465,53.2001585]}},{"type":"Feature","properties":{"id":2825,"z":114.15,"code":"GRD"},"geometry":{"type":"Point","coordinates":[-1.801696,53.200151]}},{"type":"Feature","properties":{"id":2826,"z":114.39,"code":"GRD"},"geometry":{"type":"Point","coordinates":[-1.8016174,53.2001733]}},{"type":"Feature","properties":{"id":2827,"z":114.54,"code":"GRD"},"geometry":{"type":"Point","coordinates":[-1.8015549,53.2001581]}},{"type":"Feature","properties":{"id":2828,"z":114.76,"code":"GRD"},"geometry":{"type":"Point","coordinates":[-1.8014736,53.2001669]}},{"type":"Feature","properties":{"id":2829,"z":114.83,"code":"GRD"},"geometry":{"type":"Point","coordinates":[-1.8014333,53.2001624]}},{"type":"Feature","properties":{"id":2830,"z":115.01,"code":"GRD"},"geometry":{"type":"Point","coordinates":[-1.8013728,53.2001633]}},{"type":"Feature","properties":{"id":2831,"z":115.12,"code":"GRD"},"geometry":{"type":"Point","coordinates":[-1.8012842,53.2001592]}},{"type":"Feature","properties":{"id":2832,"z":115.29,"code":"GRD"},"geometry":{"type":"Point","coordinates":[-1.8012414,53.2001681]}},{"type":"Feature","properties":{"id":2833,"z":115.28,"code":"GRD"},"geometry":{"type":"Point","coordinates":[-1.8011837,53.200167]}},{"type":"Feature","properties":{"id":2834,"z":115.42,"code":"GRD"},"geometry":{"type":"Point","coordinates":[-1.8011283,53.2001646]}},{"type":"Feature","properties":{"id":2835,"z":115.39,"code":"GRD"},"geometry":{"type":"Point","coordinates":[-1.8010664,53.200158]}},{"type":"Feature","properties":{"id":2836,"z":115.38,"code":"GRD"},"geometry":{"type":"Point","coordinates":[-1.8009798,53.2001496]}},{"type":"Feature","properties":{"id":2837,"z":115.73,"code":"GRD"},"geometry":{"type":"Point","coordinates":[-1.8009079,53.200173]}},{"type":"Feature","properties":{"id":2838,"z":115.77,"code":"GRD"},"geometry":{"type":"Point","coordinates":[-1.800859,53.2001703]}},{"type":"Feature","properties":{"id":2839,"z":115.48,"code":"GRD"},"geometry":{"type":"Point","coordinates":[-1.8007859,53.20015]}},{"type":"Feature","properties":{"id":2840,"z":115.63,"code":"GRD"},"geometry":{"type":"Point","coordinates":[-1.800726,53.2001654]}},{"type":"Feature","properties":{"id":2841,"z":115.54,"code":"GRD"},"geometry":{"type":"Point","coordinates":[-1.8006923,53.2001623]}},{"type":"Feature","properties":{"id":2842,"z":115.45,"code":"GRD"},"geometry":{"type":"Point","coordinates":[-1.8006074,53.2001664]}},{"type":"Feature","properties":{"id":2843,"z":115.19,"code":"GRD"},"geometry":{"type":"Point","coordinates":[-1.8005292,53.2001555]}},{"type":"Feature","properties":{"id":2844,"z":114.94,"code":"GRD"},"geometry":{"type":"Point","coordinates":[-1.8004725,53.2001733]}},{"type":"Feature","properties":{"id":2845,"z":114.67,"code":"GRD"},"geometry":{"type":"Point","coordinates":[-1.8004263,53.2001609]}},{"type":"Feature","properties":{"id":2846,"z":114.42,"code":"GRD"},"geometry":{"type":"Point","coordinates":[-1.8003757,53.200151]}},{"type":"Feature","properties":{"id":2847,"z":113.8,"code":"GRD"},"geometry":{"type":"Point","coordinates":[-1.8002802,53.2001582]}},{"type":"Feature","properties":{"id":2848,"z":113.34,"code":"GRD"},"geometry":{"type":"Point","coordinates":[-1.8002182,53.2001633]}},{"type":"Feature","properties":{"id":2849,"z":112.74,"code":"GRD"},"geometry":{"type":"Point","coordinates":[-1.8001621,53.2001604]}},{"type":"Feature","properties":{"id":2850,"z":112.35,"code":"GRD"},"geometry":{"type":"Point","coordinates":[-1.8001187,53.2001633]}},{"type":"Feature","properties":{"id":2851,"z":111.92,"code":"GRD"},"geometry":{"type":"Point","coordinates":[-1.8000642,53.2001651]}},{"type":"Feature","properties":{"id":2852,"z":110.99,"code":"GRD"},"geometry":{"type":"Point","coordinates":[-1.7999888,53.2001597]}},{"type":"Feature","properties":{"id":2853,"z":110.16,"code":"GRD"},"geometry":{"type":"Point","coordinates":[-1.7998983,53.2001581]}},{"type":"Feature","properties":{"id":2854,"z":109.55,"code":"GRD"},"geometry":{"type":"Point","coordinates":[-1.7998368,53.2001732]}},{"type":"Feature","properties":{"id":2855,"z":109.29,"code":"GRD"},"geometry":{"type":"Point","coordinates":[-1.7998058,53.200169]}},{"type":"Feature","properties":{"id":2856,"z":108.66,"code":"GRD"},"geometry":{"type":"Point","coordinates":[-1.7997307,53.2001683]}},{"type":"Feature","properties":{"id":2857,"z":107.92,"code":"GRD"},"geometry":{"type":"Point","coordinates":[-1.7996589,53.2001629]}},{"type":"Feature","properties":{"id":2858,"z":107.61,"code":"GRD"},"geometry":{"type":"Point","coordinates":[-1.7996196,53.2001607]}},{"type":"Feature","properties":{"id":2859,"z":106.78,"code":"GRD"},"geometry":{"type":"Point","coordinates":[-1.7995209,53.2001587]}},{"type":"Feature","properties":{"id":2860,"z":106.64,"code":"GRD"},"geometry":{"type":"Point","coordinates":[-1.7994935,53.2001601]}},{"type":"Feature","properties":{"id":2861,"z":106.03,"code":"GRD"},"geometry":{"type":"Point","coordinates":[-1.7994266,53.2001546]}},{"type":"Feature","properties":{"id":2862,"z":106.02,"code":"GRD"},"geometry":{"type":"Point","coordinates":[-1.7993464,53.2001724]}},{"type":"Feature","properties":{"id":2863,"z":105.44,"code":"GRD"},"geometry":{"type":"Point","coordinates":[-1.7992857,53.2001614]}},{"type":"Feature","properties":{"id":2864,"z":104.89,"code":"GRD"},"geometry":{"type":"Point","coordinates":[-1.7992295,53.2001494]}},{"type":"Feature","properties":{"id":2865,"z":105.47,"code":"GRD"},"geometry":{"type":"Point","coordinates":[-1.7991701,53.2001741]}},{"type":"Feature","properties":{"id":2866,"z":105.28,"code":"GRD"},"geometry":{"type":"Point","coordinates":[-1.7991069,53.2001704]}},{"type":"Feature","properties":{"id":2867,"z":104.96,"code":"GRD"},"geometry":{"type":"Point","coordinates":[-1.7990376,53.2001617]}},{"type":"Feature","properties":{"id":2868,"z":104.85,"code":"GRD"},"geometry":{"type":"Point","coordinates":[-1.7989598,53.2001521]}},{"type":"Feature","properties":{"id":2869,"z":105.1,"code":"GRD"},"geometry":{"type":"Point","coordinates":[-1.7989116,53.2001605]}},{"type":"Feature","properties":{"id":2870,"z":105.37,"code":"GRD"},"geometry":{"type":"Point","coordinates":[-1.7988292,53.2001725]}},{"type":"Feature","properties":{"id":2871,"z":105.38,"code":"GRD"},"geometry":{"type":"Point","coordinates":[-1.7988019,53.2001681]}},{"type":"Feature","properties":{"id":2872,"z":105.15,"code":"GRD"},"geometry":{"type":"Point","coordinates":[-1.7987215,53.2001533]}},{"type":"Feature","properties":{"id":2873,"z":105.29,"code":"GRD"},"geometry":{"type":"Point","coordinates":[-1.7986722,53.2001611]}},{"type":"Feature","properties":{"id":2874,"z":105.11,"code":"GRD"},"geometry":{"type":"Point","coordinates":[-1.7985755,53.2001526]}},{"type":"Feature","properties":{"id":2875,"z":105.48,"code":"GRD"},"geometry":{"type":"Point","coordinates":[-1.7985402,53.2001725]}},{"type":"Feature","properties":{"id":2876,"z":105.03,"code":"GRD"},"geometry":{"type":"Point","coordinates":[-1.7984906,53.2001551]}},{"type":"Feature","properties":{"id":2877,"z":105.17,"code":"GRD"},"geometry":{"type":"Point","coordinates":[-1.7984241,53.2001661]}},{"type":"Feature","properties":{"id":2878,"z":104.95,"code":"GRD"},"geometry":{"type":"Point","coordinates":[-1.7983282,53.2001736]}},{"type":"Feature","properties":{"id":2879,"z":104.45,"code":"GRD"},"geometry":{"type":"Point","coordinates":[-1.7982821,53.2001546]}},{"type":"Feature","properties":{"id":2880,"z":104.29,"code":"GRD"},"geometry":{"type":"Point","coordinates":[-1.7982343,53.2001552]}},{"type":"Feature","properties":{"id":2881,"z":104.01,"code":"GRD"},"geometry":{"type":"Point","coordinates":[-1.798171,53.2001563]}},{"type":"Feature","properties":{"id":2882,"z":104.17,"code":"GRD"},"geometry":{"type":"Point","coordinates":[-1.7981107,53.2001724]}},{"type":"Feature","properties":{"id":2883,"z":103.79,"code":"GRD"},"geometry":{"type":"Point","coordinates":[-1.7980101,53.2001737]}},{"type":"Feature","properties":{"id":2884,"z":103.33,"code":"GRD"},"geometry":{"type":"Point","coordinates":[-1.7979788,53.2001555]}},{"type":"Feature","properties":{"id":2885,"z":103.27,"code":"GRD"},"geometry":{"type":"Point","coordinates":[-1.7978995,53.2001622]}},{"type":"Feature","properties":{"id":2886,"z":102.99,"code":"GRD"},"geometry":{"type":"Point","coordinates":[-1.797829,53.2001624]}},{"type":"Feature","properties":{"id":2887,"z":102.53,"code":"GRD"},"geometry":{"type":"Point","coordinates":[-1.7977587,53.2001504]}},{"type":"Feature","properties":{"id":2888,"z":111.71,"code":"GRD"},"geometry":{"type":"Point","coordinates":[-1.8021761,53.2001977]}},{"type":"Feature","properties":{"id":2889,"z":111.97,"code":"GRD"},"geometry":{"type":"Point","coordinates":[-1.8021042,53.2002014]}},{"type":"Feature","properties":{"id":2890,"z":112.22,"code":"GRD"},"geometry":{"type":"Point","coordinates":[-1.8020565,53.2002114]}},{"type":"Feature","properties":{"id":2891,"z":112.39,"code":"GRD"},"geometry":{"type":"Point","coordinates":[-1.8020142,53.20021]}},{"type":"Feature","properties":{"id":2892,"z":112.79,"code":"GRD"},"geometry":{"type":"Point","coordinates":[-1.8019528,53.2002101]}},{"type":"Feature","properties":{"id":2893,"z":113.26,"code":"GRD"},"geometry":{"type":"Point","coordinates":[-1.8018527,53.2002021]}},{"type":"Feature","properties":{"id":2894,"z":113.56,"code":"GRD"},"geometry":{"type":"Point","coordinates":[-1.8017982,53.2002018]}},{"type":"Feature","properties":{"id":2895,"z":113.88,"code":"GRD"},"geometry":{"type":"Point","coordinates":[-1.8017354,53.2001982]}},{"type":"Feature","properties":{"id":2896,"z":114.02,"code":"GRD"},"geometry":{"type":"Point","coordinates":[-1.8016983,53.2002009]}},{"type":"Feature","properties":{"id":2897,"z":114.46,"code":"GRD"},"geometry":{"type":"Point","coordinates":[-1.8016038,53.2002024]}},{"type":"Feature","properties":{"id":2898,"z":114.62,"code":"GRD"},"geometry":{"type":"Point","coordinates":[-1.8015462,53.2002074]}},{"type":"Feature","properties":{"id":2899,"z":114.85,"code":"GRD"},"geometry":{"type":"Point","coordinates":[-1.8014965,53.2001958]}},{"type":"Feature","properties":{"id":2900,"z":115.14,"code":"GRD"},"geometry":{"type":"Point","coordinates":[-1.8014189,53.2002091]}},{"type":"Feature","properties":{"id":2901,"z":115.2,"code":"GRD"},"geometry":{"type":"Point","coordinates":[-1.8013796,53.200187]}},{"type":"Feature","properties":{"id":2902,"z":115.48,"code":"GRD"},"geometry":{"type":"Point","coordinates":[-1.8012969,53.2002064]}},{"type":"Feature","properties":{"id":2903,"z":115.7,"code":"GRD"},"geometry":{"type":"Point","coordinates":[-1.8012325,53.2001949]}},{"type":"Feature","properties":{"id":2904,"z":115.95,"code":"GRD"},"geometry":{"type":"Point","coordinates":[-1.8011678,53.2002081]}},{"type":"Feature","properties":{"id":2905,"z":115.87,"code":"GRD"},"geometry":{"type":"Point","coordinates":[-1.8011185,53.2001937]}},{"type":"Feature","properties":{"id":2906,"z":115.96,"code":"GRD"},"geometry":{"type":"Point","coordinates":[-1.8010579,53.2002001]}},{"type":"Feature","properties":{"id":2907,"z":116.08,"code":"GRD"},"geometry":{"type":"Point","coordinates":[-1.8010082,53.2002027]}},{"type":"Feature","properties":{"id":2908,"z":116.1,"code":"GRD"},"geometry":{"type":"Point","coordinates":[-1.8009176,53.2002043]}},{"type":"Feature","properties":{"id":2909,"z":116.03,"code":"GRD"},"geometry":{"type":"Point","coordinates":[-1.8008841,53.2001901]}},{"type":"Feature","properties":{"id":2910,"z":116.06,"code":"GRD"},"geometry":{"type":"Point","coordinates":[-1.800821,53.2002008]}},{"type":"Feature","properties":{"id":2911,"z":115.84,"code":"GRD"},"geometry":{"type":"Point","coordinates":[-1.8007367,53.2001869]}},{"type":"Feature","properties":{"id":2912,"z":115.97,"code":"GRD"},"geometry":{"type":"Point","coordinates":[-1.8006943,53.2002111]}},{"type":"Feature","properties":{"id":2913,"z":115.59,"code":"GRD"},"geometry":{"type":"Point","coordinates":[-1.8006053,53.2001996]}},{"type":"Feature","properties":{"id":2914,"z":115.33,"code":"GRD"},"geometry":{"type":"Point","coordinates":[-1.8005472,53.200208]}},{"type":"Feature","properties":{"id":2915,"z":114.96,"code":"GRD"},"geometry":{"type":"Point","coordinates":[-1.8004782,53.2002099]}},{"type":"Feature","properties":{"id":2916,"z":114.76,"code":"GRD"},"geometry":{"type":"Point","coordinates":[-1.800439,53.2002075]}},{"type":"Feature","properties":{"id":2917,"z":114.25,"code":"GRD"},"geometry":{"type":"Point","coordinates":[-1.8003477,53.2002112]}},{"type":"Feature","properties":{"id":2918,"z":113.67,"code":"GRD"},"geometry":{"type":"Point","coordinates":[-1.8002862,53.2001967]}},{"type":"Feature","properties":{"id":2919,"z":113.44,"code":"GRD"},"geometry":{"type":"Point","coordinates":[-1.8002525,53.2002004]}},{"type":"Feature","properties":{"id":2920,"z":112.68,"code":"GRD"},"geometry":{"type":"Point","coordinates":[-1.8001681,53.2002049]}},{"type":"Feature","properties":{"id":2921,"z":112.14,"code":"GRD"},"geometry":{"type":"Point","coordinates":[-1.8000981,53.2001964]}},{"type":"Feature","properties":{"id":2922,"z":111.45,"code":"GRD"},"geometry":{"type":"Point","coordinates":[-1.8000374,53.2002096]}},{"type":"Feature","properties":{"id":2923,"z":111.02,"code":"GRD"},"geometry":{"type":"Point","coordinates":[-1.7999827,53.2002079]}},{"type":"Feature","properties":{"id":2924,"z":110.44,"code":"GRD"},"geometry":{"type":"Point","coordinates":[-1.7999287,53.200194]}},{"type":"Feature","properties":{"id":2925,"z":110.0,"code":"GRD"},"geometry":{"type":"Point","coordinates":[-1.7998705,53.2002115]}},{"type":"Feature","properties":{"id":2926,"z":109.28,"code":"GRD"},"geometry":{"type":"Point","coordinates":[-1.7997929,53.2002052]}},{"type":"Feature","properties":{"id":2927,"z":108.8,"code":"GRD"},"geometry":{"type":"Point","coordinates":[-1.7997349,53.2002012]}},{"type":"Feature","properties":{"id":2928,"z":108.43,"code":"GRD"},"geometry":{"type":"Point","coordinates":[-1.7996843,53.2002115]}},{"type":"Feature","properties":{"id":2929,"z":107.89,"code":"GRD"},"geometry":{"type":"Point","coordinates":[-1.7996239,53.200193]}},{"type":"Feature","properties":{"id":2930,"z":107.53,"code":"GRD"},"geometry":{"type":"Point","coordinates":[-1.7995479,53.2002032]}},{"type":"Feature","properties":{"id":2931,"z":107.18,"code":"GRD"},"geometry":{"type":"Point","coordinates":[-1.7994878,53.2002011]}},{"type":"Feature","properties":{"id":2932,"z":106.72,"code":"GRD"},"geometry":{"type":"Point","coordinates":[-1.7994072,53.2001999]}},{"type":"Feature","properties":{"id":2933,"z":106.55,"code":"GRD"},"geometry":{"type":"Point","coordinates":[-1.7993696,53.2002034]}},{"type":"Feature","properties":{"id":2934,"z":106.39,"code":"GRD"},"geometry":{"type":"Point","coordinates":[-1.7992899,53.2002059]}},{"type":"Feature","properties":{"id":2935,"z":105.89,"code":"GRD"},"geometry":{"type":"Point","coordinates":[-1.7992115,53.2001926]}},{"type":"Feature","properties":{"id":2936,"z":105.71,"code":"GRD"},"geometry":{"type":"Point","coordinates":[-1.7991569,53.200187]}},{"type":"Feature","properties":{"id":2937,"z":105.81,"code":"GRD"},"geometry":{"type":"Point","coordinates":[-1.7991021,53.2001994]}},{"type":"Feature","properties":{"id":2938,"z":105.66,"code":"GRD"},"geometry":{"type":"Point","coordinates":[-1.7990426,53.2001926]}},{"type":"Feature","properties":{"id":2939,"z":105.64,"code":"GRD"},"geometry":{"type":"Point","coordinates":[-1.798993,53.2001937]}},{"type":"Feature","properties":{"id":2940,"z":105.7,"code":"GRD"},"geometry":{"type":"Point","coordinates":[-1.7988931,53.200194]}},{"type":"Feature","properties":{"id":2941,"z":105.97,"code":"GRD"},"geometry":{"type":"Point","coordinates":[-1.7988536,53.2002107]}},{"type":"Feature","properties":{"id":2942,"z":105.71,"code":"GRD"},"geometry":{"type":"Point","coordinates":[-1.798765,53.2001901]}},{"type":"Feature","properties":{"id":2943,"z":105.78,"code":"GRD"},"geometry":{"type":"Point","coordinates":[-1.7987246,53.200194]}},{"type":"Feature","properties":{"id":2944,"z":105.87,"code":"GRD"},"geometry":{"type":"Point","coordinates":[-1.798652,53.2002091]}},{"type":"Feature","properties":{"id":2945,"z":105.73,"code":"GRD"},"geometry":{"type":"Point","coordinates":[-1.7986126,53.2001946]}},{"type":"Feature","properties":{"id":2946,"z":105.65,"code":"GRD"},"geometry":{"type":"Point","coordinates":[-1.7985487,53.2001977]}},{"type":"Feature","properties":{"id":2947,"z":105.67,"code":"GRD"},"geometry":{"type":"Point","coordinates":[-1.7984508,53.2002114]}},{"type":"Feature","properties":{"id":2948,"z":105.53,"code":"GRD"},"geometry":{"type":"Point","coordinates":[-1.7984107,53.200203]}},{"type":"Feature","properties":{"id":2949,"z":105.37,"code":"GRD"},"geometry":{"type":"Point","coordinates":[-1.7983283,53.2002091]}},{"type":"Feature","properties":{"id":2950,"z":105.13,"code":"GRD"},"geometry":{"type":"Point","coordinates":[-1.7982965,53.200191]}},{"type":"Feature","properties":{"id":2951,"z":104.73,"code":"GRD"},"geometry":{"type":"Point","coordinates":[-1.7982074,53.2001885]}},{"type":"Feature","properties":{"id":2952,"z":104.55,"code":"GRD"},"geometry":{"type":"Point","coordinates":[-1.7981505,53.2001874]}},{"type":"Feature","properties":{"id":2953,"z":104.31,"code":"GRD"},"geometry":{"type":"Point","coordinates":[-1.7980999,53.2001869]}},{"type":"Feature","properties":{"id":2954,"z":104.48,"code":"GRD"},"geometry":{"type":"Point","coordinates":[-1.7980197,53.200212]}},{"type":"Feature","properties":{"id":2955,"z":104.3,"code":"GRD"},"geometry":{"type":"Point","coordinates":[-1.7979737,53.2002073]}},{"type":"Feature","properties":{"id":2956,"z":103.95,"code":"GRD"},"geometry":{"type":"Point","coordinates":[-1.7978838,53.200196]}},{"type":"Feature","properties":{"id":2957,"z":104.0,"code":"GRD"},"geometry":{"type":"Point","coordinates":[-1.7978436,53.200198]}},{"type":"Feature","properties":{"id":2958,"z":103.93,"code":"GRD"},"geometry":{"type":"Point","coordinates":[-1.7977855,53.2002051]}},{"type":"Feature","properties":{"id":2959,"z":111.39,"code":"GRD"},"geometry":{"type":"Point","coordinates":[-1.8022345,53.2002347]}},{"type":"Feature","properties":{"id":2960,"z":111.61,"code":"GRD"},"geometry":{"type":"Point","coordinates":[-1.8021897,53.2002448]}},{"type":"Feature","properties":{"id":2961,"z":111.8,"code":"GRD"},"geometry":{"type":"Point","coordinates":[-1.8021149,53.2002454]}},{"type":"Feature","properties":{"id":2962,"z":112.06,"code":"GRD"},"geometry":{"type":"Point","coordinates":[-1.8020429,53.2002486]}},{"type":"Feature","properties":{"id":2963,"z":112.26,"code":"GRD"},"geometry":{"type":"Point","coordinates":[-1.8020182,53.2002378]}},{"type":"Feature","properties":{"id":2964,"z":112.75,"code":"GRD"},"geometry":{"type":"Point","coordinates":[-1.8019406,53.2002246]}},{"type":"Feature","properties":{"id":2965,"z":113.15,"code":"GRD"},"geometry":{"type":"Point","coordinates":[-1.8018534,53.200225]}},{"type":"Feature","properties":{"id":2966,"z":113.21,"code":"GRD"},"geometry":{"type":"Point","coordinates":[-1.8018144,53.2002443]}},{"type":"Feature","properties":{"id":2967,"z":113.64,"code":"GRD"},"geometry":{"type":"Point","coordinates":[-1.8017461,53.2002269]}},{"type":"Feature","properties":{"id":2968,"z":113.98,"code":"GRD"},"geometry":{"type":"Point","coordinates":[-1.8016687,53.2002437]}},{"type":"Feature","properties":{"id":2969,"z":114.38,"code":"GRD"},"geometry":{"type":"Point","coordinates":[-1.8016068,53.200237]}},{"type":"Feature","properties":{"id":2970,"z":114.63,"code":"GRD"},"geometry":{"type":"Point","coordinates":[-1.8015576,53.2002368]}},{"type":"Feature","properties":{"id":2971,"z":114.87,"code":"GRD"},"geometry":{"type":"Point","coordinates":[-1.8015006,53.2002441]}},{"type":"Feature","properties":{"id":2972,"z":115.19,"code":"GRD"},"geometry":{"type":"Point","coordinates":[-1.8014359,53.2002415]}},{"type":"Feature","properties":{"id":2973,"z":115.73,"code":"GRD"},"geometry":{"type":"Point","coordinates":[-1.8013492,53.2002441]}},{"type":"Feature","properties":{"id":2974,"z":115.7,"code":"GRD"},"geometry":{"type":"Point","coordinates":[-1.8013097,53.2002334]}},{"type":"Feature","properties":{"id":2975,"z":116.0,"code":"GRD"},"geometry":{"type":"Point","coordinates":[-1.8012613,53.2002383]}},{"type":"Feature","properties":{"id":2976,"z":116.18,"code":"GRD"},"geometry":{"type":"Point","coordinates":[-1.8011607,53.2002262]}},{"type":"Feature","properties":{"id":2977,"z":116.48,"code":"GRD"},"geometry":{"type":"Point","coordinates":[-1.8010948,53.2002428]}},{"type":"Feature","properties":{"id":2978,"z":116.59,"code":"GRD"},"geometry":{"type":"Point","coordinates":[-1.8010435,53.2002435]}},{"type":"Feature","properties":{"id":2979,"z":116.72,"code":"GRD"},"geometry":{"type":"Point","coordinates":[-1.8009749,53.2002466]}},{"type":"Feature","properties":{"id":2980,"z":116.45,"code":"GRD"},"geometry":{"type":"Point","coordinates":[-1.8009175,53.2002301]}},{"type":"Feature","properties":{"id":2981,"z":116.55,"code":"GRD"},"geometry":{"type":"Point","coordinates":[-1.8008695,53.2002369]}},{"type":"Feature","properties":{"id":2982,"z":116.5,"code":"GRD"},"geometry":{"type":"Point","coordinates":[-1.8008026,53.2002492]}},{"type":"Feature","properties":{"id":2983,"z":116.1,"code":"GRD"},"geometry":{"type":"Point","coordinates":[-1.8007207,53.200229]}},{"type":"Feature","properties":{"id":2984,"z":115.97,"code":"GRD"},"geometry":{"type":"Point","coordinates":[-1.8006634,53.2002342]}},{"type":"Feature","properties":{"id":2985,"z":115.71,"code":"GRD"},"geometry":{"type":"Point","coordinates":[-1.8006018,53.2002321]}},{"type":"Feature","properties":{"id":2986,"z":115.44,"code":"GRD"},"geometry":{"type":"Point","coordinates":[-1.8005414,53.2002339]}},{"type":"Feature","properties":{"id":2987,"z":115.01,"code":"GRD"},"geometry":{"type":"Point","coordinates":[-1.8004799,53.2002496]}},{"type":"Feature","properties":{"id":2988,"z":114.78,"code":"GRD"},"geometry":{"type":"Point","coordinates":[-1.8004321,53.2002247]}},{"type":"Feature","properties":{"id":2989,"z":114.09,"code":"GRD"},"geometry":{"type":"Point","coordinates":[-1.8003538,53.2002455]}},{"type":"Feature","properties":{"id":2990,"z":113.6,"code":"GRD"},"geometry":{"type":"Point","coordinates":[-1.8002805,53.2002343]}},{"type":"Feature","properties":{"id":2991,"z":113.03,"code":"GRD"},"geometry":{"type":"Point","coordinates":[-1.8002244,53.2002455]}},{"type":"Feature","properties":{"id":2992,"z":112.64,"code":"GRD"},"geometry":{"type":"Point","coordinates":[-1.8001767,53.2002351]}},{"type":"Feature","properties":{"id":2993,"z":112.06,"code":"GRD"},"geometry":{"type":"Point","coordinates":[-1.8001117,53.2002459]}},{"type":"Feature","properties":{"id":2994,"z":111.61,"code":"GRD"},"geometry":{"type":"Point","coordinates":[-1.8000634,53.2002495]}},{"type":"Feature","properties":{"id":2995,"z":110.83,"code":"GRD"},"geometry":{"type":"Point","coordinates":[-1.799976,53.2002321]}},{"type":"Feature","properties":{"id":2996,"z":110.24,"code":"GRD"},"geometry":{"type":"Point","coordinates":[-1.7999079,53.2002466]}},{"type":"Feature","properties":{"id":2997,"z":109.98,"code":"GRD"},"geometry":{"type":"Point","coordinates":[-1.7998678,53.2002309]}},{"type":"Feature","properties":{"id":2998,"z":109.21,"code":"GRD"},"geometry":{"type":"Point","coordinates":[-1.7997783,53.2002407]}},{"type":"Feature","properties":{"id":2999,"z":108.97,"code":"GRD"},"geometry":{"type":"Point","coordinates":[-1.7997433,53.2002247]}},{"type":"Feature","properties":{"id":3000,"z":108.56,"code":"GRD"},"geometry":{"type":"Point","coordinates":[-1.7996731,53.200239]}},{"type":"Feature","properties":{"id":3001,"z":108.16,"code":"GRD"},"geometry":{"type":"Point","coordinates":[-1.7996114,53.2002312]}},{"type":"Feature","properties":{"id":3002,"z":107.68,"code":"GRD"},"geometry":{"type":"Point","coordinates":[-1.799531,53.2002337]}},{"type":"Feature","properties":{"id":3003,"z":107.31,"code":"GRD"},"geometry":{"type":"Point","coordinates":[-1.7994834,53.2002254]}},{"type":"Feature","properties":{"id":3004,"z":107.1,"code":"GRD"},"geometry":{"type":"Point","coordinates":[-1.7994008,53.2002385]}},{"type":"Feature","properties":{"id":3005,"z":107.02,"code":"GRD"},"geometry":{"type":"Point","coordinates":[-1.7993501,53.2002474]}},{"type":"Feature","properties":{"id":3006,"z":106.9,"code":"GRD"},"geometry":{"type":"Point","coordinates":[-1.7993098,53.2002489]}},{"type":"Feature","properties":{"id":3007,"z":106.61,"code":"GRD"},"geometry":{"type":"Point","coordinates":[-1.7992091,53.2002471]}},{"type":"Feature","properties":{"id":3008,"z":106.27,"code":"GRD"},"geometry":{"type":"Point","coordinates":[-1.7991592,53.2002248]}},{"type":"Feature","properties":{"id":3009,"z":106.36,"code":"GRD"},"geometry":{"type":"Point","coordinates":[-1.7990971,53.2002455]}},{"type":"Feature","properties":{"id":3010,"z":106.31,"code":"GRD"},"geometry":{"type":"Point","coordinates":[-1.7990527,53.2002458]}},{"type":"Feature","properties":{"id":3011,"z":106.14,"code":"GRD"},"geometry":{"type":"Point","coordinates":[-1.7989937,53.2002273]}},{"type":"Feature","properties":{"id":3012,"z":106.15,"code":"GRD"},"geometry":{"type":"Point","coordinates":[-1.798921,53.2002379]}},{"type":"Feature","properties":{"id":3013,"z":106.06,"code":"GRD"},"geometry":{"type":"Point","coordinates":[-1.7988571,53.200234]}},{"type":"Feature","properties":{"id":3014,"z":106.01,"code":"GRD"},"geometry":{"type":"Point","coordinates":[-1.7987794,53.2002335]}},{"type":"Feature","properties":{"id":3015,"z":105.99,"code":"GRD"},"geometry":{"type":"Point","coordinates":[-1.7987415,53.2002392]}},{"type":"Feature","properties":{"id":3016,"z":105.99,"code":"GRD"},"geometry":{"type":"Point","coordinates":[-1.7986499,53.2002279]}},{"type":"Feature","properties":{"id":3017,"z":105.9,"code":"GRD"},"geometry":{"type":"Point","coordinates":[-1.7986146,53.2002479]}},{"type":"Feature","properties":{"id":3018,"z":105.78,"code":"GRD"},"geometry":{"type":"Point","coordinates":[-1.7985254,53.2002286]}},{"type":"Feature","properties":{"id":3019,"z":105.74,"code":"GRD"},"geometry":{"type":"Point","coordinates":[-1.7984877,53.2002334]}},{"type":"Feature","properties":{"id":3020,"z":105.57,"code":"GRD"},"geometry":{"type":"Point","coordinates":[-1.7983915,53.2002475]}},{"type":"Feature","properties":{"id":3021,"z":105.42,"code":"GRD"},"geometry":{"type":"Point","coordinates":[-1.7983409,53.2002374]}},{"type":"Feature","properties":{"id":3022,"z":105.28,"code":"GRD"},"geometry":{"type":"Point","coordinates":[-1.7982749,53.2002371]}},{"type":"Feature","properties":{"id":3023,"z":105.27,"code":"GRD"},"geometry":{"type":"Point","coordinates":[-1.7982268,53.2002348]}},{"type":"Feature","properties":{"id":3024,"z":105.1,"code":"GRD"},"geometry":{"type":"Point","coordinates":[-1.7981479,53.2002488]}},{"type":"Feature","properties":{"id":3025,"z":104.92,"code":"GRD"},"geometry":{"type":"Point","coordinates":[-1.7980966,53.2002299]}},{"type":"Feature","properties":{"id":3026,"z":104.9,"code":"GRD"},"geometry":{"type":"Point","coordinates":[-1.7980356,53.2002444]}},{"type":"Feature","properties":{"id":3027,"z":104.76,"code":"GRD"},"geometry":{"type":"Point","coordinates":[-1.7979756,53.2002391]}},{"type":"Feature","properties":{"id":3028,"z":104.41,"code":"GRD"},"geometry":{"type":"Point","coordinates":[-1.797892,53.2002275]}},{"type":"Feature","properties":{"id":3029,"z":104.51,"code":"GRD"},"geometry":{"type":"Point","coordinates":[-1.7978344,53.2002416]}},{"type":"Feature","properties":{"id":3030,"z":104.28,"code":"GRD"},"geometry":{"type":"Point","coordinates":[-1.7977893,53.2002304]}},{"type":"Feature","properties":{"id":3031,"z":111.4,"code":"GRD"},"geometry":{"type":"Point","coordinates":[-1.802233,53.2002843]}},{"type":"Feature","properties":{"id":3032,"z":111.51,"code":"GRD"},"geometry":{"type":"Point","coordinates":[-1.8021742,53.2002722]}},{"type":"Feature","properties":{"id":3033,"z":111.64,"code":"GRD"},"geometry":{"type":"Point","coordinates":[-1.8021251,53.2002862]}},{"type":"Feature","properties":{"id":3034,"z":111.87,"code":"GRD"},"geometry":{"type":"Point","coordinates":[-1.8020776,53.2002722]}},{"type":"Feature","properties":{"id":3035,"z":112.19,"code":"GRD"},"geometry":{"type":"Point","coordinates":[-1.8020058,53.2002746]}},{"type":"Feature","properties":{"id":3036,"z":112.24,"code":"GRD"},"geometry":{"type":"Point","coordinates":[-1.8019533,53.2002797]}},{"type":"Feature","properties":{"id":3037,"z":112.74,"code":"GRD"},"geometry":{"type":"Point","coordinates":[-1.8018622,53.200281]}},{"type":"Feature","properties":{"id":3038,"z":113.06,"code":"GRD"},"geometry":{"type":"Point","coordinates":[-1.8018185,53.2002686]}},{"type":"Feature","properties":{"id":3039,"z":113.52,"code":"GRD"},"geometry":{"type":"Point","coordinates":[-1.8017272,53.2002804]}},{"type":"Feature","properties":{"id":3040,"z":113.89,"code":"GRD"},"geometry":{"type":"Point","coordinates":[-1.8016829,53.2002714]}},{"type":"Feature","properties":{"id":3041,"z":114.34,"code":"GRD"},"geometry":{"type":"Point","coordinates":[-1.8016081,53.2002653]}},{"type":"Feature","properties":{"id":3042,"z":114.45,"code":"GRD"},"geometry":{"type":"Point","coordinates":[-1.8015734,53.2002796]}},{"type":"Feature","properties":{"id":3043,"z":115.04,"code":"GRD"},"geometry":{"type":"Point","coordinates":[-1.8014973,53.200287]}},{"type":"Feature","properties":{"id":3044,"z":115.44,"code":"GRD"},"geometry":{"type":"Point","coordinates":[-1.801415,53.2002704]}},{"type":"Feature","properties":{"id":3045,"z":115.81,"code":"GRD"},"geometry":{"type":"Point","coordinates":[-1.8013697,53.2002829]}},{"type":"Feature","properties":{"id":3046,"z":116.23,"code":"GRD"},"geometry":{"type":"Point","coordinates":[-1.8012961,53.2002829]}},{"type":"Feature","properties":{"id":3047,"z":116.5,"code":"GRD"},"geometry":{"type":"Point","coordinates":[-1.8012399,53.200277]}},{"type":"Feature","properties":{"id":3048,"z":116.66,"code":"GRD"},"geometry":{"type":"Point","coordinates":[-1.801199,53.2002827]}},{"type":"Feature","properties":{"id":3049,"z":116.93,"code":"GRD"},"geometry":{"type":"Point","coordinates":[-1.8011008,53.2002763]}},{"type":"Feature","properties":{"id":3050,"z":117.02,"code":"GRD"},"geometry":{"type":"Point","coordinates":[-1.8010426,53.2002809]}},{"type":"Feature","properties":{"id":3051,"z":116.94,"code":"GRD"},"geometry":{"type":"Point","coordinates":[-1.8010084,53.2002707]}},{"type":"Feature","properties":{"id":3052,"z":117.1,"code":"GRD"},"geometry":{"type":"Point","coordinates":[-1.8009409,53.2002783]}},{"type":"Feature","properties":{"id":3053,"z":116.92,"code":"GRD"},"geometry":{"type":"Point","coordinates":[-1.8008791,53.2002667]}},{"type":"Feature","properties":{"id":3054,"z":116.8,"code":"GRD"},"geometry":{"type":"Point","coordinates":[-1.8007991,53.2002738]}},{"type":"Feature","properties":{"id":3055,"z":116.55,"code":"GRD"},"geometry":{"type":"Point","coordinates":[-1.8007366,53.2002687]}},{"type":"Feature","properties":{"id":3056,"z":116.34,"code":"GRD"},"geometry":{"type":"Point","coordinates":[-1.800692,53.2002637]}},{"type":"Feature","properties":{"id":3057,"z":116.06,"code":"GRD"},"geometry":{"type":"Point","coordinates":[-1.8006258,53.200274]}},{"type":"Feature","properties":{"id":3058,"z":115.67,"code":"GRD"},"geometry":{"type":"Point","coordinates":[-1.800563,53.2002808]}},{"type":"Feature","properties":{"id":3059,"z":115.19,"code":"GRD"},"geometry":{"type":"Point","coordinates":[-1.8005039,53.2002866]}},{"type":"Feature","properties":{"id":3060,"z":114.73,"code":"GRD"},"geometry":{"type":"Point","coordinates":[-1.8004404,53.2002787]}},{"type":"Feature","properties":{"id":3061,"z":113.92,"code":"GRD"},"geometry":{"type":"Point","coordinates":[-1.8003435,53.200266]}},{"type":"Feature","properties":{"id":3062,"z":113.46,"code":"GRD"},"geometry":{"type":"Point","coordinates":[-1.8002877,53.2002851]}},{"type":"Feature","properties":{"id":3063,"z":112.95,"code":"GRD"},"geometry":{"type":"Point","coordinates":[-1.8002366,53.2002752]}},{"type":"Feature","properties":{"id":3064,"z":112.31,"code":"GRD"},"geometry":{"type":"Point","coordinates":[-1.8001563,53.2002719]}},{"type":"Feature","properties":{"id":3065,"z":112.04,"code":"GRD"},"geometry":{"type":"Point","coordinates":[-1.8001204,53.2002658]}},{"type":"Feature","properties":{"id":3066,"z":111.14,"code":"GRD"},"geometry":{"type":"Point","coordinates":[-1.800027,53.2002701]}},{"type":"Feature","properties":{"id":3067,"z":110.86,"code":"GRD"},"geometry":{"type":"Point","coordinates":[-1.799974,53.2002732]}},{"type":"Feature","properties":{"id":3068,"z":110.45,"code":"GRD"},"geometry":{"type":"Point","coordinates":[-1.7999356,53.2002715]}},{"type":"Feature","properties":{"id":3069,"z":110.0,"code":"GRD"},"geometry":{"type":"Point","coordinates":[-1.7998594,53.2002868]}},{"type":"Feature","properties":{"id":3070,"z":109.5,"code":"GRD"},"geometry":{"type":"Point","coordinates":[-1.7998027,53.2002635]}},{"type":"Feature","properties":{"id":3071,"z":108.98,"code":"GRD"},"geometry":{"type":"Point","coordinates":[-1.799718,53.2002773]}},{"type":"Feature","properties":{"id":3072,"z":108.67,"code":"GRD"},"geometry":{"type":"Point","coordinates":[-1.7996762,53.2002833]}},{"type":"Feature","properties":{"id":3073,"z":108.46,"code":"GRD"},"geometry":{"type":"Point","coordinates":[-1.7996017,53.200286]}},{"type":"Feature","properties":{"id":3074,"z":107.92,"code":"GRD"},"geometry":{"type":"Point","coordinates":[-1.799523,53.2002718]}},{"type":"Feature","properties":{"id":3075,"z":107.59,"code":"GRD"},"geometry":{"type":"Point","coordinates":[-1.7994716,53.2002629]}},{"type":"Feature","properties":{"id":3076,"z":107.55,"code":"GRD"},"geometry":{"type":"Point","coordinates":[-1.7994072,53.2002815]}},{"type":"Feature","properties":{"id":3077,"z":107.38,"code":"GRD"},"geometry":{"type":"Point","coordinates":[-1.7993703,53.200276]}},{"type":"Feature","properties":{"id":3078,"z":107.08,"code":"GRD"},"geometry":{"type":"Point","coordinates":[-1.7993057,53.2002836]}},{"type":"Feature","properties":{"id":3079,"z":106.92,"code":"GRD"},"geometry":{"type":"Point","coordinates":[-1.7992164,53.2002731]}},{"type":"Feature","properties":{"id":3080,"z":106.68,"code":"GRD"},"geometry":{"type":"Point","coordinates":[-1.7991765,53.200273]}},{"type":"Feature","properties":{"id":3081,"z":106.45,"code":"GRD"},"geometry":{"type":"Point","coordinates":[-1.7990838,53.2002705]}},{"type":"Feature","properties":{"id":3082,"z":106.45,"code":"GRD"},"geometry":{"type":"Point","coordinates":[-1.7990573,53.200279]}},{"type":"Feature","properties":{"id":3083,"z":106.21,"code":"GRD"},"geometry":{"type":"Point","coordinates":[-1.7989615,53.2002827]}},{"type":"Feature","properties":{"id":3084,"z":106.22,"code":"GRD"},"geometry":{"type":"Point","coordinates":[-1.798906,53.200283]}},{"type":"Feature","properties":{"id":3085,"z":106.16,"code":"GRD"},"geometry":{"type":"Point","coordinates":[-1.7988413,53.2002647]}},{"type":"Feature","properties":{"id":3086,"z":105.96,"code":"GRD"},"geometry":{"type":"Point","coordinates":[-1.7987992,53.2002784]}},{"type":"Feature","properties":{"id":3087,"z":106.0,"code":"GRD"},"geometry":{"type":"Point","coordinates":[-1.7987316,53.2002745]}},{"type":"Feature","properties":{"id":3088,"z":105.73,"code":"GRD"},"geometry":{"type":"Point","coordinates":[-1.7986592,53.200286]}},{"type":"Feature","properties":{"id":3089,"z":105.81,"code":"GRD"},"geometry":{"type":"Point","coordinates":[-1.798587,53.2002766]}},{"type":"Feature","properties":{"id":3090,"z":105.6,"code":"GRD"},"geometry":{"type":"Point","coordinates":[-1.7985146,53.2002845]}},{"type":"Feature","properties":{"id":3091,"z":105.61,"code":"GRD"},"geometry":{"type":"Point","coordinates":[-1.7984895,53.2002679]}},{"type":"Feature","properties":{"id":3092,"z":105.53,"code":"GRD"},"geometry":{"type":"Point","coordinates":[-1.7984011,53.2002652]}},{"type":"Feature","properties":{"id":3093,"z":105.42,"code":"GRD"},"geometry":{"type":"Point","coordinates":[-1.7983491,53.200283]}},{"type":"Feature","properties":{"id":3094,"z":105.32,"code":"GRD"},"geometry":{"type":"Point","coordinates":[-1.7982671,53.2002811]}},{"type":"Feature","properties":{"id":3095,"z":105.32,"code":"GRD"},"geometry":{"type":"Point","coordinates":[-1.7981981,53.2002856]}},{"type":"Feature","properties":{"id":3096,"z":105.21,"code":"GRD"},"geometry":{"type":"Point","coordinates":[-1.7981509,53.2002643]}},{"type":"Feature","properties":{"id":3097,"z":105.19,"code":"GRD"},"geometry":{"type":"Point","coordinates":[-1.7981086,53.2002789]}},{"type":"Feature","properties":{"id":3098,"z":105.13,"code":"GRD"},"geometry":{"type":"Point","coordinates":[-1.7980422,53.2002813]}},{"type":"Feature","properties":{"id":3099,"z":105.06,"code":"GRD"},"geometry":{"type":"Point","coordinates":[-1.7979494,53.2002874]}},{"type":"Feature","properties":{"id":3100,"z":105.03,"code":"GRD"},"geometry":{"type":"Point","coordinates":[-1.7978969,53.200287]}},{"type":"Feature","properties":{"id":3101,"z":104.87,"code":"GRD"},"geometry":{"type":"Point","coordinates":[-1.7978269,53.2002859]}},{"type":"Feature","properties":{"id":3102,"z":104.61,"code":"GRD"},"geometry":{"type":"Point","coordinates":[-1.7977693,53.2002644]}},{"type":"Feature","properties":{"id":3103,"z":111.47,"code":"GRD"},"geometry":{"type":"Point","coordinates":[-1.8021883,53.2003036]}},{"type":"Feature","properties":{"id":3104,"z":111.57,"code":"GRD"},"geometry":{"type":"Point","coordinates":[-1.8021245,53.2003025]}},{"type":"Feature","properties":{"id":3105,"z":111.79,"code":"GRD"},"geometry":{"type":"Point","coordinates":[-1.8020422,53.2003027]}},{"type":"Feature","properties":{"id":3106,"z":111.93,"code":"GRD"},"geometry":{"type":"Point","coordinates":[-1.801992,53.2003162]}},{"type":"Feature","properties":{"id":3107,"z":112.22,"code":"GRD"},"geometry":{"type":"Point","coordinates":[-1.8019325,53.2003155]}},{"type":"Feature","properties":{"id":3108,"z":112.45,"code":"GRD"},"geometry":{"type":"Point","coordinates":[-1.8018848,53.200312]}},{"type":"Feature","properties":{"id":3109,"z":112.75,"code":"GRD"},"geometry":{"type":"Point","coordinates":[-1.8018193,53.2003084]}},{"type":"Feature","properties":{"id":3110,"z":113.35,"code":"GRD"},"geometry":{"type":"Point","coordinates":[-1.8017296,53.2003014]}},{"type":"Feature","properties":{"id":3111,"z":113.71,"code":"GRD"},"geometry":{"type":"Point","coordinates":[-1.8016855,53.2003001]}},{"type":"Feature","properties":{"id":3112,"z":113.94,"code":"GRD"},"geometry":{"type":"Point","coordinates":[-1.8016361,53.2003212]}},{"type":"Feature","properties":{"id":3113,"z":114.6,"code":"GRD"},"geometry":{"type":"Point","coordinates":[-1.8015586,53.2003014]}},{"type":"Feature","properties":{"id":3114,"z":114.95,"code":"GRD"},"geometry":{"type":"Point","coordinates":[-1.8015112,53.2003209]}},{"type":"Feature","properties":{"id":3115,"z":115.43,"code":"GRD"},"geometry":{"type":"Point","coordinates":[-1.8014383,53.200302]}},{"type":"Feature","properties":{"id":3116,"z":115.95,"code":"GRD"},"geometry":{"type":"Point","coordinates":[-1.8013753,53.2003131]}},{"type":"Feature","properties":{"id":3117,"z":116.54,"code":"GRD"},"geometry":{"type":"Point","coordinates":[-1.8012901,53.2003251]}},{"type":"Feature","properties":{"id":3118,"z":116.72,"code":"GRD"},"geometry":{"type":"Point","coordinates":[-1.8012389,53.2003011]}},{"type":"Feature","properties":{"id":3119,"z":117.14,"code":"GRD"},"geometry":{"type":"Point","coordinates":[-1.8011942,53.2003227]}},{"type":"Feature","properties":{"id":3120,"z":117.16,"code":"GRD"},"geometry":{"type":"Point","coordinates":[-1.8011344,53.2003014]}},{"type":"Feature","properties":{"id":3121,"z":117.48,"code":"GRD"},"geometry":{"type":"Point","coordinates":[-1.8010504,53.200315]}},{"type":"Feature","properties":{"id":3122,"z":117.41,"code":"GRD"},"geometry":{"type":"Point","coordinates":[-1.8010058,53.2003085]}},{"type":"Feature","properties":{"id":3123,"z":117.56,"code":"GRD"},"geometry":{"type":"Point","coordinates":[-1.8009149,53.2003175]}},{"type":"Feature","properties":{"id":3124,"z":117.4,"code":"GRD"},"geometry":{"type":"Point","coordinates":[-1.8008772,53.2003116]}},{"type":"Feature","properties":{"id":3125,"z":117.18,"code":"GRD"},"geometry":{"type":"Point","coordinates":[-1.8008071,53.2003155]}},{"type":"Feature","properties":{"id":3126,"z":116.66,"code":"GRD"},"geometry":{"type":"Point","coordinates":[-1.800717,53.2003007]}},{"type":"Feature","properties":{"id":3127,"z":116.47,"code":"GRD"},"geometry":{"type":"Point","coordinates":[-1.8006736,53.2003212]}},{"type":"Feature","properties":{"id":3128,"z":116.16,"code":"GRD"},"geometry":{"type":"Point","coordinates":[-1.8006288,53.2003151]}},{"type":"Feature","properties":{"id":3129,"z":115.56,"code":"GRD"},"geometry":{"type":"Point","coordinates":[-1.8005399,53.2003105]}},{"type":"Feature","properties":{"id":3130,"z":115.14,"code":"GRD"},"geometry":{"type":"Point","coordinates":[-1.8005005,53.2003193]}},{"type":"Feature","properties":{"id":3131,"z":114.3,"code":"GRD"},"geometry":{"type":"Point","coordinates":[-1.8004126,53.2003239]}},{"type":"Feature","properties":{"id":3132,"z":114.0,"code":"GRD"},"geometry":{"type":"Point","coordinates":[-1.8003706,53.2003174]}},{"type":"Feature","properties":{"id":3133,"z":113.18,"code":"GRD"},"geometry":{"type":"Point","coordinates":[-1.80028,53.2003079]}},{"type":"Feature","properties":{"id":3134,"z":112.67,"code":"GRD"},"geometry":{"type":"Point","coordinates":[-1.8002148,53.2003147]}},{"type":"Feature","properties":{"id":3135,"z":112.12,"code":"GRD"},"geometry":{"type":"Point","coordinates":[-1.8001591,53.2003094]}},{"type":"Feature","properties":{"id":3136,"z":111.7,"code":"GRD"},"geometry":{"type":"Point","coordinates":[-1.8001097,53.2003148]}},{"type":"Feature","properties":{"id":3137,"z":111.05,"code":"GRD"},"geometry":{"type":"Point","coordinates":[-1.8000282,53.2003055]}},{"type":"Feature","properties":{"id":3138,"z":110.76,"code":"GRD"},"geometry":{"type":"Point","coordinates":[-1.7999811,53.2003037]}},{"type":"Feature","properties":{"id":3139,"z":110.44,"code":"GRD"},"geometry":{"type":"Point","coordinates":[-1.799938,53.2003144]}},{"type":"Feature","properties":{"id":3140,"z":109.87,"code":"GRD"},"geometry":{"type":"Point","coordinates":[-1.799851,53.20031]}},{"type":"Feature","properties":{"id":3141,"z":109.41,"code":"GRD"},"geometry":{"type":"Point","coordinates":[-1.7997854,53.2003022]}},{"type":"Feature","properties":{"id":3142,"z":109.22,"code":"GRD"},"geometry":{"type":"Point","coordinates":[-1.7997372,53.2003006]}},{"type":"Feature","properties":{"id":3143,"z":109.02,"code":"GRD"},"geometry":{"type":"Point","coordinates":[-1.7996824,53.200315]}},{"type":"Feature","properties":{"id":3144,"z":108.68,"code":"GRD"},"geometry":{"type":"Point","coordinates":[-1.7996092,53.200317]}},{"type":"Feature","properties":{"id":3145,"z":108.25,"code":"GRD"},"geometry":{"type":"Point","coordinates":[-1.7995216,53.2003243]}},{"type":"Feature","properties":{"id":3146,"z":108.16,"code":"GRD"},"geometry":{"type":"Point","coordinates":[-1.7994824,53.2003249]}},{"type":"Feature","properties":{"id":3147,"z":107.8,"code":"GRD"},"geometry":{"type":"Point","coordinates":[-1.7994224,53.2003132]}},{"type":"Feature","properties":{"id":3148,"z":107.49,"code":"GRD"},"geometry":{"type":"Point","coordinates":[-1.7993377,53.2003025]}},{"type":"Feature","properties":{"id":3149,"z":107.26,"code":"GRD"},"geometry":{"type":"Point","coordinates":[-1.7992853,53.2003103]}},{"type":"Feature","properties":{"id":3150,"z":107.09,"code":"GRD"},"geometry":{"type":"Point","coordinates":[-1.7992312,53.2003102]}},{"type":"Feature","properties":{"id":3151,"z":106.83,"code":"GRD"},"geometry":{"type":"Point","coordinates":[-1.7991542,53.2003221]}},{"type":"Feature","properties":{"id":3152,"z":106.71,"code":"GRD"},"geometry":{"type":"Point","coordinates":[-1.7991176,53.2003005]}},{"type":"Feature","properties":{"id":3153,"z":106.4,"code":"GRD"},"geometry":{"type":"Point","coordinates":[-1.7990241,53.2003102]}},{"type":"Feature","properties":{"id":3154,"z":106.26,"code":"GRD"},"geometry":{"type":"Point","coordinates":[-1.7989858,53.2003003]}},{"type":"Feature","properties":{"id":3155,"z":106.19,"code":"GRD"},"geometry":{"type":"Point","coordinates":[-1.79893,53.2003003]}},{"type":"Feature","properties":{"id":3156,"z":105.89,"code":"GRD"},"geometry":{"type":"Point","coordinates":[-1.7988572,53.2003222]}},{"type":"Feature","properties":{"id":3157,"z":105.77,"code":"GRD"},"geometry":{"type":"Point","coordinates":[-1.7987894,53.2003105]}},{"type":"Feature","properties":{"id":3158,"z":105.66,"code":"GRD"},"geometry":{"type":"Point","coordinates":[-1.7987136,53.2003072]}},{"type":"Feature","properties":{"id":3159,"z":105.63,"code":"GRD"},"geometry":{"type":"Point","coordinates":[-1.7986704,53.2003108]}},{"type":"Feature","properties":{"id":3160,"z":105.51,"code":"GRD"},"geometry":{"type":"Point","coordinates":[-1.7985859,53.2003127]}},{"type":"Feature","properties":{"id":3161,"z":105.49,"code":"GRD"},"geometry":{"type":"Point","coordinates":[-1.7985304,53.2003059]}},{"type":"Feature","properties":{"id":3162,"z":105.37,"code":"GRD"},"geometry":{"type":"Point","coordinates":[-1.7984751,53.2003141]}},{"type":"Feature","properties":{"id":3163,"z":105.43,"code":"GRD"},"geometry":{"type":"Point","coordinates":[-1.7983917,53.2003017]}},{"type":"Feature","properties":{"id":3164,"z":105.33,"code":"GRD"},"geometry":{"type":"Point","coordinates":[-1.7983274,53.2003024]}},{"type":"Feature","properties":{"id":3165,"z":105.32,"code":"GRD"},"geometry":{"type":"Point","coordinates":[-1.7982852,53.2003158]}},{"type":"Feature","properties":{"id":3166,"z":105.36,"code":"GRD"},"geometry":{"type":"Point","coordinates":[-1.7982023,53.2003081]}},{"type":"Feature","properties":{"id":3167,"z":105.34,"code":"GRD"},"geometry":{"type":"Point","coordinates":[-1.7981396,53.2003151]}},{"type":"Feature","properties":{"id":3168,"z":105.28,"code":"GRD"},"geometry":{"type":"Point","coordinates":[-1.7980818,53.2003098]}},{"type":"Feature","properties":{"id":3169,"z":105.4,"code":"GRD"},"geometry":{"type":"Point","coordinates":[-1.7980266,53.200323]}},{"type":"Feature","properties":{"id":3170,"z":105.21,"code":"GRD"},"geometry":{"type":"Point","coordinates":[-1.7979808,53.2003087]}},{"type":"Feature","properties":{"id":3171,"z":105.17,"code":"GRD"},"geometry":{"type":"Point","coordinates":[-1.7979049,53.2003198]}},{"type":"Feature","properties":{"id":3172,"z":105.15,"code":"GRD"},"geometry":{"type":"Point","coordinates":[-1.7978569,53.2003161]}},{"type":"Feature","properties":{"id":3173,"z":105.06,"code":"GRD"},"geometry":{"type":"Point","coordinates":[-1.7977861,53.2003047]}},{"type":"Feature","properties":{"id":3174,"z":111.3,"code":"GRD"},"geometry":{"type":"Point","coordinates":[-1.8021775,53.2003607]}},{"type":"Feature","properties":{"id":3175,"z":111.45,"code":"GRD"},"geometry":{"type":"Point","coordinates":[-1.8021105,53.2003442]}},{"type":"Feature","properties":{"id":3176,"z":111.52,"code":"GRD"},"geometry":{"type":"Point","coordinates":[-1.8020513,53.2003501]}},{"type":"Feature","properties":{"id":3177,"z":111.61,"code":"GRD"},"geometry":{"type":"Point","coordinates":[-1.802009,53.2003566]}},{"type":"Feature","properties":{"id":3178,"z":111.86,"code":"GRD"},"geometry":{"type":"Point","coordinates":[-1.8019362,53.2003599]}},{"type":"Feature","properties":{"id":3179,"z":112.37,"code":"GRD"},"geometry":{"type":"Point","coordinates":[-1.8018513,53.2003378]}},{"type":"Feature","properties":{"id":3180,"z":112.63,"code":"GRD"},"geometry":{"type":"Point","coordinates":[-1.8018127,53.2003512]}},{"type":"Feature","properties":{"id":3181,"z":112.92,"code":"GRD"},"geometry":{"type":"Point","coordinates":[-1.8017603,53.2003524]}},{"type":"Feature","properties":{"id":3182,"z":113.39,"code":"GRD"},"geometry":{"type":"Point","coordinates":[-1.8016922,53.2003474]}},{"type":"Feature","properties":{"id":3183,"z":113.87,"code":"GRD"},"geometry":{"type":"Point","coordinates":[-1.8016334,53.2003545]}},{"type":"Feature","properties":{"id":3184,"z":114.62,"code":"GRD"},"geometry":{"type":"Point","coordinates":[-1.8015513,53.2003398]}},{"type":"Feature","properties":{"id":3185,"z":114.99,"code":"GRD"},"geometry":{"type":"Point","coordinates":[-1.8015053,53.2003448]}},{"type":"Feature","properties":{"id":3186,"z":115.61,"code":"GRD"},"geometry":{"type":"Point","coordinates":[-1.8014363,53.2003501]}},{"type":"Feature","properties":{"id":3187,"z":116.19,"code":"GRD"},"geometry":{"type":"Point","coordinates":[-1.8013645,53.2003535]}},{"type":"Feature","properties":{"id":3188,"z":116.48,"code":"GRD"},"geometry":{"type":"Point","coordinates":[-1.8013149,53.2003467]}},{"type":"Feature","properties":{"id":3189,"z":117.17,"code":"GRD"},"geometry":{"type":"Point","coordinates":[-1.8012301,53.2003498]}},{"type":"Feature","properties":{"id":3190,"z":117.32,"code":"GRD"},"geometry":{"type":"Point","coordinates":[-1.8011968,53.2003468]}},{"type":"Feature","properties":{"id":3191,"z":117.66,"code":"GRD"},"geometry":{"type":"Point","coordinates":[-1.8011203,53.2003538]}},{"type":"Feature","properties":{"id":3192,"z":117.83,"code":"GRD"},"geometry":{"type":"Point","coordinates":[-1.801072,53.2003541]}},{"type":"Feature","properties":{"id":3193,"z":117.96,"code":"GRD"},"geometry":{"type":"Point","coordinates":[-1.8009932,53.2003593]}},{"type":"Feature","properties":{"id":3194,"z":117.84,"code":"GRD"},"geometry":{"type":"Point","coordinates":[-1.8009367,53.2003511]}},{"type":"Feature","properties":{"id":3195,"z":117.71,"code":"GRD"},"geometry":{"type":"Point","coordinates":[-1.8008684,53.2003464]}},{"type":"Feature","properties":{"id":3196,"z":117.39,"code":"GRD"},"geometry":{"type":"Point","coordinates":[-1.800783,53.2003552]}},{"type":"Feature","properties":{"id":3197,"z":117.06,"code":"GRD"},"geometry":{"type":"Point","coordinates":[-1.8007392,53.200347]}},{"type":"Feature","properties":{"id":3198,"z":116.49,"code":"GRD"},"geometry":{"type":"Point","coordinates":[-1.8006594,53.200347]}},{"type":"Feature","properties":{"id":3199,"z":116.07,"code":"GRD"},"geometry":{"type":"Point","coordinates":[-1.8006101,53.2003445]}},{"type":"Feature","properties":{"id":3200,"z":115.45,"code":"GRD"},"geometry":{"type":"Point","coordinates":[-1.8005315,53.200347]}},{"type":"Feature","properties":{"id":3201,"z":115.01,"code":"GRD"},"geometry":{"type":"Point","coordinates":[-1.8004926,53.2003516]}},{"type":"Feature","properties":{"id":3202,"z":114.18,"code":"GRD"},"geometry":{"type":"Point","coordinates":[-1.8004048,53.2003552]}},{"type":"Feature","properties":{"id":3203,"z":113.69,"code":"GRD"},"geometry":{"type":"Point","coordinates":[-1.8003549,53.2003413]}},{"type":"Feature","properties":{"id":3204,"z":112.96,"code":"GRD"},"geometry":{"type":"Point","coordinates":[-1.800283,53.2003539]}},{"type":"Feature","properties":{"id":3205,"z":112.41,"code":"GRD"},"geometry":{"type":"Point","coordinates":[-1.8002229,53.200351]}},{"type":"Feature","properties":{"id":3206,"z":111.99,"code":"GRD"},"geometry":{"type":"Point","coordinates":[-1.8001785,53.2003627]}},{"type":"Feature","properties":{"id":3207,"z":111.29,"code":"GRD"},"geometry":{"type":"Point","coordinates":[-1.8000937,53.2003553]}},{"type":"Feature","properties":{"id":3208,"z":111.05,"code":"GRD"},"geometry":{"type":"Point","coordinates":[-1.8000498,53.2003618]}},{"type":"Feature","properties":{"id":3209,"z":110.58,"code":"GRD"},"geometry":{"type":"Point","coordinates":[-1.7999847,53.2003504]}},{"type":"Feature","properties":{"id":3210,"z":110.33,"code":"GRD"},"geometry":{"type":"Point","coordinates":[-1.7999381,53.2003601]}},{"type":"Feature","properties":{"id":3211,"z":109.84,"code":"GRD"},"geometry":{"type":"Point","coordinates":[-1.7998575,53.200358]}},{"type":"Feature","properties":{"id":3212,"z":109.67,"code":"GRD"},"geometry":{"type":"Point","coordinates":[-1.7998132,53.2003478]}},{"type":"Feature","properties":{"id":3213,"z":109.39,"code":"GRD"},"geometry":{"type":"Point","coordinates":[-1.7997362,53.200353]}},{"type":"Feature","properties":{"id":3214,"z":108.97,"code":"GRD"},"geometry":{"type":"Point","coordinates":[-1.7996504,53.2003481]}},{"type":"Feature","properties":{"id":3215,"z":108.74,"code":"GRD"},"geometry":{"type":"Point","coordinates":[-1.79959,53.2003495]}},{"type":"Feature","properties":{"id":3216,"z":108.49,"code":"GRD"},"geometry":{"type":"Point","coordinates":[-1.7995436,53.2003385]}},{"type":"Feature","properties":{"id":3217,"z":108.17,"code":"GRD"},"geometry":{"type":"Point","coordinates":[-1.7994615,53.200339]}},{"type":"Feature","properties":{"id":3218,"z":108.06,"code":"GRD"},"geometry":{"type":"Point","coordinates":[-1.7994226,53.2003497]}},{"type":"Feature","properties":{"id":3219,"z":107.78,"code":"GRD"},"geometry":{"type":"Point","coordinates":[-1.799346,53.2003538]}},{"type":"Feature","properties":{"id":3220,"z":107.39,"code":"GRD"},"geometry":{"type":"Point","coordinates":[-1.7992688,53.2003401]}},{"type":"Feature","properties":{"id":3221,"z":107.28,"code":"GRD"},"geometry":{"type":"Point","coordinates":[-1.799235,53.2003431]}},{"type":"Feature","properties":{"id":3222,"z":107.08,"code":"GRD"},"geometry":{"type":"Point","coordinates":[-1.7991829,53.2003581]}},{"type":"Feature","properties":{"id":3223,"z":106.71,"code":"GRD"},"geometry":{"type":"Point","coordinates":[-1.799087,53.2003578]}},{"type":"Feature","properties":{"id":3224,"z":106.54,"code":"GRD"},"geometry":{"type":"Point","coordinates":[-1.7990572,53.2003525]}},{"type":"Feature","properties":{"id":3225,"z":106.11,"code":"GRD"},"geometry":{"type":"Point","coordinates":[-1.7989699,53.2003485]}},{"type":"Feature","properties":{"id":3226,"z":105.84,"code":"GRD"},"geometry":{"type":"Point","coordinates":[-1.7988977,53.2003512]}},{"type":"Feature","properties":{"id":3227,"z":105.8,"code":"GRD"},"geometry":{"type":"Point","coordinates":[-1.7988495,53.2003425]}},{"type":"Feature","properties":{"id":3228,"z":105.44,"code":"GRD"},"geometry":{"type":"Point","coordinates":[-1.7987781,53.2003588]}},{"type":"Feature","properties":{"id":3229,"z":105.33,"code":"GRD"},"geometry":{"type":"Point","coordinates":[-1.7987263,53.200357]}},{"type":"Feature","properties":{"id":3230,"z":105.27,"code":"GRD"},"geometry":{"type":"Point","coordinates":[-1.7986748,53.2003505]}},{"type":"Feature","properties":{"id":3231,"z":105.25,"code":"GRD"},"geometry":{"type":"Point","coordinates":[-1.7986035,53.2003382]}},{"type":"Feature","properties":{"id":3232,"z":105.17,"code":"GRD"},"geometry":{"type":"Point","coordinates":[-1.7985248,53.2003419]}},{"type":"Feature","properties":{"id":3233,"z":105.18,"code":"GRD"},"geometry":{"type":"Point","coordinates":[-1.798461,53.2003406]}},{"type":"Feature","properties":{"id":3234,"z":105.17,"code":"GRD"},"geometry":{"type":"Point","coordinates":[-1.7983875,53.2003566]}},{"type":"Feature","properties":{"id":3235,"z":105.21,"code":"GRD"},"geometry":{"type":"Point","coordinates":[-1.7983352,53.2003473]}},{"type":"Feature","properties":{"id":3236,"z":105.19,"code":"GRD"},"geometry":{"type":"Point","coordinates":[-1.798273,53.2003553]}},{"type":"Feature","properties":{"id":3237,"z":105.38,"code":"GRD"},"geometry":{"type":"Point","coordinates":[-1.798221,53.2003495]}},{"type":"Feature","properties":{"id":3238,"z":105.41,"code":"GRD"},"geometry":{"type":"Point","coordinates":[-1.7981464,53.2003416]}},{"type":"Feature","properties":{"id":3239,"z":105.4,"code":"GRD"},"geometry":{"type":"Point","coordinates":[-1.7980762,53.2003414]}},{"type":"Feature","properties":{"id":3240,"z":105.48,"code":"GRD"},"geometry":{"type":"Point","coordinates":[-1.7980453,53.2003526]}},{"type":"Feature","properties":{"id":3241,"z":105.55,"code":"GRD"},"geometry":{"type":"Point","coordinates":[-1.7979791,53.200356]}},{"type":"Feature","properties":{"id":3242,"z":105.47,"code":"GRD"},"geometry":{"type":"Point","coordinates":[-1.7978936,53.200355]}},{"type":"Feature","properties":{"id":3243,"z":105.32,"code":"GRD"},"geometry":{"type":"Point","coordinates":[-1.7978371,53.2003398]}},{"type":"Feature","properties":{"id":3244,"z":105.35,"code":"GRD"},"geometry":{"type":"Point","coordinates":[-1.7977685,53.2003515]}},{"type":"Feature","properties":{"id":3245,"z":111.23,"code":"GRD"},"geometry":{"type":"Point","coordinates":[-1.8022429,53.2003963]}},{"type":"Feature","properties":{"id":3246,"z":111.31,"code":"GRD"},"geometry":{"type":"Point","coordinates":[-1.8021861,53.2003828]}},{"type":"Feature","properties":{"id":3247,"z":111.26,"code":"GRD"},"geometry":{"type":"Point","coordinates":[-1.8021165,53.2003914]}},{"type":"Feature","properties":{"id":3248,"z":111.36,"code":"GRD"},"geometry":{"type":"Point","coordinates":[-1.80206,53.2003869]}},{"type":"Feature","properties":{"id":3249,"z":111.33,"code":"GRD"},"geometry":{"type":"Point","coordinates":[-1.8020126,53.2003994]}},{"type":"Feature","properties":{"id":3250,"z":111.68,"code":"GRD"},"geometry":{"type":"Point","coordinates":[-1.8019235,53.200398]}},{"type":"Feature","properties":{"id":3251,"z":111.88,"code":"GRD"},"geometry":{"type":"Point","coordinates":[-1.801886,53.2003879]}},{"type":"Feature","properties":{"id":3252,"z":112.35,"code":"GRD"},"geometry":{"type":"Point","coordinates":[-1.801809,53.2003852]}},{"type":"Feature","properties":{"id":3253,"z":112.94,"code":"GRD"},"geometry":{"type":"Point","coordinates":[-1.8017258,53.2003808]}},{"type":"Feature","properties":{"id":3254,"z":113.17,"code":"GRD"},"geometry":{"type":"Point","coordinates":[-1.8016917,53.2003964]}},{"type":"Feature","properties":{"id":3255,"z":113.84,"code":"GRD"},"geometry":{"type":"Point","coordinates":[-1.8016291,53.2003858]}},{"type":"Feature","properties":{"id":3256,"z":114.5,"code":"GRD"},"geometry":{"type":"Point","coordinates":[-1.8015579,53.2003817]}},{"type":"Feature","properties":{"id":3257,"z":115.17,"code":"GRD"},"geometry":{"type":"Point","coordinates":[-1.8014758,53.2003795]}},{"type":"Feature","properties":{"id":3258,"z":115.5,"code":"GRD"},"geometry":{"type":"Point","coordinates":[-1.8014506,53.2003866]}},{"type":"Feature","properties":{"id":3259,"z":116.45,"code":"GRD"},"geometry":{"type":"Point","coordinates":[-1.8013483,53.2004003]}},{"type":"Feature","properties":{"id":3260,"z":116.86,"code":"GRD"},"geometry":{"type":"Point","coordinates":[-1.801297,53.2003821]}},{"type":"Feature","properties":{"id":3261,"z":117.33,"code":"GRD"},"geometry":{"type":"Point","coordinates":[-1.8012461,53.2003944]}},{"type":"Feature","properties":{"id":3262,"z":117.53,"code":"GRD"},"geometry":{"type":"Point","coordinates":[-1.8011864,53.2003801]}},{"type":"Feature","properties":{"id":3263,"z":117.92,"code":"GRD"},"geometry":{"type":"Point","coordinates":[-1.8011096,53.2003783]}},{"type":"Feature","properties":{"id":3264,"z":118.12,"code":"GRD"},"geometry":{"type":"Point","coordinates":[-1.8010556,53.2003813]}},{"type":"Feature","properties":{"id":3265,"z":118.25,"code":"GRD"},"geometry":{"type":"Point","coordinates":[-1.8009921,53.2003976]}},{"type":"Feature","properties":{"id":3266,"z":118.19,"code":"GRD"},"geometry":{"type":"Point","coordinates":[-1.8009353,53.2003868]}},{"type":"Feature","properties":{"id":3267,"z":117.96,"code":"GRD"},"geometry":{"type":"Point","coordinates":[-1.8008621,53.2003918]}},{"type":"Feature","properties":{"id":3268,"z":117.62,"code":"GRD"},"geometry":{"type":"Point","coordinates":[-1.8008077,53.2003913]}},{"type":"Feature","properties":{"id":3269,"z":117.26,"code":"GRD"},"geometry":{"type":"Point","coordinates":[-1.8007354,53.2003938]}},{"type":"Feature","properties":{"id":3270,"z":116.68,"code":"GRD"},"geometry":{"type":"Point","coordinates":[-1.8006718,53.200393]}},{"type":"Feature","properties":{"id":3271,"z":116.21,"code":"GRD"},"geometry":{"type":"Point","coordinates":[-1.8006176,53.2003837]}},{"type":"Feature","properties":{"id":3272,"z":115.67,"code":"GRD"},"geometry":{"type":"Point","coordinates":[-1.8005693,53.2003948]}},{"type":"Feature","properties":{"id":3273,"z":114.8,"code":"GRD"},"geometry":{"type":"Point","coordinates":[-1.8004773,53.2003772]}},{"type":"Feature","properties":{"id":3274,"z":114.41,"code":"GRD"},"geometry":{"type":"Point","coordinates":[-1.8004386,53.2003935]}},{"type":"Feature","properties":{"id":3275,"z":113.49,"code":"GRD"},"geometry":{"type":"Point","coordinates":[-1.8003596,53.2003998]}},{"type":"Feature","properties":{"id":3276,"z":112.75,"code":"GRD"},"geometry":{"type":"Point","coordinates":[-1.8002818,53.2003858]}},{"type":"Feature","properties":{"id":3277,"z":112.25,"code":"GRD"},"geometry":{"type":"Point","coordinates":[-1.8002226,53.2003871]}},{"type":"Feature","properties":{"id":3278,"z":111.61,"code":"GRD"},"geometry":{"type":"Point","coordinates":[-1.8001617,53.2004004]}},{"type":"Feature","properties":{"id":3279,"z":111.15,"code":"GRD"},"geometry":{"type":"Point","coordinates":[-1.8000978,53.2003879]}},{"type":"Feature","properties":{"id":3280,"z":110.94,"code":"GRD"},"geometry":{"type":"Point","coordinates":[-1.8000416,53.2003861]}},{"type":"Feature","properties":{"id":3281,"z":110.4,"code":"GRD"},"geometry":{"type":"Point","coordinates":[-1.7999791,53.2003895]}},{"type":"Feature","properties":{"id":3282,"z":110.25,"code":"GRD"},"geometry":{"type":"Point","coordinates":[-1.7999357,53.2003897]}},{"type":"Feature","properties":{"id":3283,"z":109.81,"code":"GRD"},"geometry":{"type":"Point","coordinates":[-1.7998445,53.2003819]}},{"type":"Feature","properties":{"id":3284,"z":109.52,"code":"GRD"},"geometry":{"type":"Point","coordinates":[-1.7997841,53.2003826]}},{"type":"Feature","properties":{"id":3285,"z":109.44,"code":"GRD"},"geometry":{"type":"Point","coordinates":[-1.7997497,53.2003966]}},{"type":"Feature","properties":{"id":3286,"z":109.15,"code":"GRD"},"geometry":{"type":"Point","coordinates":[-1.7996661,53.2003816]}},{"type":"Feature","properties":{"id":3287,"z":108.96,"code":"GRD"},"geometry":{"type":"Point","coordinates":[-1.799594,53.20038]}},{"type":"Feature","properties":{"id":3288,"z":108.77,"code":"GRD"},"geometry":{"type":"Point","coordinates":[-1.7995592,53.2003813]}},{"type":"Feature","properties":{"id":3289,"z":108.5,"code":"GRD"},"geometry":{"type":"Point","coordinates":[-1.7994671,53.2003938]}},{"type":"Feature","properties":{"id":3290,"z":108.35,"code":"GRD"},"geometry":{"type":"Point","coordinates":[-1.7994207,53.2003903]}},{"type":"Feature","properties":{"id":3291,"z":107.99,"code":"GRD"},"geometry":{"type":"Point","coordinates":[-1.799346,53.2003814]}},{"type":"Feature","properties":{"id":3292,"z":107.69,"code":"GRD"},"geometry":{"type":"Point","coordinates":[-1.7992822,53.200379]}},{"type":"Feature","properties":{"id":3293,"z":107.3,"code":"GRD"},"geometry":{"type":"Point","coordinates":[-1.7992085,53.2003923]}},{"type":"Feature","properties":{"id":3294,"z":107.11,"code":"GRD"},"geometry":{"type":"Point","coordinates":[-1.7991752,53.2003939]}},{"type":"Feature","properties":{"id":3295,"z":106.65,"code":"GRD"},"geometry":{"type":"Point","coordinates":[-1.7990921,53.2003946]}},{"type":"Feature","properties":{"id":3296,"z":106.44,"code":"GRD"},"geometry":{"type":"Point","coordinates":[-1.7990297,53.200381]}},{"type":"Feature","properties":{"id":3297,"z":106.02,"code":"GRD"},"geometry":{"type":"Point","coordinates":[-1.798977,53.2003988]}},{"type":"Feature","properties":{"id":3298,"z":105.7,"code":"GRD"},"geometry":{"type":"Point","coordinates":[-1.7988906,53.2003842]}},{"type":"Feature","properties":{"id":3299,"z":105.57,"code":"GRD"},"geometry":{"type":"Point","coordinates":[-1.7988487,53.2003791]}},{"type":"Feature","properties":{"id":3300,"z":105.32,"code":"GRD"},"geometry":{"type":"Point","coordinates":[-1.7987963,53.2003939]}},{"type":"Feature","properties":{"id":3301,"z":105.07,"code":"GRD"},"geometry":{"type":"Point","coordinates":[-1.7987262,53.2003934]}},{"type":"Feature","properties":{"id":3302,"z":104.99,"code":"GRD"},"geometry":{"type":"Point","coordinates":[-1.7986695,53.2003875]}},{"type":"Feature","properties":{"id":3303,"z":104.92,"code":"GRD"},"geometry":{"type":"Point","coordinates":[-1.7985811,53.2003847]}},{"type":"Feature","properties":{"id":3304,"z":104.76,"code":"GRD"},"geometry":{"type":"Point","coordinates":[-1.798542,53.200399]}},{"type":"Feature","properties":{"id":3305,"z":104.94,"code":"GRD"},"geometry":{"type":"Point","coordinates":[-1.7984855,53.2003859]}},{"type":"Feature","properties":{"id":3306,"z":104.99,"code":"GRD"},"geometry":{"type":"Point","coordinates":[-1.7983916,53.2003962]}},{"type":"Feature","properties":{"id":3307,"z":105.01,"code":"GRD"},"geometry":{"type":"Point","coordinates":[-1.7983557,53.2003768]}},{"type":"Feature","properties":{"id":3308,"z":105.11,"code":"GRD"},"geometry":{"type":"Point","coordinates":[-1.798297,53.2003919]}},{"type":"Feature","properties":{"id":3309,"z":105.33,"code":"GRD"},"geometry":{"type":"Point","coordinates":[-1.7982095,53.200381]}},{"type":"Feature","properties":{"id":3310,"z":105.49,"code":"GRD"},"geometry":{"type":"Point","coordinates":[-1.7981509,53.200386]}},{"type":"Feature","properties":{"id":3311,"z":105.6,"code":"GRD"},"geometry":{"type":"Point","coordinates":[-1.7981057,53.2003956]}},{"type":"Feature","properties":{"id":3312,"z":105.6,"code":"GRD"},"geometry":{"type":"Point","coordinates":[-1.7980185,53.2003865]}},{"type":"Feature","properties":{"id":3313,"z":105.69,"code":"GRD"},"geometry":{"type":"Point","coordinates":[-1.7979816,53.200393]}},{"type":"Feature","properties":{"id":3314,"z":105.65,"code":"GRD"},"geometry":{"type":"Point","coordinates":[-1.7979089,53.2003896]}},{"type":"Feature","properties":{"id":3315,"z":105.68,"code":"GRD"},"geometry":{"type":"Point","coordinates":[-1.7978547,53.2003947]}},{"type":"Feature","properties":{"id":3316,"z":105.48,"code":"GRD"},"geometry":{"type":"Point","coordinates":[-1.7977804,53.2003793]}},{"type":"Feature","properties":{"id":3317,"z":111.11,"code":"GRD"},"geometry":{"type":"Point","coordinates":[-1.802184,53.2004328]}},{"type":"Feature","properties":{"id":3318,"z":111.06,"code":"GRD"},"geometry":{"type":"Point","coordinates":[-1.8021432,53.2004365]}},{"type":"Feature","properties":{"id":3319,"z":111.06,"code":"GRD"},"geometry":{"type":"Point","coordinates":[-1.8020638,53.2004242]}},{"type":"Feature","properties":{"id":3320,"z":111.25,"code":"GRD"},"geometry":{"type":"Point","coordinates":[-1.8020146,53.2004198]}},{"type":"Feature","properties":{"id":3321,"z":111.41,"code":"GRD"},"geometry":{"type":"Point","coordinates":[-1.8019177,53.2004342]}},{"type":"Feature","properties":{"id":3322,"z":111.79,"code":"GRD"},"geometry":{"type":"Point","coordinates":[-1.8018539,53.2004168]}},{"type":"Feature","properties":{"id":3323,"z":112.1,"code":"GRD"},"geometry":{"type":"Point","coordinates":[-1.8018165,53.2004194]}},{"type":"Feature","properties":{"id":3324,"z":112.35,"code":"GRD"},"geometry":{"type":"Point","coordinates":[-1.8017657,53.2004266]}},{"type":"Feature","properties":{"id":3325,"z":112.97,"code":"GRD"},"geometry":{"type":"Point","coordinates":[-1.8016927,53.2004291]}},{"type":"Feature","properties":{"id":3326,"z":113.56,"code":"GRD"},"geometry":{"type":"Point","coordinates":[-1.8016333,53.200433]}},{"type":"Feature","properties":{"id":3327,"z":114.15,"code":"GRD"},"geometry":{"type":"Point","coordinates":[-1.8015721,53.2004276]}},{"type":"Feature","properties":{"id":3328,"z":114.95,"code":"GRD"},"geometry":{"type":"Point","coordinates":[-1.8015022,53.2004159]}},{"type":"Feature","properties":{"id":3329,"z":115.56,"code":"GRD"},"geometry":{"type":"Point","coordinates":[-1.8014402,53.2004194]}},{"type":"Feature","properties":{"id":3330,"z":116.45,"code":"GRD"},"geometry":{"type":"Point","coordinates":[-1.8013583,53.2004363]}},{"type":"Feature","properties":{"id":3331,"z":116.9,"code":"GRD"},"geometry":{"type":"Point","coordinates":[-1.8013164,53.2004249]}},{"type":"Feature","properties":{"id":3332,"z":117.46,"code":"GRD"},"geometry":{"type":"Point","coordinates":[-1.8012383,53.2004209]}},{"type":"Feature","properties":{"id":3333,"z":117.73,"code":"GRD"},"geometry":{"type":"Point","coordinates":[-1.8011979,53.2004162]}},{"type":"Feature","properties":{"id":3334,"z":118.12,"code":"GRD"},"geometry":{"type":"Point","coordinates":[-1.8011193,53.2004169]}},{"type":"Feature","properties":{"id":3335,"z":118.46,"code":"GRD"},"geometry":{"type":"Point","coordinates":[-1.8010475,53.2004355]}},{"type":"Feature","properties":{"id":3336,"z":118.56,"code":"GRD"},"geometry":{"type":"Point","coordinates":[-1.8009852,53.2004326]}},{"type":"Feature","properties":{"id":3337,"z":118.38,"code":"GRD"},"geometry":{"type":"Point","coordinates":[-1.8009087,53.2004281]}},{"type":"Feature","properties":{"id":3338,"z":118.05,"code":"GRD"},"geometry":{"type":"Point","coordinates":[-1.80085,53.2004271]}},{"type":"Feature","properties":{"id":3339,"z":117.81,"code":"GRD"},"geometry":{"type":"Point","coordinates":[-1.8008016,53.2004312]}},{"type":"Feature","properties":{"id":3340,"z":117.13,"code":"GRD"},"geometry":{"type":"Point","coordinates":[-1.8007255,53.2004357]}},{"type":"Feature","properties":{"id":3341,"z":116.79,"code":"GRD"},"geometry":{"type":"Point","coordinates":[-1.8006802,53.2004137]}},{"type":"Feature","properties":{"id":3342,"z":116.15,"code":"GRD"},"geometry":{"type":"Point","coordinates":[-1.8006149,53.2004268]}},{"type":"Feature","properties":{"id":3343,"z":115.61,"code":"GRD"},"geometry":{"type":"Point","coordinates":[-1.8005688,53.2004314]}},{"type":"Feature","properties":{"id":3344,"z":114.82,"code":"GRD"},"geometry":{"type":"Point","coordinates":[-1.8004988,53.2004346]}},{"type":"Feature","properties":{"id":3345,"z":113.96,"code":"GRD"},"geometry":{"type":"Point","coordinates":[-1.800422,53.2004326]}},{"type":"Feature","properties":{"id":3346,"z":113.41,"code":"GRD"},"geometry":{"type":"Point","coordinates":[-1.8003715,53.2004373]}},{"type":"Feature","properties":{"id":3347,"z":112.61,"code":"GRD"},"geometry":{"type":"Point","coordinates":[-1.800293,53.2004302]}},{"type":"Feature","properties":{"id":3348,"z":111.97,"code":"GRD"},"geometry":{"type":"Point","coordinates":[-1.8002297,53.2004364]}},{"type":"Feature","properties":{"id":3349,"z":111.55,"code":"GRD"},"geometry":{"type":"Point","coordinates":[-1.8001694,53.2004221]}},{"type":"Feature","properties":{"id":3350,"z":111.13,"code":"GRD"},"geometry":{"type":"Point","coordinates":[-1.8001123,53.2004232]}},{"type":"Feature","properties":{"id":3351,"z":110.59,"code":"GRD"},"geometry":{"type":"Point","coordinates":[-1.8000369,53.2004275]}},{"type":"Feature","properties":{"id":3352,"z":110.33,"code":"GRD"},"geometry":{"type":"Point","coordinates":[-1.7999911,53.2004362]}},{"type":"Feature","properties":{"id":3353,"z":110.13,"code":"GRD"},"geometry":{"type":"Point","coordinates":[-1.7999319,53.2004309]}},{"type":"Feature","properties":{"id":3354,"z":109.85,"code":"GRD"},"geometry":{"type":"Point","coordinates":[-1.7998479,53.2004224]}},{"type":"Feature","properties":{"id":3355,"z":109.7,"code":"GRD"},"geometry":{"type":"Point","coordinates":[-1.7997999,53.2004271]}},{"type":"Feature","properties":{"id":3356,"z":109.5,"code":"GRD"},"geometry":{"type":"Point","coordinates":[-1.7997235,53.2004133]}},{"type":"Feature","properties":{"id":3357,"z":109.26,"code":"GRD"},"geometry":{"type":"Point","coordinates":[-1.7996516,53.2004154]}},{"type":"Feature","properties":{"id":3358,"z":109.18,"code":"GRD"},"geometry":{"type":"Point","coordinates":[-1.7996157,53.2004239]}},{"type":"Feature","properties":{"id":3359,"z":108.81,"code":"GRD"},"geometry":{"type":"Point","coordinates":[-1.7995219,53.2004155]}},{"type":"Feature","properties":{"id":3360,"z":108.53,"code":"GRD"},"geometry":{"type":"Point","coordinates":[-1.7994611,53.2004147]}},{"type":"Feature","properties":{"id":3361,"z":108.42,"code":"GRD"},"geometry":{"type":"Point","coordinates":[-1.7994058,53.2004362]}},{"type":"Feature","properties":{"id":3362,"z":108.3,"code":"GRD"},"geometry":{"type":"Point","coordinates":[-1.7993584,53.2004372]}},{"type":"Feature","properties":{"id":3363,"z":107.82,"code":"GRD"},"geometry":{"type":"Point","coordinates":[-1.7992778,53.2004363]}},{"type":"Feature","properties":{"id":3364,"z":107.57,"code":"GRD"},"geometry":{"type":"Point","coordinates":[-1.7992382,53.2004231]}},{"type":"Feature","properties":{"id":3365,"z":106.96,"code":"GRD"},"geometry":{"type":"Point","coordinates":[-1.7991457,53.2004241]}},{"type":"Feature","properties":{"id":3366,"z":106.73,"code":"GRD"},"geometry":{"type":"Point","coordinates":[-1.7991024,53.2004174]}},{"type":"Feature","properties":{"id":3367,"z":106.47,"code":"GRD"},"geometry":{"type":"Point","coordinates":[-1.7990473,53.2004358]}},{"type":"Feature","properties":{"id":3368,"z":105.87,"code":"GRD"},"geometry":{"type":"Point","coordinates":[-1.7989615,53.2004276]}},{"type":"Feature","properties":{"id":3369,"z":105.66,"code":"GRD"},"geometry":{"type":"Point","coordinates":[-1.7989273,53.2004341]}},{"type":"Feature","properties":{"id":3370,"z":105.12,"code":"GRD"},"geometry":{"type":"Point","coordinates":[-1.798829,53.2004374]}},{"type":"Feature","properties":{"id":3371,"z":105.15,"code":"GRD"},"geometry":{"type":"Point","coordinates":[-1.7987878,53.2004225]}},{"type":"Feature","properties":{"id":3372,"z":104.71,"code":"GRD"},"geometry":{"type":"Point","coordinates":[-1.7987052,53.2004338]}},{"type":"Feature","properties":{"id":3373,"z":104.74,"code":"GRD"},"geometry":{"type":"Point","coordinates":[-1.7986758,53.2004178]}},{"type":"Feature","properties":{"id":3374,"z":104.65,"code":"GRD"},"geometry":{"type":"Point","coordinates":[-1.7986063,53.2004181]}},{"type":"Feature","properties":{"id":3375,"z":104.54,"code":"GRD"},"geometry":{"type":"Point","coordinates":[-1.7985453,53.2004353]}},{"type":"Feature","properties":{"id":3376,"z":104.79,"code":"GRD"},"geometry":{"type":"Point","coordinates":[-1.7984759,53.2004133]}},{"type":"Feature","properties":{"id":3377,"z":104.75,"code":"GRD"},"geometry":{"type":"Point","coordinates":[-1.7984271,53.2004272]}},{"type":"Feature","properties":{"id":3378,"z":104.86,"code":"GRD"},"geometry":{"type":"Point","coordinates":[-1.7983643,53.200425]}},{"type":"Feature","properties":{"id":3379,"z":105.03,"code":"GRD"},"geometry":{"type":"Point","coordinates":[-1.7982933,53.2004343]}},{"type":"Feature","properties":{"id":3380,"z":105.46,"code":"GRD"},"geometry":{"type":"Point","coordinates":[-1.7981986,53.2004337]}},{"type":"Feature","properties":{"id":3381,"z":105.42,"code":"GRD"},"geometry":{"type":"Point","coordinates":[-1.798161,53.2004269]}},{"type":"Feature","properties":{"id":3382,"z":105.66,"code":"GRD"},"geometry":{"type":"Point","coordinates":[-1.7980961,53.200433]}},{"type":"Feature","properties":{"id":3383,"z":105.78,"code":"GRD"},"geometry":{"type":"Point","coordinates":[-1.7980315,53.2004269]}},{"type":"Feature","properties":{"id":3384,"z":105.87,"code":"GRD"},"geometry":{"type":"Point","coordinates":[-1.7979459,53.2004217]}},{"type":"Feature","properties":{"id":3385,"z":105.79,"code":"GRD"},"geometry":{"type":"Point","coordinates":[-1.7978877,53.2004156]}},{"type":"Feature","properties":{"id":3386,"z":105.83,"code":"GRD"},"geometry":{"type":"Point","coordinates":[-1.7978398,53.2004283]}},{"type":"Feature","properties":{"id":3387,"z":105.7,"code":"GRD"},"geometry":{"type":"Point","coordinates":[-1.797773,53.2004372]}},{"type":"Feature","properties":{"id":3388,"z":111.12,"code":"GRD"},"geometry":{"type":"Point","coordinates":[-1.8022296,53.2004652]}},{"type":"Feature","properties":{"id":3389,"z":111.08,"code":"GRD"},"geometry":{"type":"Point","coordinates":[-1.8021768,53.2004681]}},{"type":"Feature","properties":{"id":3390,"z":110.97,"code":"GRD"},"geometry":{"type":"Point","coordinates":[-1.8021161,53.2004606]}},{"type":"Feature","properties":{"id":3391,"z":110.96,"code":"GRD"},"geometry":{"type":"Point","coordinates":[-1.8020717,53.2004535]}},{"type":"Feature","properties":{"id":3392,"z":111.06,"code":"GRD"},"geometry":{"type":"Point","coordinates":[-1.8019953,53.2004552]}},{"type":"Feature","properties":{"id":3393,"z":111.22,"code":"GRD"},"geometry":{"type":"Point","coordinates":[-1.8019399,53.2004614]}},{"type":"Feature","properties":{"id":3394,"z":111.53,"code":"GRD"},"geometry":{"type":"Point","coordinates":[-1.8018516,53.2004642]}},{"type":"Feature","properties":{"id":3395,"z":111.79,"code":"GRD"},"geometry":{"type":"Point","coordinates":[-1.8018065,53.2004714]}},{"type":"Feature","properties":{"id":3396,"z":112.31,"code":"GRD"},"geometry":{"type":"Point","coordinates":[-1.8017446,53.2004638]}},{"type":"Feature","properties":{"id":3397,"z":112.85,"code":"GRD"},"geometry":{"type":"Point","coordinates":[-1.8016946,53.2004532]}},{"type":"Feature","properties":{"id":3398,"z":113.45,"code":"GRD"},"geometry":{"type":"Point","coordinates":[-1.8016286,53.200452]}},{"type":"Feature","properties":{"id":3399,"z":114.05,"code":"GRD"},"geometry":{"type":"Point","coordinates":[-1.8015728,53.20047]}},{"type":"Feature","properties":{"id":3400,"z":114.87,"code":"GRD"},"geometry":{"type":"Point","coordinates":[-1.8014957,53.2004666]}},{"type":"Feature","properties":{"id":3401,"z":115.82,"code":"GRD"},"geometry":{"type":"Point","coordinates":[-1.8014231,53.200454]}},{"type":"Feature","properties":{"id":3402,"z":116.41,"code":"GRD"},"geometry":{"type":"Point","coordinates":[-1.8013656,53.2004576]}},{"type":"Feature","properties":{"id":3403,"z":116.88,"code":"GRD"},"geometry":{"type":"Point","coordinates":[-1.8013163,53.2004518]}},{"type":"Feature","properties":{"id":3404,"z":117.74,"code":"GRD"},"geometry":{"type":"Point","coordinates":[-1.8012213,53.2004539]}},{"type":"Feature","properties":{"id":3405,"z":118.02,"code":"GRD"},"geometry":{"type":"Point","coordinates":[-1.8011976,53.2004613]}},{"type":"Feature","properties":{"id":3406,"z":118.41,"code":"GRD"},"geometry":{"type":"Point","coordinates":[-1.8011185,53.2004681]}},{"type":"Feature","properties":{"id":3407,"z":118.42,"code":"GRD"},"geometry":{"type":"Point","coordinates":[-1.8010604,53.2004531]}},{"type":"Feature","properties":{"id":3408,"z":118.57,"code":"GRD"},"geometry":{"type":"Point","coordinates":[-1.8010017,53.2004511]}},{"type":"Feature","properties":{"id":3409,"z":118.48,"code":"GRD"},"geometry":{"type":"Point","coordinates":[-1.8009102,53.2004535]}},{"type":"Feature","properties":{"id":3410,"z":118.28,"code":"GRD"},"geometry":{"type":"Point","coordinates":[-1.8008735,53.2004733]}},{"type":"Feature","properties":{"id":3411,"z":117.95,"code":"GRD"},"geometry":{"type":"Point","coordinates":[-1.8008188,53.2004524]}},{"type":"Feature","properties":{"id":3412,"z":117.5,"code":"GRD"},"geometry":{"type":"Point","coordinates":[-1.8007497,53.2004665]}},{"type":"Feature","properties":{"id":3413,"z":116.63,"code":"GRD"},"geometry":{"type":"Point","coordinates":[-1.8006615,53.200451]}},{"type":"Feature","properties":{"id":3414,"z":116.11,"code":"GRD"},"geometry":{"type":"Point","coordinates":[-1.8006208,53.2004614]}},{"type":"Feature","properties":{"id":3415,"z":115.2,"code":"GRD"},"geometry":{"type":"Point","coordinates":[-1.8005414,53.2004619]}},{"type":"Feature","properties":{"id":3416,"z":114.55,"code":"GRD"},"geometry":{"type":"Point","coordinates":[-1.8004927,53.2004667]}},{"type":"Feature","properties":{"id":3417,"z":113.82,"code":"GRD"},"geometry":{"type":"Point","coordinates":[-1.8004217,53.2004657]}},{"type":"Feature","properties":{"id":3418,"z":112.97,"code":"GRD"},"geometry":{"type":"Point","coordinates":[-1.8003529,53.2004631]}},{"type":"Feature","properties":{"id":3419,"z":112.32,"code":"GRD"},"geometry":{"type":"Point","coordinates":[-1.8002927,53.2004761]}},{"type":"Feature","properties":{"id":3420,"z":111.98,"code":"GRD"},"geometry":{"type":"Point","coordinates":[-1.8002421,53.2004634]}},{"type":"Feature","properties":{"id":3421,"z":111.3,"code":"GRD"},"geometry":{"type":"Point","coordinates":[-1.8001687,53.2004586]}},{"type":"Feature","properties":{"id":3422,"z":110.92,"code":"GRD"},"geometry":{"type":"Point","coordinates":[-1.8001215,53.2004614]}},{"type":"Feature","properties":{"id":3423,"z":110.56,"code":"GRD"},"geometry":{"type":"Point","coordinates":[-1.8000552,53.200463]}},{"type":"Feature","properties":{"id":3424,"z":110.18,"code":"GRD"},"geometry":{"type":"Point","coordinates":[-1.7999789,53.2004535]}},{"type":"Feature","properties":{"id":3425,"z":109.97,"code":"GRD"},"geometry":{"type":"Point","coordinates":[-1.7999318,53.2004572]}},{"type":"Feature","properties":{"id":3426,"z":109.82,"code":"GRD"},"geometry":{"type":"Point","coordinates":[-1.7998754,53.2004628]}},{"type":"Feature","properties":{"id":3427,"z":109.6,"code":"GRD"},"geometry":{"type":"Point","coordinates":[-1.7997893,53.2004662]}},{"type":"Feature","properties":{"id":3428,"z":109.46,"code":"GRD"},"geometry":{"type":"Point","coordinates":[-1.7997492,53.2004523]}},{"type":"Feature","properties":{"id":3429,"z":109.38,"code":"GRD"},"geometry":{"type":"Point","coordinates":[-1.7996584,53.2004622]}},{"type":"Feature","properties":{"id":3430,"z":109.22,"code":"GRD"},"geometry":{"type":"Point","coordinates":[-1.7996142,53.2004543]}},{"type":"Feature","properties":{"id":3431,"z":109.02,"code":"GRD"},"geometry":{"type":"Point","coordinates":[-1.7995456,53.2004531]}},{"type":"Feature","properties":{"id":3432,"z":108.95,"code":"GRD"},"geometry":{"type":"Point","coordinates":[-1.7994875,53.2004687]}},{"type":"Feature","properties":{"id":3433,"z":108.51,"code":"GRD"},"geometry":{"type":"Point","coordinates":[-1.7993989,53.2004608]}},{"type":"Feature","properties":{"id":3434,"z":108.46,"code":"GRD"},"geometry":{"type":"Point","coordinates":[-1.7993722,53.2004561]}},{"type":"Feature","properties":{"id":3435,"z":108.03,"code":"GRD"},"geometry":{"type":"Point","coordinates":[-1.7993065,53.2004582]}},{"type":"Feature","properties":{"id":3436,"z":107.71,"code":"GRD"},"geometry":{"type":"Point","coordinates":[-1.7992306,53.2004631]}},{"type":"Feature","properties":{"id":3437,"z":107.17,"code":"GRD"},"geometry":{"type":"Point","coordinates":[-1.7991619,53.2004576]}},{"type":"Feature","properties":{"id":3438,"z":106.93,"code":"GRD"},"geometry":{"type":"Point","coordinates":[-1.7991199,53.2004653]}},{"type":"Feature","properties":{"id":3439,"z":106.14,"code":"GRD"},"geometry":{"type":"Point","coordinates":[-1.7990222,53.2004729]}},{"type":"Feature","properties":{"id":3440,"z":105.82,"code":"GRD"},"geometry":{"type":"Point","coordinates":[-1.7989673,53.2004524]}},{"type":"Feature","properties":{"id":3441,"z":105.55,"code":"GRD"},"geometry":{"type":"Point","coordinates":[-1.7989148,53.2004564]}},{"type":"Feature","properties":{"id":3442,"z":105.15,"code":"GRD"},"geometry":{"type":"Point","coordinates":[-1.7988664,53.2004727]}},{"type":"Feature","properties":{"id":3443,"z":104.74,"code":"GRD"},"geometry":{"type":"Point","coordinates":[-1.7987866,53.2004729]}},{"type":"Feature","properties":{"id":3444,"z":104.63,"code":"GRD"},"geometry":{"type":"Point","coordinates":[-1.7987373,53.2004668]}},{"type":"Feature","properties":{"id":3445,"z":104.45,"code":"GRD"},"geometry":{"type":"Point","coordinates":[-1.7986467,53.2004748]}},{"type":"Feature","properties":{"id":3446,"z":104.37,"code":"GRD"},"geometry":{"type":"Point","coordinates":[-1.7986013,53.2004637]}},{"type":"Feature","properties":{"id":3447,"z":104.39,"code":"GRD"},"geometry":{"type":"Point","coordinates":[-1.7985143,53.2004753]}},{"type":"Feature","properties":{"id":3448,"z":104.42,"code":"GRD"},"geometry":{"type":"Point","coordinates":[-1.7984496,53.2004738]}},{"type":"Feature","properties":{"id":3449,"z":104.69,"code":"GRD"},"geometry":{"type":"Point","coordinates":[-1.7983903,53.2004618]}},{"type":"Feature","properties":{"id":3450,"z":104.86,"code":"GRD"},"geometry":{"type":"Point","coordinates":[-1.7983268,53.200471]}},{"type":"Feature","properties":{"id":3451,"z":105.13,"code":"GRD"},"geometry":{"type":"Point","coordinates":[-1.7982734,53.2004551]}},{"type":"Feature","properties":{"id":3452,"z":105.32,"code":"GRD"},"geometry":{"type":"Point","coordinates":[-1.7982287,53.2004558]}},{"type":"Feature","properties":{"id":3453,"z":105.64,"code":"GRD"},"geometry":{"type":"Point","coordinates":[-1.7981346,53.2004716]}},{"type":"Feature","properties":{"id":3454,"z":105.7,"code":"GRD"},"geometry":{"type":"Point","coordinates":[-1.7980923,53.2004697]}},{"type":"Feature","properties":{"id":3455,"z":105.8,"code":"GRD"},"geometry":{"type":"Point","coordinates":[-1.7980286,53.2004542]}},{"type":"Feature","properties":{"id":3456,"z":105.9,"code":"GRD"},"geometry":{"type":"Point","coordinates":[-1.7979773,53.2004596]}},{"type":"Feature","properties":{"id":3457,"z":106.02,"code":"GRD"},"geometry":{"type":"Point","coordinates":[-1.7979144,53.2004569]}},{"type":"Feature","properties":{"id":3458,"z":106.02,"code":"GRD"},"geometry":{"type":"Point","coordinates":[-1.7978248,53.2004706]}},{"type":"Feature","properties":{"id":3459,"z":105.84,"code":"GRD"},"geometry":{"type":"Point","coordinates":[-1.7977904,53.2004632]}},{"type":"Feature","properties":{"id":3460,"z":111.1,"code":"GRD"},"geometry":{"type":"Point","coordinates":[-1.8022354,53.200509]}},{"type":"Feature","properties":{"id":3461,"z":111.04,"code":"GRD"},"geometry":{"type":"Point","coordinates":[-1.8021827,53.200489]}},{"type":"Feature","properties":{"id":3462,"z":110.82,"code":"GRD"},"geometry":{"type":"Point","coordinates":[-1.8021342,53.2005073]}},{"type":"Feature","properties":{"id":3463,"z":110.75,"code":"GRD"},"geometry":{"type":"Point","coordinates":[-1.8020575,53.200502]}},{"type":"Feature","properties":{"id":3464,"z":110.87,"code":"GRD"},"geometry":{"type":"Point","coordinates":[-1.802004,53.2004908]}},{"type":"Feature","properties":{"id":3465,"z":110.87,"code":"GRD"},"geometry":{"type":"Point","coordinates":[-1.8019373,53.200508]}},{"type":"Feature","properties":{"id":3466,"z":111.33,"code":"GRD"},"geometry":{"type":"Point","coordinates":[-1.8018578,53.2005061]}},{"type":"Feature","properties":{"id":3467,"z":111.34,"code":"GRD"},"geometry":{"type":"Point","coordinates":[-1.8018279,53.2005124]}},{"type":"Feature","properties":{"id":3468,"z":112.06,"code":"GRD"},"geometry":{"type":"Point","coordinates":[-1.8017476,53.2005082]}},{"type":"Feature","properties":{"id":3469,"z":112.77,"code":"GRD"},"geometry":{"type":"Point","coordinates":[-1.8016789,53.2004909]}},{"type":"Feature","properties":{"id":3470,"z":113.47,"code":"GRD"},"geometry":{"type":"Point","coordinates":[-1.8016099,53.2004972]}},{"type":"Feature","properties":{"id":3471,"z":114.26,"code":"GRD"},"geometry":{"type":"Point","coordinates":[-1.8015436,53.2005048]}},{"type":"Feature","properties":{"id":3472,"z":114.77,"code":"GRD"},"geometry":{"type":"Point","coordinates":[-1.8015021,53.2005073]}},{"type":"Feature","properties":{"id":3473,"z":115.73,"code":"GRD"},"geometry":{"type":"Point","coordinates":[-1.8014263,53.2005079]}},{"type":"Feature","properties":{"id":3474,"z":116.38,"code":"GRD"},"geometry":{"type":"Point","coordinates":[-1.8013628,53.2005135]}},{"type":"Feature","properties":{"id":3475,"z":117.04,"code":"GRD"},"geometry":{"type":"Point","coordinates":[-1.8013009,53.2005029]}},{"type":"Feature","properties":{"id":3476,"z":117.58,"code":"GRD"},"geometry":{"type":"Point","coordinates":[-1.8012507,53.2004964]}},{"type":"Feature","properties":{"id":3477,"z":118.17,"code":"GRD"},"geometry":{"type":"Point","coordinates":[-1.8011592,53.2005059]}},{"type":"Feature","properties":{"id":3478,"z":118.44,"code":"GRD"},"geometry":{"type":"Point","coordinates":[-1.8011155,53.2004986]}},{"type":"Feature","properties":{"id":3479,"z":118.62,"code":"GRD"},"geometry":{"type":"Point","coordinates":[-1.8010341,53.2005075]}},{"type":"Feature","properties":{"id":3480,"z":118.75,"code":"GRD"},"geometry":{"type":"Point","coordinates":[-1.8009946,53.2004957]}},{"type":"Feature","properties":{"id":3481,"z":118.59,"code":"GRD"},"geometry":{"type":"Point","coordinates":[-1.8009298,53.2004986]}},{"type":"Feature","properties":{"id":3482,"z":118.41,"code":"GRD"},"geometry":{"type":"Point","coordinates":[-1.8008826,53.2005011]}},{"type":"Feature","properties":{"id":3483,"z":117.75,"code":"GRD"},"geometry":{"type":"Point","coordinates":[-1.8007906,53.2005078]}},{"type":"Feature","properties":{"id":3484,"z":117.25,"code":"GRD"},"geometry":{"type":"Point","coordinates":[-1.8007311,53.2005037]}},{"type":"Feature","properties":{"id":3485,"z":116.66,"code":"GRD"},"geometry":{"type":"Point","coordinates":[-1.8006713,53.200513]}},{"type":"Feature","properties":{"id":3486,"z":116.0,"code":"GRD"},"geometry":{"type":"Point","coordinates":[-1.8006112,53.2004976]}},{"type":"Feature","properties":{"id":3487,"z":115.22,"code":"GRD"},"geometry":{"type":"Point","coordinates":[-1.8005555,53.200505]}},{"type":"Feature","properties":{"id":3488,"z":114.65,"code":"GRD"},"geometry":{"type":"Point","coordinates":[-1.8005005,53.2004934]}},{"type":"Feature","properties":{"id":3489,"z":113.48,"code":"GRD"},"geometry":{"type":"Point","coordinates":[-1.8004102,53.2004941]}},{"type":"Feature","properties":{"id":3490,"z":112.96,"code":"GRD"},"geometry":{"type":"Point","coordinates":[-1.8003611,53.2004946]}},{"type":"Feature","properties":{"id":3491,"z":112.22,"code":"GRD"},"geometry":{"type":"Point","coordinates":[-1.8003014,53.2004984]}},{"type":"Feature","properties":{"id":3492,"z":111.74,"code":"GRD"},"geometry":{"type":"Point","coordinates":[-1.8002461,53.200494]}},{"type":"Feature","properties":{"id":3493,"z":111.2,"code":"GRD"},"geometry":{"type":"Point","coordinates":[-1.8001876,53.2004984]}},{"type":"Feature","properties":{"id":3494,"z":110.57,"code":"GRD"},"geometry":{"type":"Point","coordinates":[-1.80011,53.2005135]}},{"type":"Feature","properties":{"id":3495,"z":110.22,"code":"GRD"},"geometry":{"type":"Point","coordinates":[-1.8000252,53.2005068]}},{"type":"Feature","properties":{"id":3496,"z":110.07,"code":"GRD"},"geometry":{"type":"Point","coordinates":[-1.7999837,53.2004987]}},{"type":"Feature","properties":{"id":3497,"z":109.88,"code":"GRD"},"geometry":{"type":"Point","coordinates":[-1.7999202,53.2005048]}},{"type":"Feature","properties":{"id":3498,"z":109.78,"code":"GRD"},"geometry":{"type":"Point","coordinates":[-1.7998726,53.2005007]}},{"type":"Feature","properties":{"id":3499,"z":109.68,"code":"GRD"},"geometry":{"type":"Point","coordinates":[-1.7997996,53.2005054]}},{"type":"Feature","properties":{"id":3500,"z":109.51,"code":"GRD"},"geometry":{"type":"Point","coordinates":[-1.7997182,53.2004989]}},{"type":"Feature","properties":{"id":3501,"z":109.48,"code":"GRD"},"geometry":{"type":"Point","coordinates":[-1.7996792,53.2005043]}},{"type":"Feature","properties":{"id":3502,"z":109.39,"code":"GRD"},"geometry":{"type":"Point","coordinates":[-1.7995912,53.2004922]}},{"type":"Feature","properties":{"id":3503,"z":109.2,"code":"GRD"},"geometry":{"type":"Point","coordinates":[-1.7995468,53.2005022]}},{"type":"Feature","properties":{"id":3504,"z":108.92,"code":"GRD"},"geometry":{"type":"Point","coordinates":[-1.7994709,53.200497]}},{"type":"Feature","properties":{"id":3505,"z":108.79,"code":"GRD"},"geometry":{"type":"Point","coordinates":[-1.7994158,53.2004997]}},{"type":"Feature","properties":{"id":3506,"z":108.37,"code":"GRD"},"geometry":{"type":"Point","coordinates":[-1.7993495,53.2004916]}},{"type":"Feature","properties":{"id":3507,"z":108.16,"code":"GRD"},"geometry":{"type":"Point","coordinates":[-1.7993031,53.2005019]}},{"type":"Feature","properties":{"id":3508,"z":107.53,"code":"GRD"},"geometry":{"type":"Point","coordinates":[-1.7992177,53.2005019]}},{"type":"Feature","properties":{"id":3509,"z":107.22,"code":"GRD"},"geometry":{"type":"Point","coordinates":[-1.7991665,53.2005134]}},{"type":"Feature","properties":{"id":3510,"z":106.76,"code":"GRD"},"geometry":{"type":"Point","coordinates":[-1.7991122,53.2004889]}},{"type":"Feature","properties":{"id":3511,"z":106.25,"code":"GRD"},"geometry":{"type":"Point","coordinates":[-1.7990422,53.2004987]}},{"type":"Feature","properties":{"id":3512,"z":105.85,"code":"GRD"},"geometry":{"type":"Point","coordinates":[-1.7989809,53.2004948]}},{"type":"Feature","properties":{"id":3513,"z":105.32,"code":"GRD"},"geometry":{"type":"Point","coordinates":[-1.7989205,53.2005029]}},{"type":"Feature","properties":{"id":3514,"z":104.99,"code":"GRD"},"geometry":{"type":"Point","coordinates":[-1.79885,53.200492]}},{"type":"Feature","properties":{"id":3515,"z":104.46,"code":"GRD"},"geometry":{"type":"Point","coordinates":[-1.7987647,53.2005116]}},{"type":"Feature","properties":{"id":3516,"z":104.44,"code":"GRD"},"geometry":{"type":"Point","coordinates":[-1.7987054,53.2004953]}},{"type":"Feature","properties":{"id":3517,"z":104.31,"code":"GRD"},"geometry":{"type":"Point","coordinates":[-1.7986758,53.200506]}},{"type":"Feature","properties":{"id":3518,"z":104.19,"code":"GRD"},"geometry":{"type":"Point","coordinates":[-1.79861,53.2005064]}},{"type":"Feature","properties":{"id":3519,"z":104.24,"code":"GRD"},"geometry":{"type":"Point","coordinates":[-1.7985179,53.2005016]}},{"type":"Feature","properties":{"id":3520,"z":104.28,"code":"GRD"},"geometry":{"type":"Point","coordinates":[-1.7984725,53.2005131]}},{"type":"Feature","properties":{"id":3521,"z":104.5,"code":"GRD"},"geometry":{"type":"Point","coordinates":[-1.7983987,53.2004984]}},{"type":"Feature","properties":{"id":3522,"z":104.73,"code":"GRD"},"geometry":{"type":"Point","coordinates":[-1.7983459,53.2004966]}},{"type":"Feature","properties":{"id":3523,"z":104.99,"code":"GRD"},"geometry":{"type":"Point","coordinates":[-1.798291,53.2004934]}},{"type":"Feature","properties":{"id":3524,"z":105.26,"code":"GRD"},"geometry":{"type":"Point","coordinates":[-1.7982027,53.2004982]}},{"type":"Feature","properties":{"id":3525,"z":105.52,"code":"GRD"},"geometry":{"type":"Point","coordinates":[-1.798148,53.2004926]}},{"type":"Feature","properties":{"id":3526,"z":105.85,"code":"GRD"},"geometry":{"type":"Point","coordinates":[-1.7980735,53.2005121]}},{"type":"Feature","properties":{"id":3527,"z":105.95,"code":"GRD"},"geometry":{"type":"Point","coordinates":[-1.7980156,53.2005048]}},{"type":"Feature","properties":{"id":3528,"z":106.01,"code":"GRD"},"geometry":{"type":"Point","coordinates":[-1.7979862,53.2004982]}},{"type":"Feature","properties":{"id":3529,"z":106.08,"code":"GRD"},"geometry":{"type":"Point","coordinates":[-1.7978847,53.2005086]}},{"type":"Feature","properties":{"id":3530,"z":106.03,"code":"GRD"},"geometry":{"type":"Point","coordinates":[-1.7978264,53.2005133]}},{"type":"Feature","properties":{"id":3531,"z":106.09,"code":"GRD"},"geometry":{"type":"Point","coordinates":[-1.7977984,53.2005088]}},{"type":"Feature","properties":{"id":3532,"z":110.87,"code":"GRD"},"geometry":{"type":"Point","coordinates":[-1.8021889,53.2005282]}},{"type":"Feature","properties":{"id":3533,"z":110.72,"code":"GRD"},"geometry":{"type":"Point","coordinates":[-1.8021351,53.2005326]}},{"type":"Feature","properties":{"id":3534,"z":110.68,"code":"GRD"},"geometry":{"type":"Point","coordinates":[-1.8020491,53.2005397]}},{"type":"Feature","properties":{"id":3535,"z":110.73,"code":"GRD"},"geometry":{"type":"Point","coordinates":[-1.8019789,53.2005334]}},{"type":"Feature","properties":{"id":3536,"z":110.84,"code":"GRD"},"geometry":{"type":"Point","coordinates":[-1.8019434,53.2005378]}},{"type":"Feature","properties":{"id":3537,"z":110.97,"code":"GRD"},"geometry":{"type":"Point","coordinates":[-1.8018764,53.2005432]}},{"type":"Feature","properties":{"id":3538,"z":111.32,"code":"GRD"},"geometry":{"type":"Point","coordinates":[-1.8018284,53.200528]}},{"type":"Feature","properties":{"id":3539,"z":111.89,"code":"GRD"},"geometry":{"type":"Point","coordinates":[-1.8017607,53.2005275]}},{"type":"Feature","properties":{"id":3540,"z":112.73,"code":"GRD"},"geometry":{"type":"Point","coordinates":[-1.8016677,53.2005311]}},{"type":"Feature","properties":{"id":3541,"z":113.03,"code":"GRD"},"geometry":{"type":"Point","coordinates":[-1.8016373,53.2005336]}},{"type":"Feature","properties":{"id":3542,"z":113.96,"code":"GRD"},"geometry":{"type":"Point","coordinates":[-1.8015533,53.2005429]}},{"type":"Feature","properties":{"id":3543,"z":114.68,"code":"GRD"},"geometry":{"type":"Point","coordinates":[-1.8015007,53.200541]}},{"type":"Feature","properties":{"id":3544,"z":115.4,"code":"GRD"},"geometry":{"type":"Point","coordinates":[-1.8014471,53.2005421]}},{"type":"Feature","properties":{"id":3545,"z":116.13,"code":"GRD"},"geometry":{"type":"Point","coordinates":[-1.8013799,53.2005404]}},{"type":"Feature","properties":{"id":3546,"z":116.84,"code":"GRD"},"geometry":{"type":"Point","coordinates":[-1.8013178,53.2005376]}},{"type":"Feature","properties":{"id":3547,"z":117.72,"code":"GRD"},"geometry":{"type":"Point","coordinates":[-1.80123,53.2005477]}},{"type":"Feature","properties":{"id":3548,"z":118.17,"code":"GRD"},"geometry":{"type":"Point","coordinates":[-1.8011588,53.2005379]}},{"type":"Feature","properties":{"id":3549,"z":118.38,"code":"GRD"},"geometry":{"type":"Point","coordinates":[-1.8011246,53.2005392]}},{"type":"Feature","properties":{"id":3550,"z":118.67,"code":"GRD"},"geometry":{"type":"Point","coordinates":[-1.8010329,53.2005278]}},{"type":"Feature","properties":{"id":3551,"z":118.63,"code":"GRD"},"geometry":{"type":"Point","coordinates":[-1.8009857,53.2005331]}},{"type":"Feature","properties":{"id":3552,"z":118.47,"code":"GRD"},"geometry":{"type":"Point","coordinates":[-1.8009176,53.2005389]}},{"type":"Feature","properties":{"id":3553,"z":118.4,"code":"GRD"},"geometry":{"type":"Point","coordinates":[-1.8008846,53.2005289]}},{"type":"Feature","properties":{"id":3554,"z":117.62,"code":"GRD"},"geometry":{"type":"Point","coordinates":[-1.8007837,53.2005285]}},{"type":"Feature","properties":{"id":3555,"z":117.4,"code":"GRD"},"geometry":{"type":"Point","coordinates":[-1.8007573,53.2005498]}},{"type":"Feature","properties":{"id":3556,"z":116.59,"code":"GRD"},"geometry":{"type":"Point","coordinates":[-1.8006871,53.2005506]}},{"type":"Feature","properties":{"id":3557,"z":115.81,"code":"GRD"},"geometry":{"type":"Point","coordinates":[-1.8006075,53.2005286]}},{"type":"Feature","properties":{"id":3558,"z":115.0,"code":"GRD"},"geometry":{"type":"Point","coordinates":[-1.8005486,53.2005453]}},{"type":"Feature","properties":{"id":3559,"z":114.1,"code":"GRD"},"geometry":{"type":"Point","coordinates":[-1.8004783,53.2005296]}},{"type":"Feature","properties":{"id":3560,"z":113.53,"code":"GRD"},"geometry":{"type":"Point","coordinates":[-1.8004267,53.2005392]}},{"type":"Feature","properties":{"id":3561,"z":112.88,"code":"GRD"},"geometry":{"type":"Point","coordinates":[-1.8003766,53.2005406]}},{"type":"Feature","properties":{"id":3562,"z":112.2,"code":"GRD"},"geometry":{"type":"Point","coordinates":[-1.8003067,53.2005305]}},{"type":"Feature","properties":{"id":3563,"z":111.28,"code":"GRD"},"geometry":{"type":"Point","coordinates":[-1.8002242,53.2005417]}},{"type":"Feature","properties":{"id":3564,"z":110.85,"code":"GRD"},"geometry":{"type":"Point","coordinates":[-1.8001683,53.2005484]}},{"type":"Feature","properties":{"id":3565,"z":110.54,"code":"GRD"},"geometry":{"type":"Point","coordinates":[-1.8001198,53.2005414]}},{"type":"Feature","properties":{"id":3566,"z":110.13,"code":"GRD"},"geometry":{"type":"Point","coordinates":[-1.8000494,53.2005496]}},{"type":"Feature","properties":{"id":3567,"z":109.88,"code":"GRD"},"geometry":{"type":"Point","coordinates":[-1.7999645,53.2005445]}},{"type":"Feature","properties":{"id":3568,"z":109.77,"code":"GRD"},"geometry":{"type":"Point","coordinates":[-1.799922,53.2005358]}},{"type":"Feature","properties":{"id":3569,"z":109.63,"code":"GRD"},"geometry":{"type":"Point","coordinates":[-1.7998467,53.2005321]}},{"type":"Feature","properties":{"id":3570,"z":109.65,"code":"GRD"},"geometry":{"type":"Point","coordinates":[-1.7997802,53.2005283]}},{"type":"Feature","properties":{"id":3571,"z":109.51,"code":"GRD"},"geometry":{"type":"Point","coordinates":[-1.79975,53.2005304]}},{"type":"Feature","properties":{"id":3572,"z":109.42,"code":"GRD"},"geometry":{"type":"Point","coordinates":[-1.7996497,53.200547]}},{"type":"Feature","properties":{"id":3573,"z":109.43,"code":"GRD"},"geometry":{"type":"Point","coordinates":[-1.7996007,53.2005326]}},{"type":"Feature","properties":{"id":3574,"z":109.27,"code":"GRD"},"geometry":{"type":"Point","coordinates":[-1.7995332,53.2005368]}},{"type":"Feature","properties":{"id":3575,"z":109.08,"code":"GRD"},"geometry":{"type":"Point","coordinates":[-1.799469,53.2005325]}},{"type":"Feature","properties":{"id":3576,"z":108.8,"code":"GRD"},"geometry":{"type":"Point","coordinates":[-1.7994182,53.2005436]}},{"type":"Feature","properties":{"id":3577,"z":108.51,"code":"GRD"},"geometry":{"type":"Point","coordinates":[-1.7993511,53.2005503]}},{"type":"Feature","properties":{"id":3578,"z":108.1,"code":"GRD"},"geometry":{"type":"Point","coordinates":[-1.7993062,53.2005327]}},{"type":"Feature","properties":{"id":3579,"z":107.53,"code":"GRD"},"geometry":{"type":"Point","coordinates":[-1.7992055,53.2005266]}},{"type":"Feature","properties":{"id":3580,"z":107.16,"code":"GRD"},"geometry":{"type":"Point","coordinates":[-1.7991573,53.2005299]}},{"type":"Feature","properties":{"id":3581,"z":106.71,"code":"GRD"},"geometry":{"type":"Point","coordinates":[-1.7991002,53.2005514]}},{"type":"Feature","properties":{"id":3582,"z":106.09,"code":"GRD"},"geometry":{"type":"Point","coordinates":[-1.7990177,53.2005356]}},{"type":"Feature","properties":{"id":3583,"z":105.78,"code":"GRD"},"geometry":{"type":"Point","coordinates":[-1.7989921,53.2005491]}},{"type":"Feature","properties":{"id":3584,"z":105.34,"code":"GRD"},"geometry":{"type":"Point","coordinates":[-1.7989208,53.200551]}},{"type":"Feature","properties":{"id":3585,"z":104.89,"code":"GRD"},"geometry":{"type":"Point","coordinates":[-1.7988478,53.2005394]}},{"type":"Feature","properties":{"id":3586,"z":104.57,"code":"GRD"},"geometry":{"type":"Point","coordinates":[-1.7987986,53.2005387]}},{"type":"Feature","properties":{"id":3587,"z":104.14,"code":"GRD"},"geometry":{"type":"Point","coordinates":[-1.7987022,53.2005399]}},{"type":"Feature","properties":{"id":3588,"z":104.1,"code":"GRD"},"geometry":{"type":"Point","coordinates":[-1.7986424,53.2005298]}},{"type":"Feature","properties":{"id":3589,"z":104.0,"code":"GRD"},"geometry":{"type":"Point","coordinates":[-1.7985803,53.2005349]}},{"type":"Feature","properties":{"id":3590,"z":104.05,"code":"GRD"},"geometry":{"type":"Point","coordinates":[-1.7985349,53.2005469]}},{"type":"Feature","properties":{"id":3591,"z":104.26,"code":"GRD"},"geometry":{"type":"Point","coordinates":[-1.7984558,53.2005427]}},{"type":"Feature","properties":{"id":3592,"z":104.42,"code":"GRD"},"geometry":{"type":"Point","coordinates":[-1.7984078,53.2005268]}},{"type":"Feature","properties":{"id":3593,"z":104.55,"code":"GRD"},"geometry":{"type":"Point","coordinates":[-1.7983554,53.2005361]}},{"type":"Feature","properties":{"id":3594,"z":104.87,"code":"GRD"},"geometry":{"type":"Point","coordinates":[-1.7982967,53.2005476]}},{"type":"Feature","properties":{"id":3595,"z":105.17,"code":"GRD"},"geometry":{"type":"Point","coordinates":[-1.7982111,53.2005305]}},{"type":"Feature","properties":{"id":3596,"z":105.53,"code":"GRD"},"geometry":{"type":"Point","coordinates":[-1.7981587,53.2005515]}},{"type":"Feature","properties":{"id":3597,"z":105.72,"code":"GRD"},"geometry":{"type":"Point","coordinates":[-1.7981072,53.2005307]}},{"type":"Feature","properties":{"id":3598,"z":106.03,"code":"GRD"},"geometry":{"type":"Point","coordinates":[-1.7980389,53.200542]}},{"type":"Feature","properties":{"id":3599,"z":106.14,"code":"GRD"},"geometry":{"type":"Point","coordinates":[-1.7979694,53.2005308]}},{"type":"Feature","properties":{"id":3600,"z":106.14,"code":"GRD"},"geometry":{"type":"Point","coordinates":[-1.7979203,53.2005396]}},{"type":"Feature","properties":{"id":3601,"z":106.19,"code":"GRD"},"geometry":{"type":"Point","coordinates":[-1.797857,53.2005353]}},{"type":"Feature","properties":{"id":3602,"z":105.92,"code":"GRD"},"geometry":{"type":"Point","coordinates":[-1.7977773,53.2005285]}},{"type":"Feature","properties":{"id":3603,"z":111.04,"code":"GRD"},"geometry":{"type":"Point","coordinates":[-1.8022457,53.2005674]}},{"type":"Feature","properties":{"id":3604,"z":110.82,"code":"GRD"},"geometry":{"type":"Point","coordinates":[-1.8021809,53.2005662]}},{"type":"Feature","properties":{"id":3605,"z":110.66,"code":"GRD"},"geometry":{"type":"Point","coordinates":[-1.8021222,53.2005686]}},{"type":"Feature","properties":{"id":3606,"z":110.59,"code":"GRD"},"geometry":{"type":"Point","coordinates":[-1.8020698,53.2005672]}},{"type":"Feature","properties":{"id":3607,"z":110.52,"code":"GRD"},"geometry":{"type":"Point","coordinates":[-1.8019902,53.2005844]}},{"type":"Feature","properties":{"id":3608,"z":110.62,"code":"GRD"},"geometry":{"type":"Point","coordinates":[-1.8019366,53.2005788]}},{"type":"Feature","properties":{"id":3609,"z":111.05,"code":"GRD"},"geometry":{"type":"Point","coordinates":[-1.8018637,53.2005661]}},{"type":"Feature","properties":{"id":3610,"z":111.34,"code":"GRD"},"geometry":{"type":"Point","coordinates":[-1.8018,53.2005677]}},{"type":"Feature","properties":{"id":3611,"z":111.74,"code":"GRD"},"geometry":{"type":"Point","coordinates":[-1.8017462,53.2005806]}},{"type":"Feature","properties":{"id":3612,"z":112.52,"code":"GRD"},"geometry":{"type":"Point","coordinates":[-1.8016728,53.2005723]}},{"type":"Feature","properties":{"id":3613,"z":113.25,"code":"GRD"},"geometry":{"type":"Point","coordinates":[-1.8016022,53.200578]}},{"type":"Feature","properties":{"id":3614,"z":113.76,"code":"GRD"},"geometry":{"type":"Point","coordinates":[-1.8015516,53.2005834]}},{"type":"Feature","properties":{"id":3615,"z":114.72,"code":"GRD"},"geometry":{"type":"Point","coordinates":[-1.8014745,53.2005827]}},{"type":"Feature","properties":{"id":3616,"z":115.57,"code":"GRD"},"geometry":{"type":"Point","coordinates":[-1.8014177,53.2005677]}},{"type":"Feature","properties":{"id":3617,"z":116.2,"code":"GRD"},"geometry":{"type":"Point","coordinates":[-1.8013643,53.2005858]}},{"type":"Feature","properties":{"id":3618,"z":117.01,"code":"GRD"},"geometry":{"type":"Point","coordinates":[-1.8012932,53.2005725]}},{"type":"Feature","properties":{"id":3619,"z":117.36,"code":"GRD"},"geometry":{"type":"Point","coordinates":[-1.801258,53.2005766]}},{"type":"Feature","properties":{"id":3620,"z":117.86,"code":"GRD"},"geometry":{"type":"Point","coordinates":[-1.8011881,53.2005742]}},{"type":"Feature","properties":{"id":3621,"z":118.32,"code":"GRD"},"geometry":{"type":"Point","coordinates":[-1.8011108,53.2005657]}},{"type":"Feature","properties":{"id":3622,"z":118.54,"code":"GRD"},"geometry":{"type":"Point","coordinates":[-1.8010362,53.2005819]}},{"type":"Feature","properties":{"id":3623,"z":118.44,"code":"GRD"},"geometry":{"type":"Point","coordinates":[-1.8009836,53.2005865]}},{"type":"Feature","properties":{"id":3624,"z":118.33,"code":"GRD"},"geometry":{"type":"Point","coordinates":[-1.8009164,53.2005801]}},{"type":"Feature","properties":{"id":3625,"z":117.98,"code":"GRD"},"geometry":{"type":"Point","coordinates":[-1.8008547,53.2005854]}},{"type":"Feature","properties":{"id":3626,"z":117.63,"code":"GRD"},"geometry":{"type":"Point","coordinates":[-1.8008056,53.2005694]}},{"type":"Feature","properties":{"id":3627,"z":117.02,"code":"GRD"},"geometry":{"type":"Point","coordinates":[-1.8007271,53.2005674]}},{"type":"Feature","properties":{"id":3628,"z":116.55,"code":"GRD"},"geometry":{"type":"Point","coordinates":[-1.8006874,53.2005694]}},{"type":"Feature","properties":{"id":3629,"z":115.4,"code":"GRD"},"geometry":{"type":"Point","coordinates":[-1.8005955,53.2005745]}},{"type":"Feature","properties":{"id":3630,"z":115.05,"code":"GRD"},"geometry":{"type":"Point","coordinates":[-1.8005618,53.2005746]}},{"type":"Feature","properties":{"id":3631,"z":114.34,"code":"GRD"},"geometry":{"type":"Point","coordinates":[-1.8005059,53.2005746]}},{"type":"Feature","properties":{"id":3632,"z":113.37,"code":"GRD"},"geometry":{"type":"Point","coordinates":[-1.800428,53.2005651]}},{"type":"Feature","properties":{"id":3633,"z":112.43,"code":"GRD"},"geometry":{"type":"Point","coordinates":[-1.8003448,53.2005747]}},{"type":"Feature","properties":{"id":3634,"z":111.63,"code":"GRD"},"geometry":{"type":"Point","coordinates":[-1.8002813,53.200587]}},{"type":"Feature","properties":{"id":3635,"z":111.13,"code":"GRD"},"geometry":{"type":"Point","coordinates":[-1.8002311,53.200577]}},{"type":"Feature","properties":{"id":3636,"z":110.65,"code":"GRD"},"geometry":{"type":"Point","coordinates":[-1.8001619,53.2005793]}},{"type":"Feature","properties":{"id":3637,"z":110.18,"code":"GRD"},"geometry":{"type":"Point","coordinates":[-1.8000912,53.2005831]}},{"type":"Feature","properties":{"id":3638,"z":109.97,"code":"GRD"},"geometry":{"type":"Point","coordinates":[-1.8000474,53.2005855]}},{"type":"Feature","properties":{"id":3639,"z":109.78,"code":"GRD"},"geometry":{"type":"Point","coordinates":[-1.7999788,53.2005885]}},{"type":"Feature","properties":{"id":3640,"z":109.59,"code":"GRD"},"geometry":{"type":"Point","coordinates":[-1.7999298,53.2005855]}},{"type":"Feature","properties":{"id":3641,"z":109.48,"code":"GRD"},"geometry":{"type":"Point","coordinates":[-1.7998644,53.2005808]}},{"type":"Feature","properties":{"id":3642,"z":109.46,"code":"GRD"},"geometry":{"type":"Point","coordinates":[-1.7997767,53.2005864]}},{"type":"Feature","properties":{"id":3643,"z":109.4,"code":"GRD"},"geometry":{"type":"Point","coordinates":[-1.7997244,53.200578]}},{"type":"Feature","properties":{"id":3644,"z":109.54,"code":"GRD"},"geometry":{"type":"Point","coordinates":[-1.79968,53.2005772]}},{"type":"Feature","properties":{"id":3645,"z":109.37,"code":"GRD"},"geometry":{"type":"Point","coordinates":[-1.7996233,53.2005718]}},{"type":"Feature","properties":{"id":3646,"z":109.28,"code":"GRD"},"geometry":{"type":"Point","coordinates":[-1.7995521,53.2005853]}},{"type":"Feature","properties":{"id":3647,"z":109.16,"code":"GRD"},"geometry":{"type":"Point","coordinates":[-1.7994909,53.2005727]}},{"type":"Feature","properties":{"id":3648,"z":108.69,"code":"GRD"},"geometry":{"type":"Point","coordinates":[-1.7993953,53.2005673]}},{"type":"Feature","properties":{"id":3649,"z":108.42,"code":"GRD"},"geometry":{"type":"Point","coordinates":[-1.7993414,53.2005658]}},{"type":"Feature","properties":{"id":3650,"z":108.1,"code":"GRD"},"geometry":{"type":"Point","coordinates":[-1.7992817,53.2005706]}},{"type":"Feature","properties":{"id":3651,"z":107.61,"code":"GRD"},"geometry":{"type":"Point","coordinates":[-1.7992191,53.2005649]}},{"type":"Feature","properties":{"id":3652,"z":107.08,"code":"GRD"},"geometry":{"type":"Point","coordinates":[-1.7991448,53.2005801]}},{"type":"Feature","properties":{"id":3653,"z":106.78,"code":"GRD"},"geometry":{"type":"Point","coordinates":[-1.7991187,53.2005828]}},{"type":"Feature","properties":{"id":3654,"z":106.24,"code":"GRD"},"geometry":{"type":"Point","coordinates":[-1.7990422,53.2005692]}},{"type":"Feature","properties":{"id":3655,"z":105.66,"code":"GRD"},"geometry":{"type":"Point","coordinates":[-1.7989806,53.2005659]}},{"type":"Feature","properties":{"id":3656,"z":105.14,"code":"GRD"},"geometry":{"type":"Point","coordinates":[-1.798905,53.2005656]}},{"type":"Feature","properties":{"id":3657,"z":104.84,"code":"GRD"},"geometry":{"type":"Point","coordinates":[-1.7988621,53.2005829]}},{"type":"Feature","properties":{"id":3658,"z":104.42,"code":"GRD"},"geometry":{"type":"Point","coordinates":[-1.7987951,53.2005889]}},{"type":"Feature","properties":{"id":3659,"z":104.19,"code":"GRD"},"geometry":{"type":"Point","coordinates":[-1.7987124,53.2005803]}},{"type":"Feature","properties":{"id":3660,"z":104.05,"code":"GRD"},"geometry":{"type":"Point","coordinates":[-1.7986549,53.2005677]}},{"type":"Feature","properties":{"id":3661,"z":103.87,"code":"GRD"},"geometry":{"type":"Point","coordinates":[-1.798595,53.2005688]}},{"type":"Feature","properties":{"id":3662,"z":104.0,"code":"GRD"},"geometry":{"type":"Point","coordinates":[-1.7985507,53.2005706]}},{"type":"Feature","properties":{"id":3663,"z":104.07,"code":"GRD"},"geometry":{"type":"Point","coordinates":[-1.7984796,53.2005774]}},{"type":"Feature","properties":{"id":3664,"z":104.23,"code":"GRD"},"geometry":{"type":"Point","coordinates":[-1.7984269,53.200584]}},{"type":"Feature","properties":{"id":3665,"z":104.44,"code":"GRD"},"geometry":{"type":"Point","coordinates":[-1.7983642,53.2005868]}},{"type":"Feature","properties":{"id":3666,"z":104.95,"code":"GRD"},"geometry":{"type":"Point","coordinates":[-1.7982684,53.2005834]}},{"type":"Feature","properties":{"id":3667,"z":105.32,"code":"GRD"},"geometry":{"type":"Point","coordinates":[-1.7982125,53.2005649]}},{"type":"Feature","properties":{"id":3668,"z":105.61,"code":"GRD"},"geometry":{"type":"Point","coordinates":[-1.7981352,53.2005817]}},{"type":"Feature","properties":{"id":3669,"z":105.86,"code":"GRD"},"geometry":{"type":"Point","coordinates":[-1.7980884,53.2005801]}},{"type":"Feature","properties":{"id":3670,"z":105.93,"code":"GRD"},"geometry":{"type":"Point","coordinates":[-1.7980493,53.2005695]}},{"type":"Feature","properties":{"id":3671,"z":106.1,"code":"GRD"},"geometry":{"type":"Point","coordinates":[-1.7979794,53.2005659]}},{"type":"Feature","properties":{"id":3672,"z":106.2,"code":"GRD"},"geometry":{"type":"Point","coordinates":[-1.7979,53.2005676]}},{"type":"Feature","properties":{"id":3673,"z":106.09,"code":"GRD"},"geometry":{"type":"Point","coordinates":[-1.7978287,53.2005871]}},{"type":"Feature","properties":{"id":3674,"z":105.92,"code":"GRD"},"geometry":{"type":"Point","coordinates":[-1.7977577,53.200569]}},{"type":"Feature","properties":{"id":3675,"z":110.8,"code":"GRD"},"geometry":{"type":"Point","coordinates":[-1.8021933,53.2006176]}},{"type":"Feature","properties":{"id":3676,"z":110.56,"code":"GRD"},"geometry":{"type":"Point","coordinates":[-1.8021337,53.2006201]}},{"type":"Feature","properties":{"id":3677,"z":110.47,"code":"GRD"},"geometry":{"type":"Point","coordinates":[-1.8020511,53.2006227]}},{"type":"Feature","properties":{"id":3678,"z":110.47,"code":"GRD"},"geometry":{"type":"Point","coordinates":[-1.8020126,53.2006062]}},{"type":"Feature","properties":{"id":3679,"z":110.63,"code":"GRD"},"geometry":{"type":"Point","coordinates":[-1.8019272,53.2006199]}},{"type":"Feature","properties":{"id":3680,"z":110.87,"code":"GRD"},"geometry":{"type":"Point","coordinates":[-1.8018586,53.2006077]}},{"type":"Feature","properties":{"id":3681,"z":111.1,"code":"GRD"},"geometry":{"type":"Point","coordinates":[-1.8018148,53.200617]}},{"type":"Feature","properties":{"id":3682,"z":111.53,"code":"GRD"},"geometry":{"type":"Point","coordinates":[-1.8017556,53.2006219]}},{"type":"Feature","properties":{"id":3683,"z":112.36,"code":"GRD"},"geometry":{"type":"Point","coordinates":[-1.8016749,53.2006074]}},{"type":"Feature","properties":{"id":3684,"z":112.99,"code":"GRD"},"geometry":{"type":"Point","coordinates":[-1.8016127,53.2006119]}},{"type":"Feature","properties":{"id":3685,"z":113.67,"code":"GRD"},"geometry":{"type":"Point","coordinates":[-1.8015502,53.2006226]}},{"type":"Feature","properties":{"id":3686,"z":114.42,"code":"GRD"},"geometry":{"type":"Point","coordinates":[-1.8014861,53.2006236]}},{"type":"Feature","properties":{"id":3687,"z":115.29,"code":"GRD"},"geometry":{"type":"Point","coordinates":[-1.8014164,53.2006168]}},{"type":"Feature","properties":{"id":3688,"z":116.01,"code":"GRD"},"geometry":{"type":"Point","coordinates":[-1.8013663,53.2006059]}},{"type":"Feature","properties":{"id":3689,"z":116.5,"code":"GRD"},"geometry":{"type":"Point","coordinates":[-1.801321,53.2006117]}},{"type":"Feature","properties":{"id":3690,"z":117.18,"code":"GRD"},"geometry":{"type":"Point","coordinates":[-1.8012504,53.200616]}},{"type":"Feature","properties":{"id":3691,"z":117.75,"code":"GRD"},"geometry":{"type":"Point","coordinates":[-1.8011621,53.2006228]}},{"type":"Feature","properties":{"id":3692,"z":118.01,"code":"GRD"},"geometry":{"type":"Point","coordinates":[-1.8011287,53.2006167]}},{"type":"Feature","properties":{"id":3693,"z":118.31,"code":"GRD"},"geometry":{"type":"Point","coordinates":[-1.8010645,53.200607]}},{"type":"Feature","properties":{"id":3694,"z":118.41,"code":"GRD"},"geometry":{"type":"Point","coordinates":[-1.8010104,53.2006025]}},{"type":"Feature","properties":{"id":3695,"z":118.09,"code":"GRD"},"geometry":{"type":"Point","coordinates":[-1.8009115,53.2006037]}},{"type":"Feature","properties":{"id":3696,"z":117.87,"code":"GRD"},"geometry":{"type":"Point","coordinates":[-1.8008838,53.2006234]}},{"type":"Feature","properties":{"id":3697,"z":117.35,"code":"GRD"},"geometry":{"type":"Point","coordinates":[-1.8007924,53.2006152]}},{"type":"Feature","properties":{"id":3698,"z":117.0,"code":"GRD"},"geometry":{"type":"Point","coordinates":[-1.800745,53.2006056]}},{"type":"Feature","properties":{"id":3699,"z":116.07,"code":"GRD"},"geometry":{"type":"Point","coordinates":[-1.8006578,53.2006028]}},{"type":"Feature","properties":{"id":3700,"z":115.53,"code":"GRD"},"geometry":{"type":"Point","coordinates":[-1.8006235,53.2006151]}},{"type":"Feature","properties":{"id":3701,"z":114.69,"code":"GRD"},"geometry":{"type":"Point","coordinates":[-1.8005488,53.2006085]}},{"type":"Feature","properties":{"id":3702,"z":114.03,"code":"GRD"},"geometry":{"type":"Point","coordinates":[-1.800502,53.2006124]}},{"type":"Feature","properties":{"id":3703,"z":112.94,"code":"GRD"},"geometry":{"type":"Point","coordinates":[-1.8004213,53.2006223]}},{"type":"Feature","properties":{"id":3704,"z":112.33,"code":"GRD"},"geometry":{"type":"Point","coordinates":[-1.800357,53.2006106]}},{"type":"Feature","properties":{"id":3705,"z":111.41,"code":"GRD"},"geometry":{"type":"Point","coordinates":[-1.8002761,53.2006094]}},{"type":"Feature","properties":{"id":3706,"z":111.07,"code":"GRD"},"geometry":{"type":"Point","coordinates":[-1.8002346,53.2006132]}},{"type":"Feature","properties":{"id":3707,"z":110.48,"code":"GRD"},"geometry":{"type":"Point","coordinates":[-1.8001688,53.2006148]}},{"type":"Feature","properties":{"id":3708,"z":110.1,"code":"GRD"},"geometry":{"type":"Point","coordinates":[-1.8000916,53.2006108]}},{"type":"Feature","properties":{"id":3709,"z":109.96,"code":"GRD"},"geometry":{"type":"Point","coordinates":[-1.8000557,53.2006043]}},{"type":"Feature","properties":{"id":3710,"z":109.62,"code":"GRD"},"geometry":{"type":"Point","coordinates":[-1.799962,53.2006158]}},{"type":"Feature","properties":{"id":3711,"z":109.51,"code":"GRD"},"geometry":{"type":"Point","coordinates":[-1.7999181,53.2006075]}},{"type":"Feature","properties":{"id":3712,"z":109.4,"code":"GRD"},"geometry":{"type":"Point","coordinates":[-1.7998396,53.2006124]}},{"type":"Feature","properties":{"id":3713,"z":109.41,"code":"GRD"},"geometry":{"type":"Point","coordinates":[-1.7997776,53.200627]}},{"type":"Feature","properties":{"id":3714,"z":109.42,"code":"GRD"},"geometry":{"type":"Point","coordinates":[-1.7997309,53.2006125]}},{"type":"Feature","properties":{"id":3715,"z":109.33,"code":"GRD"},"geometry":{"type":"Point","coordinates":[-1.7996796,53.2006139]}},{"type":"Feature","properties":{"id":3716,"z":109.32,"code":"GRD"},"geometry":{"type":"Point","coordinates":[-1.7996122,53.2006083]}},{"type":"Feature","properties":{"id":3717,"z":109.14,"code":"GRD"},"geometry":{"type":"Point","coordinates":[-1.7995359,53.2006095]}},{"type":"Feature","properties":{"id":3718,"z":109.04,"code":"GRD"},"geometry":{"type":"Point","coordinates":[-1.7994943,53.2006215]}},{"type":"Feature","properties":{"id":3719,"z":108.69,"code":"GRD"},"geometry":{"type":"Point","coordinates":[-1.7994105,53.2006063]}},{"type":"Feature","properties":{"id":3720,"z":108.43,"code":"GRD"},"geometry":{"type":"Point","coordinates":[-1.7993521,53.2006228]}},{"type":"Feature","properties":{"id":3721,"z":107.98,"code":"GRD"},"geometry":{"type":"Point","coordinates":[-1.7992837,53.2006062]}},{"type":"Feature","properties":{"id":3722,"z":107.77,"code":"GRD"},"geometry":{"type":"Point","coordinates":[-1.7992449,53.2006231]}},{"type":"Feature","properties":{"id":3723,"z":107.16,"code":"GRD"},"geometry":{"type":"Point","coordinates":[-1.7991674,53.2006195]}},{"type":"Feature","properties":{"id":3724,"z":106.56,"code":"GRD"},"geometry":{"type":"Point","coordinates":[-1.799092,53.2006237]}},{"type":"Feature","properties":{"id":3725,"z":106.18,"code":"GRD"},"geometry":{"type":"Point","coordinates":[-1.7990478,53.2006049]}},{"type":"Feature","properties":{"id":3726,"z":105.71,"code":"GRD"},"geometry":{"type":"Point","coordinates":[-1.7989814,53.2006045]}},{"type":"Feature","properties":{"id":3727,"z":105.12,"code":"GRD"},"geometry":{"type":"Point","coordinates":[-1.7989116,53.2006033]}},{"type":"Feature","properties":{"id":3728,"z":104.61,"code":"GRD"},"geometry":{"type":"Point","coordinates":[-1.798831,53.200608]}},{"type":"Feature","properties":{"id":3729,"z":104.39,"code":"GRD"},"geometry":{"type":"Point","coordinates":[-1.7987949,53.2006053]}},{"type":"Feature","properties":{"id":3730,"z":104.05,"code":"GRD"},"geometry":{"type":"Point","coordinates":[-1.7987209,53.200609]}},{"type":"Feature","properties":{"id":3731,"z":103.95,"code":"GRD"},"geometry":{"type":"Point","coordinates":[-1.7986708,53.2006052]}},{"type":"Feature","properties":{"id":3732,"z":103.86,"code":"GRD"},"geometry":{"type":"Point","coordinates":[-1.7985957,53.2006119]}},{"type":"Feature","properties":{"id":3733,"z":103.93,"code":"GRD"},"geometry":{"type":"Point","coordinates":[-1.7985474,53.200605]}},{"type":"Feature","properties":{"id":3734,"z":104.06,"code":"GRD"},"geometry":{"type":"Point","coordinates":[-1.7984608,53.2006178]}},{"type":"Feature","properties":{"id":3735,"z":104.22,"code":"GRD"},"geometry":{"type":"Point","coordinates":[-1.7984068,53.2006068]}},{"type":"Feature","properties":{"id":3736,"z":104.58,"code":"GRD"},"geometry":{"type":"Point","coordinates":[-1.798327,53.2006153]}},{"type":"Feature","properties":{"id":3737,"z":104.8,"code":"GRD"},"geometry":{"type":"Point","coordinates":[-1.7982866,53.2006265]}},{"type":"Feature","properties":{"id":3738,"z":105.16,"code":"GRD"},"geometry":{"type":"Point","coordinates":[-1.7982224,53.2006221]}},{"type":"Feature","properties":{"id":3739,"z":105.45,"code":"GRD"},"geometry":{"type":"Point","coordinates":[-1.798165,53.2006078]}},{"type":"Feature","properties":{"id":3740,"z":105.67,"code":"GRD"},"geometry":{"type":"Point","coordinates":[-1.7981007,53.2006118]}},{"type":"Feature","properties":{"id":3741,"z":105.97,"code":"GRD"},"geometry":{"type":"Point","coordinates":[-1.7980143,53.2006058]}},{"type":"Feature","properties":{"id":3742,"z":106.13,"code":"GRD"},"geometry":{"type":"Point","coordinates":[-1.7979516,53.2006128]}},{"type":"Feature","properties":{"id":3743,"z":106.09,"code":"GRD"},"geometry":{"type":"Point","coordinates":[-1.7979137,53.2006244]}},{"type":"Feature","properties":{"id":3744,"z":106.04,"code":"GRD"},"geometry":{"type":"Point","coordinates":[-1.7978348,53.20062]}},{"type":"Feature","properties":{"id":3745,"z":105.91,"code":"GRD"},"geometry":{"type":"Point","coordinates":[-1.7977584,53.2006205]}},{"type":"Feature","properties":{"id":3746,"z":110.8,"code":"GRD"},"geometry":{"type":"Point","coordinates":[-1.8022297,53.2006484]}},{"type":"Feature","properties":{"id":3747,"z":110.68,"code":"GRD"},"geometry":{"type":"Point","coordinates":[-1.8021724,53.2006619]}},{"type":"Feature","properties":{"id":3748,"z":110.52,"code":"GRD"},"geometry":{"type":"Point","coordinates":[-1.8021262,53.20065]}},{"type":"Feature","properties":{"id":3749,"z":110.4,"code":"GRD"},"geometry":{"type":"Point","coordinates":[-1.8020745,53.2006439]}},{"type":"Feature","properties":{"id":3750,"z":110.35,"code":"GRD"},"geometry":{"type":"Point","coordinates":[-1.8020058,53.2006501]}},{"type":"Feature","properties":{"id":3751,"z":110.48,"code":"GRD"},"geometry":{"type":"Point","coordinates":[-1.801954,53.2006482]}},{"type":"Feature","properties":{"id":3752,"z":110.65,"code":"GRD"},"geometry":{"type":"Point","coordinates":[-1.8018712,53.200641]}},{"type":"Feature","properties":{"id":3753,"z":111.09,"code":"GRD"},"geometry":{"type":"Point","coordinates":[-1.8018021,53.2006634]}},{"type":"Feature","properties":{"id":3754,"z":111.66,"code":"GRD"},"geometry":{"type":"Point","coordinates":[-1.8017304,53.200652]}},{"type":"Feature","properties":{"id":3755,"z":112.09,"code":"GRD"},"geometry":{"type":"Point","coordinates":[-1.8016794,53.2006608]}},{"type":"Feature","properties":{"id":3756,"z":112.7,"code":"GRD"},"geometry":{"type":"Point","coordinates":[-1.8016267,53.2006429]}},{"type":"Feature","properties":{"id":3757,"z":113.43,"code":"GRD"},"geometry":{"type":"Point","coordinates":[-1.801558,53.2006428]}},{"type":"Feature","properties":{"id":3758,"z":114.21,"code":"GRD"},"geometry":{"type":"Point","coordinates":[-1.8014914,53.200654]}},{"type":"Feature","properties":{"id":3759,"z":114.62,"code":"GRD"},"geometry":{"type":"Point","coordinates":[-1.8014485,53.2006605]}},{"type":"Feature","properties":{"id":3760,"z":115.59,"code":"GRD"},"geometry":{"type":"Point","coordinates":[-1.8013752,53.2006501]}},{"type":"Feature","properties":{"id":3761,"z":116.49,"code":"GRD"},"geometry":{"type":"Point","coordinates":[-1.8013071,53.2006414]}},{"type":"Feature","properties":{"id":3762,"z":117.04,"code":"GRD"},"geometry":{"type":"Point","coordinates":[-1.8012428,53.2006433]}},{"type":"Feature","properties":{"id":3763,"z":117.41,"code":"GRD"},"geometry":{"type":"Point","coordinates":[-1.8011837,53.2006509]}},{"type":"Feature","properties":{"id":3764,"z":117.8,"code":"GRD"},"geometry":{"type":"Point","coordinates":[-1.8011367,53.200643]}},{"type":"Feature","properties":{"id":3765,"z":117.93,"code":"GRD"},"geometry":{"type":"Point","coordinates":[-1.8010326,53.2006532]}},{"type":"Feature","properties":{"id":3766,"z":117.89,"code":"GRD"},"geometry":{"type":"Point","coordinates":[-1.8009707,53.200657]}},{"type":"Feature","properties":{"id":3767,"z":117.81,"code":"GRD"},"geometry":{"type":"Point","coordinates":[-1.8009416,53.2006595]}},{"type":"Feature","properties":{"id":3768,"z":117.57,"code":"GRD"},"geometry":{"type":"Point","coordinates":[-1.800857,53.2006471]}},{"type":"Feature","properties":{"id":3769,"z":117.05,"code":"GRD"},"geometry":{"type":"Point","coordinates":[-1.8007828,53.2006458]}},{"type":"Feature","properties":{"id":3770,"z":116.32,"code":"GRD"},"geometry":{"type":"Point","coordinates":[-1.8007169,53.200653]}},{"type":"Feature","properties":{"id":3771,"z":115.71,"code":"GRD"},"geometry":{"type":"Point","coordinates":[-1.8006659,53.2006629]}},{"type":"Feature","properties":{"id":3772,"z":115.36,"code":"GRD"},"geometry":{"type":"Point","coordinates":[-1.8006243,53.2006456]}},{"type":"Feature","properties":{"id":3773,"z":114.55,"code":"GRD"},"geometry":{"type":"Point","coordinates":[-1.8005604,53.2006501]}},{"type":"Feature","properties":{"id":3774,"z":113.71,"code":"GRD"},"geometry":{"type":"Point","coordinates":[-1.8004969,53.2006563]}},{"type":"Feature","properties":{"id":3775,"z":112.94,"code":"GRD"},"geometry":{"type":"Point","coordinates":[-1.8004263,53.2006439]}},{"type":"Feature","properties":{"id":3776,"z":112.43,"code":"GRD"},"geometry":{"type":"Point","coordinates":[-1.8003788,53.2006419]}},{"type":"Feature","properties":{"id":3777,"z":111.65,"code":"GRD"},"geometry":{"type":"Point","coordinates":[-1.8003159,53.2006517]}},{"type":"Feature","properties":{"id":3778,"z":110.74,"code":"GRD"},"geometry":{"type":"Point","coordinates":[-1.8002176,53.2006551]}},{"type":"Feature","properties":{"id":3779,"z":110.49,"code":"GRD"},"geometry":{"type":"Point","coordinates":[-1.800174,53.2006477]}},{"type":"Feature","properties":{"id":3780,"z":110.18,"code":"GRD"},"geometry":{"type":"Point","coordinates":[-1.8001267,53.2006435]}},{"type":"Feature","properties":{"id":3781,"z":109.83,"code":"GRD"},"geometry":{"type":"Point","coordinates":[-1.8000521,53.2006422]}},{"type":"Feature","properties":{"id":3782,"z":109.5,"code":"GRD"},"geometry":{"type":"Point","coordinates":[-1.7999771,53.2006446]}},{"type":"Feature","properties":{"id":3783,"z":109.4,"code":"GRD"},"geometry":{"type":"Point","coordinates":[-1.7999191,53.2006582]}},{"type":"Feature","properties":{"id":3784,"z":109.34,"code":"GRD"},"geometry":{"type":"Point","coordinates":[-1.7998443,53.2006509]}},{"type":"Feature","properties":{"id":3785,"z":109.32,"code":"GRD"},"geometry":{"type":"Point","coordinates":[-1.799785,53.2006488]}},{"type":"Feature","properties":{"id":3786,"z":109.35,"code":"GRD"},"geometry":{"type":"Point","coordinates":[-1.7997388,53.2006417]}},{"type":"Feature","properties":{"id":3787,"z":109.28,"code":"GRD"},"geometry":{"type":"Point","coordinates":[-1.7996683,53.2006609]}},{"type":"Feature","properties":{"id":3788,"z":109.18,"code":"GRD"},"geometry":{"type":"Point","coordinates":[-1.7995896,53.2006458]}},{"type":"Feature","properties":{"id":3789,"z":109.15,"code":"GRD"},"geometry":{"type":"Point","coordinates":[-1.7995522,53.2006546]}},{"type":"Feature","properties":{"id":3790,"z":108.73,"code":"GRD"},"geometry":{"type":"Point","coordinates":[-1.7994598,53.2006513]}},{"type":"Feature","properties":{"id":3791,"z":108.58,"code":"GRD"},"geometry":{"type":"Point","coordinates":[-1.7993999,53.2006629]}},{"type":"Feature","properties":{"id":3792,"z":108.32,"code":"GRD"},"geometry":{"type":"Point","coordinates":[-1.7993435,53.2006452]}},{"type":"Feature","properties":{"id":3793,"z":107.85,"code":"GRD"},"geometry":{"type":"Point","coordinates":[-1.7992714,53.2006533]}},{"type":"Feature","properties":{"id":3794,"z":107.39,"code":"GRD"},"geometry":{"type":"Point","coordinates":[-1.7992101,53.2006637]}},{"type":"Feature","properties":{"id":3795,"z":107.26,"code":"GRD"},"geometry":{"type":"Point","coordinates":[-1.7991727,53.2006441]}},{"type":"Feature","properties":{"id":3796,"z":106.65,"code":"GRD"},"geometry":{"type":"Point","coordinates":[-1.7991098,53.2006646]}},{"type":"Feature","properties":{"id":3797,"z":106.03,"code":"GRD"},"geometry":{"type":"Point","coordinates":[-1.799038,53.2006603]}},{"type":"Feature","properties":{"id":3798,"z":105.43,"code":"GRD"},"geometry":{"type":"Point","coordinates":[-1.7989615,53.2006622]}},{"type":"Feature","properties":{"id":3799,"z":105.11,"code":"GRD"},"geometry":{"type":"Point","coordinates":[-1.7989107,53.2006631]}},{"type":"Feature","properties":{"id":3800,"z":104.68,"code":"GRD"},"geometry":{"type":"Point","coordinates":[-1.7988435,53.2006615]}},{"type":"Feature","properties":{"id":3801,"z":104.32,"code":"GRD"},"geometry":{"type":"Point","coordinates":[-1.7987678,53.200654]}},{"type":"Feature","properties":{"id":3802,"z":104.02,"code":"GRD"},"geometry":{"type":"Point","coordinates":[-1.79871,53.2006599]}},{"type":"Feature","properties":{"id":3803,"z":103.96,"code":"GRD"},"geometry":{"type":"Point","coordinates":[-1.7986513,53.2006507]}},{"type":"Feature","properties":{"id":3804,"z":103.99,"code":"GRD"},"geometry":{"type":"Point","coordinates":[-1.7985955,53.20066]}},{"type":"Feature","properties":{"id":3805,"z":103.85,"code":"GRD"},"geometry":{"type":"Point","coordinates":[-1.7985389,53.2006566]}},{"type":"Feature","properties":{"id":3806,"z":104.07,"code":"GRD"},"geometry":{"type":"Point","coordinates":[-1.7984682,53.200661]}},{"type":"Feature","properties":{"id":3807,"z":104.26,"code":"GRD"},"geometry":{"type":"Point","coordinates":[-1.7984176,53.2006598]}},{"type":"Feature","properties":{"id":3808,"z":104.57,"code":"GRD"},"geometry":{"type":"Point","coordinates":[-1.7983356,53.2006398]}},{"type":"Feature","properties":{"id":3809,"z":104.82,"code":"GRD"},"geometry":{"type":"Point","coordinates":[-1.7982776,53.2006591]}},{"type":"Feature","properties":{"id":3810,"z":105.03,"code":"GRD"},"geometry":{"type":"Point","coordinates":[-1.798225,53.2006416]}},{"type":"Feature","properties":{"id":3811,"z":105.36,"code":"GRD"},"geometry":{"type":"Point","coordinates":[-1.7981584,53.2006464]}},{"type":"Feature","properties":{"id":3812,"z":105.66,"code":"GRD"},"geometry":{"type":"Point","coordinates":[-1.7980989,53.2006454]}},{"type":"Feature","properties":{"id":3813,"z":105.85,"code":"GRD"},"geometry":{"type":"Point","coordinates":[-1.7980205,53.2006534]}},{"type":"Feature","properties":{"id":3814,"z":105.97,"code":"GRD"},"geometry":{"type":"Point","coordinates":[-1.7979779,53.2006466]}},{"type":"Feature","properties":{"id":3815,"z":106.02,"code":"GRD"},"geometry":{"type":"Point","coordinates":[-1.797886,53.2006435]}},{"type":"Feature","properties":{"id":3816,"z":106.09,"code":"GRD"},"geometry":{"type":"Point","coordinates":[-1.7978506,53.2006421]}},{"type":"Feature","properties":{"id":3817,"z":105.88,"code":"GRD"},"geometry":{"type":"Point","coordinates":[-1.7977684,53.2006626]}},{"type":"Feature","properties":{"id":3818,"z":110.8,"code":"GRD"},"geometry":{"type":"Point","coordinates":[-1.8022456,53.200681]}},{"type":"Feature","properties":{"id":3819,"z":110.64,"code":"GRD"},"geometry":{"type":"Point","coordinates":[-1.8021957,53.2006918]}},{"type":"Feature","properties":{"id":3820,"z":110.43,"code":"GRD"},"geometry":{"type":"Point","coordinates":[-1.8021234,53.2006817]}},{"type":"Feature","properties":{"id":3821,"z":110.43,"code":"GRD"},"geometry":{"type":"Point","coordinates":[-1.802055,53.2006925]}},{"type":"Feature","properties":{"id":3822,"z":110.35,"code":"GRD"},"geometry":{"type":"Point","coordinates":[-1.802005,53.2006848]}},{"type":"Feature","properties":{"id":3823,"z":110.46,"code":"GRD"},"geometry":{"type":"Point","coordinates":[-1.8019281,53.2007014]}},{"type":"Feature","properties":{"id":3824,"z":110.77,"code":"GRD"},"geometry":{"type":"Point","coordinates":[-1.8018659,53.2006785]}},{"type":"Feature","properties":{"id":3825,"z":110.94,"code":"GRD"},"geometry":{"type":"Point","coordinates":[-1.8018218,53.2006879]}},{"type":"Feature","properties":{"id":3826,"z":111.47,"code":"GRD"},"geometry":{"type":"Point","coordinates":[-1.8017392,53.2006943]}},{"type":"Feature","properties":{"id":3827,"z":112.2,"code":"GRD"},"geometry":{"type":"Point","coordinates":[-1.8016652,53.2006891]}},{"type":"Feature","properties":{"id":3828,"z":112.58,"code":"GRD"},"geometry":{"type":"Point","coordinates":[-1.8016239,53.2006946]}},{"type":"Feature","properties":{"id":3829,"z":113.4,"code":"GRD"},"geometry":{"type":"Point","coordinates":[-1.8015387,53.200697]}},{"type":"Feature","properties":{"id":3830,"z":114.24,"code":"GRD"},"geometry":{"type":"Point","coordinates":[-1.8014745,53.2006836]}},{"type":"Feature","properties":{"id":3831,"z":114.54,"code":"GRD"},"geometry":{"type":"Point","coordinates":[-1.8014467,53.2006859]}},{"type":"Feature","properties":{"id":3832,"z":115.62,"code":"GRD"},"geometry":{"type":"Point","coordinates":[-1.8013489,53.2006847]}},{"type":"Feature","properties":{"id":3833,"z":116.26,"code":"GRD"},"geometry":{"type":"Point","coordinates":[-1.8012844,53.2006964]}},{"type":"Feature","properties":{"id":3834,"z":116.47,"code":"GRD"},"geometry":{"type":"Point","coordinates":[-1.8012479,53.200698]}},{"type":"Feature","properties":{"id":3835,"z":116.98,"code":"GRD"},"geometry":{"type":"Point","coordinates":[-1.801197,53.2006857]}},{"type":"Feature","properties":{"id":3836,"z":117.14,"code":"GRD"},"geometry":{"type":"Point","coordinates":[-1.8011266,53.2006989]}},{"type":"Feature","properties":{"id":3837,"z":117.6,"code":"GRD"},"geometry":{"type":"Point","coordinates":[-1.8010532,53.2006867]}},{"type":"Feature","properties":{"id":3838,"z":117.6,"code":"GRD"},"geometry":{"type":"Point","coordinates":[-1.8009965,53.2006785]}},{"type":"Feature","properties":{"id":3839,"z":117.24,"code":"GRD"},"geometry":{"type":"Point","coordinates":[-1.800907,53.2007008]}},{"type":"Feature","properties":{"id":3840,"z":117.26,"code":"GRD"},"geometry":{"type":"Point","coordinates":[-1.8008807,53.2006884]}},{"type":"Feature","properties":{"id":3841,"z":116.91,"code":"GRD"},"geometry":{"type":"Point","coordinates":[-1.8008191,53.2006825]}},{"type":"Feature","properties":{"id":3842,"z":116.25,"code":"GRD"},"geometry":{"type":"Point","coordinates":[-1.8007553,53.2006959]}},{"type":"Feature","properties":{"id":3843,"z":115.59,"code":"GRD"},"geometry":{"type":"Point","coordinates":[-1.8006937,53.200695]}},{"type":"Feature","properties":{"id":3844,"z":114.88,"code":"GRD"},"geometry":{"type":"Point","coordinates":[-1.8005995,53.2006818]}},{"type":"Feature","properties":{"id":3845,"z":114.1,"code":"GRD"},"geometry":{"type":"Point","coordinates":[-1.8005367,53.2006791]}},{"type":"Feature","properties":{"id":3846,"z":113.53,"code":"GRD"},"geometry":{"type":"Point","coordinates":[-1.800499,53.2006939]}},{"type":"Feature","properties":{"id":3847,"z":112.9,"code":"GRD"},"geometry":{"type":"Point","coordinates":[-1.8004376,53.2006796]}},{"type":"Feature","properties":{"id":3848,"z":111.96,"code":"GRD"},"geometry":{"type":"Point","coordinates":[-1.8003606,53.200691]}},{"type":"Feature","properties":{"id":3849,"z":111.42,"code":"GRD"},"geometry":{"type":"Point","coordinates":[-1.800303,53.2006791]}},{"type":"Feature","properties":{"id":3850,"z":110.73,"code":"GRD"},"geometry":{"type":"Point","coordinates":[-1.8002317,53.2006815]}},{"type":"Feature","properties":{"id":3851,"z":110.35,"code":"GRD"},"geometry":{"type":"Point","coordinates":[-1.8001647,53.2006941]}},{"type":"Feature","properties":{"id":3852,"z":109.89,"code":"GRD"},"geometry":{"type":"Point","coordinates":[-1.8001035,53.2006824]}},{"type":"Feature","properties":{"id":3853,"z":109.61,"code":"GRD"},"geometry":{"type":"Point","coordinates":[-1.8000622,53.2006984]}},{"type":"Feature","properties":{"id":3854,"z":109.44,"code":"GRD"},"geometry":{"type":"Point","coordinates":[-1.7999886,53.2006824]}},{"type":"Feature","properties":{"id":3855,"z":109.29,"code":"GRD"},"geometry":{"type":"Point","coordinates":[-1.799933,53.2006823]}},{"type":"Feature","properties":{"id":3856,"z":109.13,"code":"GRD"},"geometry":{"type":"Point","coordinates":[-1.799856,53.2006825]}},{"type":"Feature","properties":{"id":3857,"z":109.19,"code":"GRD"},"geometry":{"type":"Point","coordinates":[-1.799813,53.2006881]}},{"type":"Feature","properties":{"id":3858,"z":109.09,"code":"GRD"},"geometry":{"type":"Point","coordinates":[-1.7997426,53.2006815]}},{"type":"Feature","properties":{"id":3859,"z":109.02,"code":"GRD"},"geometry":{"type":"Point","coordinates":[-1.7996684,53.2006914]}},{"type":"Feature","properties":{"id":3860,"z":108.98,"code":"GRD"},"geometry":{"type":"Point","coordinates":[-1.7995957,53.2006989]}},{"type":"Feature","properties":{"id":3861,"z":108.85,"code":"GRD"},"geometry":{"type":"Point","coordinates":[-1.7995547,53.2007004]}},{"type":"Feature","properties":{"id":3862,"z":108.69,"code":"GRD"},"geometry":{"type":"Point","coordinates":[-1.7994737,53.2006995]}},{"type":"Feature","properties":{"id":3863,"z":108.65,"code":"GRD"},"geometry":{"type":"Point","coordinates":[-1.7994312,53.2006806]}},{"type":"Feature","properties":{"id":3864,"z":108.23,"code":"GRD"},"geometry":{"type":"Point","coordinates":[-1.7993681,53.2006864]}},{"type":"Feature","properties":{"id":3865,"z":107.75,"code":"GRD"},"geometry":{"type":"Point","coordinates":[-1.7992708,53.2006881]}},{"type":"Feature","properties":{"id":3866,"z":107.38,"code":"GRD"},"geometry":{"type":"Point","coordinates":[-1.7992229,53.2006877]}},{"type":"Feature","properties":{"id":3867,"z":107.16,"code":"GRD"},"geometry":{"type":"Point","coordinates":[-1.799184,53.2006838]}},{"type":"Feature","properties":{"id":3868,"z":106.38,"code":"GRD"},"geometry":{"type":"Point","coordinates":[-1.7990909,53.2006974]}},{"type":"Feature","properties":{"id":3869,"z":106.0,"code":"GRD"},"geometry":{"type":"Point","coordinates":[-1.799041,53.2006821]}},{"type":"Feature","properties":{"id":3870,"z":105.57,"code":"GRD"},"geometry":{"type":"Point","coordinates":[-1.7989851,53.2007024]}},{"type":"Feature","properties":{"id":3871,"z":105.07,"code":"GRD"},"geometry":{"type":"Point","coordinates":[-1.7989098,53.2006897]}},{"type":"Feature","properties":{"id":3872,"z":104.68,"code":"GRD"},"geometry":{"type":"Point","coordinates":[-1.7988569,53.2006878]}},{"type":"Feature","properties":{"id":3873,"z":104.35,"code":"GRD"},"geometry":{"type":"Point","coordinates":[-1.7987689,53.2006846]}},{"type":"Feature","properties":{"id":3874,"z":104.17,"code":"GRD"},"geometry":{"type":"Point","coordinates":[-1.7987242,53.2006829]}},{"type":"Feature","properties":{"id":3875,"z":103.98,"code":"GRD"},"geometry":{"type":"Point","coordinates":[-1.7986601,53.2006776]}},{"type":"Feature","properties":{"id":3876,"z":103.97,"code":"GRD"},"geometry":{"type":"Point","coordinates":[-1.798598,53.2006889]}},{"type":"Feature","properties":{"id":3877,"z":103.98,"code":"GRD"},"geometry":{"type":"Point","coordinates":[-1.7985334,53.2006892]}},{"type":"Feature","properties":{"id":3878,"z":104.04,"code":"GRD"},"geometry":{"type":"Point","coordinates":[-1.7984786,53.2006787]}},{"type":"Feature","properties":{"id":3879,"z":104.25,"code":"GRD"},"geometry":{"type":"Point","coordinates":[-1.798424,53.2006924]}},{"type":"Feature","properties":{"id":3880,"z":104.45,"code":"GRD"},"geometry":{"type":"Point","coordinates":[-1.7983562,53.2006907]}},{"type":"Feature","properties":{"id":3881,"z":104.76,"code":"GRD"},"geometry":{"type":"Point","coordinates":[-1.7982815,53.2006934]}},{"type":"Feature","properties":{"id":3882,"z":105.14,"code":"GRD"},"geometry":{"type":"Point","coordinates":[-1.7982019,53.2006947]}},{"type":"Feature","properties":{"id":3883,"z":105.2,"code":"GRD"},"geometry":{"type":"Point","coordinates":[-1.798167,53.2006978]}},{"type":"Feature","properties":{"id":3884,"z":105.61,"code":"GRD"},"geometry":{"type":"Point","coordinates":[-1.7980817,53.2006896]}},{"type":"Feature","properties":{"id":3885,"z":105.8,"code":"GRD"},"geometry":{"type":"Point","coordinates":[-1.7980124,53.2006863]}},{"type":"Feature","properties":{"id":3886,"z":105.87,"code":"GRD"},"geometry":{"type":"Point","coordinates":[-1.7979647,53.2006974]}},{"type":"Feature","properties":{"id":3887,"z":106.01,"code":"GRD"},"geometry":{"type":"Point","coordinates":[-1.7979239,53.2006782]}},{"type":"Feature","properties":{"id":3888,"z":105.87,"code":"GRD"},"geometry":{"type":"Point","coordinates":[-1.7978214,53.2006828]}},{"type":"Feature","properties":{"id":3889,"z":105.72,"code":"GRD"},"geometry":{"type":"Point","coordinates":[-1.7977594,53.2006901]}},{"type":"Feature","properties":{"id":3890,"z":110.66,"code":"GRD"},"geometry":{"type":"Point","coordinates":[-1.8022345,53.2007219]}},{"type":"Feature","properties":{"id":3891,"z":110.53,"code":"GRD"},"geometry":{"type":"Point","coordinates":[-1.8021827,53.2007328]}},{"type":"Feature","properties":{"id":3892,"z":110.36,"code":"GRD"},"geometry":{"type":"Point","coordinates":[-1.8021204,53.2007298]}},{"type":"Feature","properties":{"id":3893,"z":110.44,"code":"GRD"},"geometry":{"type":"Point","coordinates":[-1.8020807,53.2007192]}},{"type":"Feature","properties":{"id":3894,"z":110.37,"code":"GRD"},"geometry":{"type":"Point","coordinates":[-1.8019905,53.2007395]}},{"type":"Feature","properties":{"id":3895,"z":110.48,"code":"GRD"},"geometry":{"type":"Point","coordinates":[-1.8019159,53.2007265]}},{"type":"Feature","properties":{"id":3896,"z":110.61,"code":"GRD"},"geometry":{"type":"Point","coordinates":[-1.8018685,53.2007313]}},{"type":"Feature","properties":{"id":3897,"z":111.02,"code":"GRD"},"geometry":{"type":"Point","coordinates":[-1.8017918,53.200723]}},{"type":"Feature","properties":{"id":3898,"z":111.51,"code":"GRD"},"geometry":{"type":"Point","coordinates":[-1.8017291,53.200723]}},{"type":"Feature","properties":{"id":3899,"z":111.93,"code":"GRD"},"geometry":{"type":"Point","coordinates":[-1.8016768,53.2007226]}},{"type":"Feature","properties":{"id":3900,"z":112.58,"code":"GRD"},"geometry":{"type":"Point","coordinates":[-1.8015988,53.2007318]}},{"type":"Feature","properties":{"id":3901,"z":112.98,"code":"GRD"},"geometry":{"type":"Point","coordinates":[-1.8015728,53.2007338]}},{"type":"Feature","properties":{"id":3902,"z":113.89,"code":"GRD"},"geometry":{"type":"Point","coordinates":[-1.8014874,53.2007155]}},{"type":"Feature","properties":{"id":3903,"z":114.74,"code":"GRD"},"geometry":{"type":"Point","coordinates":[-1.8014097,53.2007176]}},{"type":"Feature","properties":{"id":3904,"z":115.19,"code":"GRD"},"geometry":{"type":"Point","coordinates":[-1.801362,53.2007287]}},{"type":"Feature","properties":{"id":3905,"z":115.73,"code":"GRD"},"geometry":{"type":"Point","coordinates":[-1.8013016,53.2007306]}},{"type":"Feature","properties":{"id":3906,"z":116.2,"code":"GRD"},"geometry":{"type":"Point","coordinates":[-1.8012516,53.2007189]}},{"type":"Feature","properties":{"id":3907,"z":116.53,"code":"GRD"},"geometry":{"type":"Point","coordinates":[-1.8011912,53.2007275]}},{"type":"Feature","properties":{"id":3908,"z":116.79,"code":"GRD"},"geometry":{"type":"Point","coordinates":[-1.8011203,53.2007342]}},{"type":"Feature","properties":{"id":3909,"z":117.0,"code":"GRD"},"geometry":{"type":"Point","coordinates":[-1.8010518,53.2007323]}},{"type":"Feature","properties":{"id":3910,"z":117.19,"code":"GRD"},"geometry":{"type":"Point","coordinates":[-1.8009975,53.2007203]}},{"type":"Feature","properties":{"id":3911,"z":116.87,"code":"GRD"},"geometry":{"type":"Point","coordinates":[-1.8009318,53.2007351]}},{"type":"Feature","properties":{"id":3912,"z":116.78,"code":"GRD"},"geometry":{"type":"Point","coordinates":[-1.8008747,53.2007236]}},{"type":"Feature","properties":{"id":3913,"z":116.24,"code":"GRD"},"geometry":{"type":"Point","coordinates":[-1.8008202,53.2007395]}},{"type":"Feature","properties":{"id":3914,"z":115.67,"code":"GRD"},"geometry":{"type":"Point","coordinates":[-1.8007204,53.200723]}},{"type":"Feature","properties":{"id":3915,"z":115.29,"code":"GRD"},"geometry":{"type":"Point","coordinates":[-1.800687,53.2007348]}},{"type":"Feature","properties":{"id":3916,"z":114.27,"code":"GRD"},"geometry":{"type":"Point","coordinates":[-1.8005957,53.200733]}},{"type":"Feature","properties":{"id":3917,"z":113.76,"code":"GRD"},"geometry":{"type":"Point","coordinates":[-1.8005305,53.2007197]}},{"type":"Feature","properties":{"id":3918,"z":113.2,"code":"GRD"},"geometry":{"type":"Point","coordinates":[-1.8004788,53.2007194]}},{"type":"Feature","properties":{"id":3919,"z":112.48,"code":"GRD"},"geometry":{"type":"Point","coordinates":[-1.8004267,53.2007337]}},{"type":"Feature","properties":{"id":3920,"z":111.93,"code":"GRD"},"geometry":{"type":"Point","coordinates":[-1.8003686,53.2007167]}},{"type":"Feature","properties":{"id":3921,"z":111.21,"code":"GRD"},"geometry":{"type":"Point","coordinates":[-1.8002987,53.2007365]}},{"type":"Feature","properties":{"id":3922,"z":110.69,"code":"GRD"},"geometry":{"type":"Point","coordinates":[-1.8002307,53.2007217]}},{"type":"Feature","properties":{"id":3923,"z":110.27,"code":"GRD"},"geometry":{"type":"Point","coordinates":[-1.8001706,53.2007378]}},{"type":"Feature","properties":{"id":3924,"z":109.9,"code":"GRD"},"geometry":{"type":"Point","coordinates":[-1.8001218,53.2007268]}},{"type":"Feature","properties":{"id":3925,"z":109.64,"code":"GRD"},"geometry":{"type":"Point","coordinates":[-1.8000582,53.2007247]}},{"type":"Feature","properties":{"id":3926,"z":109.35,"code":"GRD"},"geometry":{"type":"Point","coordinates":[-1.7999802,53.2007199]}},{"type":"Feature","properties":{"id":3927,"z":109.21,"code":"GRD"},"geometry":{"type":"Point","coordinates":[-1.7999005,53.2007272]}},{"type":"Feature","properties":{"id":3928,"z":109.1,"code":"GRD"},"geometry":{"type":"Point","coordinates":[-1.7998625,53.2007159]}},{"type":"Feature","properties":{"id":3929,"z":109.03,"code":"GRD"},"geometry":{"type":"Point","coordinates":[-1.7998092,53.200727]}},{"type":"Feature","properties":{"id":3930,"z":108.96,"code":"GRD"},"geometry":{"type":"Point","coordinates":[-1.7997252,53.2007239]}},{"type":"Feature","properties":{"id":3931,"z":108.91,"code":"GRD"},"geometry":{"type":"Point","coordinates":[-1.7996854,53.2007163]}},{"type":"Feature","properties":{"id":3932,"z":108.75,"code":"GRD"},"geometry":{"type":"Point","coordinates":[-1.799603,53.2007303]}},{"type":"Feature","properties":{"id":3933,"z":108.63,"code":"GRD"},"geometry":{"type":"Point","coordinates":[-1.7995476,53.2007331]}},{"type":"Feature","properties":{"id":3934,"z":108.51,"code":"GRD"},"geometry":{"type":"Point","coordinates":[-1.7994825,53.2007284]}},{"type":"Feature","properties":{"id":3935,"z":108.4,"code":"GRD"},"geometry":{"type":"Point","coordinates":[-1.799416,53.2007151]}},{"type":"Feature","properties":{"id":3936,"z":107.98,"code":"GRD"},"geometry":{"type":"Point","coordinates":[-1.7993415,53.2007353]}},{"type":"Feature","properties":{"id":3937,"z":107.59,"code":"GRD"},"geometry":{"type":"Point","coordinates":[-1.7992807,53.2007268]}},{"type":"Feature","properties":{"id":3938,"z":107.27,"code":"GRD"},"geometry":{"type":"Point","coordinates":[-1.799236,53.2007328]}},{"type":"Feature","properties":{"id":3939,"z":106.96,"code":"GRD"},"geometry":{"type":"Point","coordinates":[-1.7991793,53.2007303]}},{"type":"Feature","properties":{"id":3940,"z":106.34,"code":"GRD"},"geometry":{"type":"Point","coordinates":[-1.7990914,53.2007344]}},{"type":"Feature","properties":{"id":3941,"z":105.95,"code":"GRD"},"geometry":{"type":"Point","coordinates":[-1.7990315,53.2007183]}},{"type":"Feature","properties":{"id":3942,"z":105.4,"code":"GRD"},"geometry":{"type":"Point","coordinates":[-1.798958,53.2007384]}},{"type":"Feature","properties":{"id":3943,"z":105.1,"code":"GRD"},"geometry":{"type":"Point","coordinates":[-1.7989087,53.2007343]}},{"type":"Feature","properties":{"id":3944,"z":104.74,"code":"GRD"},"geometry":{"type":"Point","coordinates":[-1.7988548,53.2007314]}},{"type":"Feature","properties":{"id":3945,"z":104.39,"code":"GRD"},"geometry":{"type":"Point","coordinates":[-1.7987737,53.2007319]}},{"type":"Feature","properties":{"id":3946,"z":104.23,"code":"GRD"},"geometry":{"type":"Point","coordinates":[-1.7987204,53.2007374]}},{"type":"Feature","properties":{"id":3947,"z":104.06,"code":"GRD"},"geometry":{"type":"Point","coordinates":[-1.7986673,53.2007178]}},{"type":"Feature","properties":{"id":3948,"z":104.05,"code":"GRD"},"geometry":{"type":"Point","coordinates":[-1.7985939,53.2007207]}},{"type":"Feature","properties":{"id":3949,"z":104.07,"code":"GRD"},"geometry":{"type":"Point","coordinates":[-1.7985168,53.2007234]}},{"type":"Feature","properties":{"id":3950,"z":104.08,"code":"GRD"},"geometry":{"type":"Point","coordinates":[-1.7984833,53.2007296]}},{"type":"Feature","properties":{"id":3951,"z":104.43,"code":"GRD"},"geometry":{"type":"Point","coordinates":[-1.7984025,53.2007176]}},{"type":"Feature","properties":{"id":3952,"z":104.43,"code":"GRD"},"geometry":{"type":"Point","coordinates":[-1.7983524,53.2007179]}},{"type":"Feature","properties":{"id":3953,"z":104.72,"code":"GRD"},"geometry":{"type":"Point","coordinates":[-1.7982892,53.200732]}},{"type":"Feature","properties":{"id":3954,"z":104.95,"code":"GRD"},"geometry":{"type":"Point","coordinates":[-1.7982208,53.2007357]}},{"type":"Feature","properties":{"id":3955,"z":105.28,"code":"GRD"},"geometry":{"type":"Point","coordinates":[-1.7981416,53.2007158]}},{"type":"Feature","properties":{"id":3956,"z":105.49,"code":"GRD"},"geometry":{"type":"Point","coordinates":[-1.7981036,53.2007158]}},{"type":"Feature","properties":{"id":3957,"z":105.56,"code":"GRD"},"geometry":{"type":"Point","coordinates":[-1.7980152,53.20074]}},{"type":"Feature","properties":{"id":3958,"z":105.69,"code":"GRD"},"geometry":{"type":"Point","coordinates":[-1.7979837,53.2007377]}},{"type":"Feature","properties":{"id":3959,"z":105.76,"code":"GRD"},"geometry":{"type":"Point","coordinates":[-1.7978912,53.2007247]}},{"type":"Feature","properties":{"id":3960,"z":105.61,"code":"GRD"},"geometry":{"type":"Point","coordinates":[-1.7978242,53.2007343]}},{"type":"Feature","properties":{"id":3961,"z":105.67,"code":"GRD"},"geometry":{"type":"Point","coordinates":[-1.7977919,53.200717]}},{"type":"Feature","properties":{"id":3962,"z":110.65,"code":"GRD"},"geometry":{"type":"Point","coordinates":[-1.8022477,53.200766]}},{"type":"Feature","properties":{"id":3963,"z":110.58,"code":"GRD"},"geometry":{"type":"Point","coordinates":[-1.8022041,53.2007604]}},{"type":"Feature","properties":{"id":3964,"z":110.36,"code":"GRD"},"geometry":{"type":"Point","coordinates":[-1.8021164,53.2007566]}},{"type":"Feature","properties":{"id":3965,"z":110.33,"code":"GRD"},"geometry":{"type":"Point","coordinates":[-1.8020444,53.2007581]}},{"type":"Feature","properties":{"id":3966,"z":110.44,"code":"GRD"},"geometry":{"type":"Point","coordinates":[-1.8019794,53.2007759]}},{"type":"Feature","properties":{"id":3967,"z":110.48,"code":"GRD"},"geometry":{"type":"Point","coordinates":[-1.8019269,53.2007545]}},{"type":"Feature","properties":{"id":3968,"z":110.79,"code":"GRD"},"geometry":{"type":"Point","coordinates":[-1.8018517,53.2007702]}},{"type":"Feature","properties":{"id":3969,"z":110.9,"code":"GRD"},"geometry":{"type":"Point","coordinates":[-1.8018251,53.2007615]}},{"type":"Feature","properties":{"id":3970,"z":111.45,"code":"GRD"},"geometry":{"type":"Point","coordinates":[-1.8017272,53.2007726]}},{"type":"Feature","properties":{"id":3971,"z":111.73,"code":"GRD"},"geometry":{"type":"Point","coordinates":[-1.8017031,53.2007665]}},{"type":"Feature","properties":{"id":3972,"z":112.39,"code":"GRD"},"geometry":{"type":"Point","coordinates":[-1.8016242,53.2007547]}},{"type":"Feature","properties":{"id":3973,"z":113.07,"code":"GRD"},"geometry":{"type":"Point","coordinates":[-1.8015358,53.2007689]}},{"type":"Feature","properties":{"id":3974,"z":113.55,"code":"GRD"},"geometry":{"type":"Point","coordinates":[-1.8014885,53.200756]}},{"type":"Feature","properties":{"id":3975,"z":114.13,"code":"GRD"},"geometry":{"type":"Point","coordinates":[-1.8014282,53.2007688]}},{"type":"Feature","properties":{"id":3976,"z":114.75,"code":"GRD"},"geometry":{"type":"Point","coordinates":[-1.8013694,53.2007618]}},{"type":"Feature","properties":{"id":3977,"z":115.25,"code":"GRD"},"geometry":{"type":"Point","coordinates":[-1.8013178,53.2007551]}},{"type":"Feature","properties":{"id":3978,"z":115.54,"code":"GRD"},"geometry":{"type":"Point","coordinates":[-1.8012604,53.2007718]}},{"type":"Feature","properties":{"id":3979,"z":116.24,"code":"GRD"},"geometry":{"type":"Point","coordinates":[-1.8011648,53.2007581]}},{"type":"Feature","properties":{"id":3980,"z":116.44,"code":"GRD"},"geometry":{"type":"Point","coordinates":[-1.801101,53.2007624]}},{"type":"Feature","properties":{"id":3981,"z":116.43,"code":"GRD"},"geometry":{"type":"Point","coordinates":[-1.8010612,53.200766]}},{"type":"Feature","properties":{"id":3982,"z":116.58,"code":"GRD"},"geometry":{"type":"Point","coordinates":[-1.8010014,53.2007593]}},{"type":"Feature","properties":{"id":3983,"z":116.19,"code":"GRD"},"geometry":{"type":"Point","coordinates":[-1.8009065,53.2007692]}},{"type":"Feature","properties":{"id":3984,"z":116.14,"code":"GRD"},"geometry":{"type":"Point","coordinates":[-1.8008701,53.2007646]}},{"type":"Feature","properties":{"id":3985,"z":115.63,"code":"GRD"},"geometry":{"type":"Point","coordinates":[-1.8007833,53.200767]}},{"type":"Feature","properties":{"id":3986,"z":115.19,"code":"GRD"},"geometry":{"type":"Point","coordinates":[-1.8007184,53.2007648]}},{"type":"Feature","properties":{"id":3987,"z":114.89,"code":"GRD"},"geometry":{"type":"Point","coordinates":[-1.8006822,53.2007649]}},{"type":"Feature","properties":{"id":3988,"z":114.46,"code":"GRD"},"geometry":{"type":"Point","coordinates":[-1.8006324,53.2007638]}},{"type":"Feature","properties":{"id":3989,"z":113.38,"code":"GRD"},"geometry":{"type":"Point","coordinates":[-1.8005327,53.2007758]}},{"type":"Feature","properties":{"id":3990,"z":113.09,"code":"GRD"},"geometry":{"type":"Point","coordinates":[-1.8005021,53.2007676]}},{"type":"Feature","properties":{"id":3991,"z":112.39,"code":"GRD"},"geometry":{"type":"Point","coordinates":[-1.8004314,53.2007662]}},{"type":"Feature","properties":{"id":3992,"z":111.77,"code":"GRD"},"geometry":{"type":"Point","coordinates":[-1.800363,53.2007671]}},{"type":"Feature","properties":{"id":3993,"z":111.13,"code":"GRD"},"geometry":{"type":"Point","coordinates":[-1.8002922,53.2007576]}},{"type":"Feature","properties":{"id":3994,"z":110.63,"code":"GRD"},"geometry":{"type":"Point","coordinates":[-1.8002311,53.2007763]}},{"type":"Feature","properties":{"id":3995,"z":110.13,"code":"GRD"},"geometry":{"type":"Point","coordinates":[-1.8001701,53.2007716]}},{"type":"Feature","properties":{"id":3996,"z":109.78,"code":"GRD"},"geometry":{"type":"Point","coordinates":[-1.8001099,53.2007706]}},{"type":"Feature","properties":{"id":3997,"z":109.5,"code":"GRD"},"geometry":{"type":"Point","coordinates":[-1.8000352,53.2007675]}},{"type":"Feature","properties":{"id":3998,"z":109.23,"code":"GRD"},"geometry":{"type":"Point","coordinates":[-1.7999777,53.2007625]}},{"type":"Feature","properties":{"id":3999,"z":109.15,"code":"GRD"},"geometry":{"type":"Point","coordinates":[-1.7999213,53.2007639]}},{"type":"Feature","properties":{"id":4000,"z":108.92,"code":"GRD"},"geometry":{"type":"Point","coordinates":[-1.7998611,53.2007601]}},{"type":"Feature","properties":{"id":4001,"z":108.79,"code":"GRD"},"geometry":{"type":"Point","coordinates":[-1.7998059,53.2007691]}},{"type":"Feature","properties":{"id":4002,"z":108.71,"code":"GRD"},"geometry":{"type":"Point","coordinates":[-1.7997287,53.2007688]}},{"type":"Feature","properties":{"id":4003,"z":108.67,"code":"GRD"},"geometry":{"type":"Point","coordinates":[-1.7996876,53.2007619]}},{"type":"Feature","properties":{"id":4004,"z":108.57,"code":"GRD"},"geometry":{"type":"Point","coordinates":[-1.7996032,53.2007686]}},{"type":"Feature","properties":{"id":4005,"z":108.39,"code":"GRD"},"geometry":{"type":"Point","coordinates":[-1.7995347,53.2007616]}},{"type":"Feature","properties":{"id":4006,"z":108.29,"code":"GRD"},"geometry":{"type":"Point","coordinates":[-1.7994658,53.200756]}},{"type":"Feature","properties":{"id":4007,"z":107.94,"code":"GRD"},"geometry":{"type":"Point","coordinates":[-1.7994171,53.2007702]}},{"type":"Feature","properties":{"id":4008,"z":107.65,"code":"GRD"},"geometry":{"type":"Point","coordinates":[-1.7993504,53.2007778]}},{"type":"Feature","properties":{"id":4009,"z":107.46,"code":"GRD"},"geometry":{"type":"Point","coordinates":[-1.7992852,53.2007585]}},{"type":"Feature","properties":{"id":4010,"z":107.05,"code":"GRD"},"geometry":{"type":"Point","coordinates":[-1.7992376,53.2007779]}},{"type":"Feature","properties":{"id":4011,"z":106.76,"code":"GRD"},"geometry":{"type":"Point","coordinates":[-1.7991689,53.2007585]}},{"type":"Feature","properties":{"id":4012,"z":106.47,"code":"GRD"},"geometry":{"type":"Point","coordinates":[-1.7991106,53.2007562]}},{"type":"Feature","properties":{"id":4013,"z":105.96,"code":"GRD"},"geometry":{"type":"Point","coordinates":[-1.7990431,53.2007555]}},{"type":"Feature","properties":{"id":4014,"z":105.49,"code":"GRD"},"geometry":{"type":"Point","coordinates":[-1.7989543,53.2007752]}},{"type":"Feature","properties":{"id":4015,"z":105.23,"code":"GRD"},"geometry":{"type":"Point","coordinates":[-1.7989091,53.2007776]}},{"type":"Feature","properties":{"id":4016,"z":104.92,"code":"GRD"},"geometry":{"type":"Point","coordinates":[-1.7988508,53.2007637]}},{"type":"Feature","properties":{"id":4017,"z":104.67,"code":"GRD"},"geometry":{"type":"Point","coordinates":[-1.7987963,53.2007749]}},{"type":"Feature","properties":{"id":4018,"z":104.43,"code":"GRD"},"geometry":{"type":"Point","coordinates":[-1.7987339,53.200775]}},{"type":"Feature","properties":{"id":4019,"z":104.36,"code":"GRD"},"geometry":{"type":"Point","coordinates":[-1.7986503,53.2007763]}},{"type":"Feature","properties":{"id":4020,"z":104.17,"code":"GRD"},"geometry":{"type":"Point","coordinates":[-1.7985932,53.2007618]}},{"type":"Feature","properties":{"id":4021,"z":104.2,"code":"GRD"},"geometry":{"type":"Point","coordinates":[-1.79855,53.2007603]}},{"type":"Feature","properties":{"id":4022,"z":104.33,"code":"GRD"},"geometry":{"type":"Point","coordinates":[-1.7984781,53.2007735]}},{"type":"Feature","properties":{"id":4023,"z":104.37,"code":"GRD"},"geometry":{"type":"Point","coordinates":[-1.7984071,53.2007568]}},{"type":"Feature","properties":{"id":4024,"z":104.56,"code":"GRD"},"geometry":{"type":"Point","coordinates":[-1.7983363,53.200758]}},{"type":"Feature","properties":{"id":4025,"z":104.76,"code":"GRD"},"geometry":{"type":"Point","coordinates":[-1.7982655,53.2007606]}},{"type":"Feature","properties":{"id":4026,"z":104.89,"code":"GRD"},"geometry":{"type":"Point","coordinates":[-1.7982355,53.2007566]}},{"type":"Feature","properties":{"id":4027,"z":105.08,"code":"GRD"},"geometry":{"type":"Point","coordinates":[-1.7981633,53.2007772]}},{"type":"Feature","properties":{"id":4028,"z":105.28,"code":"GRD"},"geometry":{"type":"Point","coordinates":[-1.7980977,53.2007627]}},{"type":"Feature","properties":{"id":4029,"z":105.32,"code":"GRD"},"geometry":{"type":"Point","coordinates":[-1.7980468,53.2007747]}},{"type":"Feature","properties":{"id":4030,"z":105.56,"code":"GRD"},"geometry":{"type":"Point","coordinates":[-1.7979738,53.2007572]}},{"type":"Feature","properties":{"id":4031,"z":105.59,"code":"GRD"},"geometry":{"type":"Point","coordinates":[-1.7978835,53.2007628]}},{"type":"Feature","properties":{"id":4032,"z":105.47,"code":"GRD"},"geometry":{"type":"Point","coordinates":[-1.7978317,53.2007644]}},{"type":"Feature","properties":{"id":4033,"z":105.44,"code":"GRD"},"geometry":{"type":"Point","coordinates":[-1.7977843,53.2007591]}},{"type":"Feature","properties":{"id":4034,"z":110.5,"code":"GRD"},"geometry":{"type":"Point","coordinates":[-1.8022371,53.2007928]}},{"type":"Feature","properties":{"id":4035,"z":110.5,"code":"GRD"},"geometry":{"type":"Point","coordinates":[-1.8022061,53.2008147]}},{"type":"Feature","properties":{"id":4036,"z":110.39,"code":"GRD"},"geometry":{"type":"Point","coordinates":[-1.8021186,53.2008069]}},{"type":"Feature","properties":{"id":4037,"z":110.41,"code":"GRD"},"geometry":{"type":"Point","coordinates":[-1.8020461,53.200815]}},{"type":"Feature","properties":{"id":4038,"z":110.41,"code":"GRD"},"geometry":{"type":"Point","coordinates":[-1.8020179,53.2008111]}},{"type":"Feature","properties":{"id":4039,"z":110.55,"code":"GRD"},"geometry":{"type":"Point","coordinates":[-1.8019305,53.2007929]}},{"type":"Feature","properties":{"id":4040,"z":110.8,"code":"GRD"},"geometry":{"type":"Point","coordinates":[-1.8018572,53.2008117]}},{"type":"Feature","properties":{"id":4041,"z":111.05,"code":"GRD"},"geometry":{"type":"Point","coordinates":[-1.801808,53.2008094]}},{"type":"Feature","properties":{"id":4042,"z":111.28,"code":"GRD"},"geometry":{"type":"Point","coordinates":[-1.801765,53.2008082]}},{"type":"Feature","properties":{"id":4043,"z":111.71,"code":"GRD"},"geometry":{"type":"Point","coordinates":[-1.8016966,53.2007926]}},{"type":"Feature","properties":{"id":4044,"z":112.34,"code":"GRD"},"geometry":{"type":"Point","coordinates":[-1.8016181,53.200798]}},{"type":"Feature","properties":{"id":4045,"z":112.78,"code":"GRD"},"geometry":{"type":"Point","coordinates":[-1.8015471,53.2008034]}},{"type":"Feature","properties":{"id":4046,"z":113.3,"code":"GRD"},"geometry":{"type":"Point","coordinates":[-1.8014875,53.2007989]}},{"type":"Feature","properties":{"id":4047,"z":113.79,"code":"GRD"},"geometry":{"type":"Point","coordinates":[-1.801434,53.2008017]}},{"type":"Feature","properties":{"id":4048,"z":114.26,"code":"GRD"},"geometry":{"type":"Point","coordinates":[-1.8013529,53.2008154]}},{"type":"Feature","properties":{"id":4049,"z":114.76,"code":"GRD"},"geometry":{"type":"Point","coordinates":[-1.8013129,53.2007924]}},{"type":"Feature","properties":{"id":4050,"z":115.1,"code":"GRD"},"geometry":{"type":"Point","coordinates":[-1.8012533,53.2008031]}},{"type":"Feature","properties":{"id":4051,"z":115.38,"code":"GRD"},"geometry":{"type":"Point","coordinates":[-1.8011613,53.2008101]}},{"type":"Feature","properties":{"id":4052,"z":115.84,"code":"GRD"},"geometry":{"type":"Point","coordinates":[-1.8011242,53.2007919]}},{"type":"Feature","properties":{"id":4053,"z":115.68,"code":"GRD"},"geometry":{"type":"Point","coordinates":[-1.8010372,53.2008133]}},{"type":"Feature","properties":{"id":4054,"z":115.73,"code":"GRD"},"geometry":{"type":"Point","coordinates":[-1.8009881,53.20081]}},{"type":"Feature","properties":{"id":4055,"z":115.53,"code":"GRD"},"geometry":{"type":"Point","coordinates":[-1.8009292,53.2008145]}},{"type":"Feature","properties":{"id":4056,"z":115.5,"code":"GRD"},"geometry":{"type":"Point","coordinates":[-1.8008513,53.2008049]}},{"type":"Feature","properties":{"id":4057,"z":115.17,"code":"GRD"},"geometry":{"type":"Point","coordinates":[-1.8007895,53.2008044]}},{"type":"Feature","properties":{"id":4058,"z":114.97,"code":"GRD"},"geometry":{"type":"Point","coordinates":[-1.8007453,53.2007937]}},{"type":"Feature","properties":{"id":4059,"z":114.35,"code":"GRD"},"geometry":{"type":"Point","coordinates":[-1.8006884,53.2008131]}},{"type":"Feature","properties":{"id":4060,"z":113.72,"code":"GRD"},"geometry":{"type":"Point","coordinates":[-1.8005914,53.2007954]}},{"type":"Feature","properties":{"id":4061,"z":113.43,"code":"GRD"},"geometry":{"type":"Point","coordinates":[-1.8005558,53.2007935]}},{"type":"Feature","properties":{"id":4062,"z":112.81,"code":"GRD"},"geometry":{"type":"Point","coordinates":[-1.8004956,53.2008142]}},{"type":"Feature","properties":{"id":4063,"z":112.07,"code":"GRD"},"geometry":{"type":"Point","coordinates":[-1.800423,53.2008031]}},{"type":"Feature","properties":{"id":4064,"z":111.65,"code":"GRD"},"geometry":{"type":"Point","coordinates":[-1.8003783,53.2008012]}},{"type":"Feature","properties":{"id":4065,"z":111.15,"code":"GRD"},"geometry":{"type":"Point","coordinates":[-1.8003152,53.200807]}},{"type":"Feature","properties":{"id":4066,"z":110.73,"code":"GRD"},"geometry":{"type":"Point","coordinates":[-1.800253,53.200815]}},{"type":"Feature","properties":{"id":4067,"z":110.18,"code":"GRD"},"geometry":{"type":"Point","coordinates":[-1.8001653,53.2007957]}},{"type":"Feature","properties":{"id":4068,"z":109.8,"code":"GRD"},"geometry":{"type":"Point","coordinates":[-1.8001096,53.2008012]}},{"type":"Feature","properties":{"id":4069,"z":109.58,"code":"GRD"},"geometry":{"type":"Point","coordinates":[-1.8000633,53.2008083]}},{"type":"Feature","properties":{"id":4070,"z":109.08,"code":"GRD"},"geometry":{"type":"Point","coordinates":[-1.7999622,53.2008041]}},{"type":"Feature","properties":{"id":4071,"z":109.04,"code":"GRD"},"geometry":{"type":"Point","coordinates":[-1.799934,53.2008091]}},{"type":"Feature","properties":{"id":4072,"z":108.81,"code":"GRD"},"geometry":{"type":"Point","coordinates":[-1.799848,53.2007931]}},{"type":"Feature","properties":{"id":4073,"z":108.72,"code":"GRD"},"geometry":{"type":"Point","coordinates":[-1.7997846,53.2007909]}},{"type":"Feature","properties":{"id":4074,"z":108.57,"code":"GRD"},"geometry":{"type":"Point","coordinates":[-1.7997145,53.2007921]}},{"type":"Feature","properties":{"id":4075,"z":108.33,"code":"GRD"},"geometry":{"type":"Point","coordinates":[-1.7996659,53.2008084]}},{"type":"Feature","properties":{"id":4076,"z":108.17,"code":"GRD"},"geometry":{"type":"Point","coordinates":[-1.7995857,53.2008125]}},{"type":"Feature","properties":{"id":4077,"z":108.23,"code":"GRD"},"geometry":{"type":"Point","coordinates":[-1.7995441,53.2007947]}},{"type":"Feature","properties":{"id":4078,"z":107.89,"code":"GRD"},"geometry":{"type":"Point","coordinates":[-1.7994797,53.2008141]}},{"type":"Feature","properties":{"id":4079,"z":107.62,"code":"GRD"},"geometry":{"type":"Point","coordinates":[-1.7994134,53.2008127]}},{"type":"Feature","properties":{"id":4080,"z":107.52,"code":"GRD"},"geometry":{"type":"Point","coordinates":[-1.7993532,53.2007968]}},{"type":"Feature","properties":{"id":4081,"z":107.16,"code":"GRD"},"geometry":{"type":"Point","coordinates":[-1.7992813,53.2007979]}},{"type":"Feature","properties":{"id":4082,"z":107.03,"code":"GRD"},"geometry":{"type":"Point","coordinates":[-1.7992449,53.2007947]}},{"type":"Feature","properties":{"id":4083,"z":106.47,"code":"GRD"},"geometry":{"type":"Point","coordinates":[-1.7991456,53.2007942]}},{"type":"Feature","properties":{"id":4084,"z":106.11,"code":"GRD"},"geometry":{"type":"Point","coordinates":[-1.7990822,53.2007918]}},{"type":"Feature","properties":{"id":4085,"z":105.8,"code":"GRD"},"geometry":{"type":"Point","coordinates":[-1.7990332,53.2008138]}},{"type":"Feature","properties":{"id":4086,"z":105.54,"code":"GRD"},"geometry":{"type":"Point","coordinates":[-1.7989857,53.2008155]}},{"type":"Feature","properties":{"id":4087,"z":105.28,"code":"GRD"},"geometry":{"type":"Point","coordinates":[-1.7989217,53.2008156]}},{"type":"Feature","properties":{"id":4088,"z":104.95,"code":"GRD"},"geometry":{"type":"Point","coordinates":[-1.798839,53.2008024]}},{"type":"Feature","properties":{"id":4089,"z":104.87,"code":"GRD"},"geometry":{"type":"Point","coordinates":[-1.7987828,53.2008154]}},{"type":"Feature","properties":{"id":4090,"z":104.56,"code":"GRD"},"geometry":{"type":"Point","coordinates":[-1.7987062,53.2008093]}},{"type":"Feature","properties":{"id":4091,"z":104.43,"code":"GRD"},"geometry":{"type":"Point","coordinates":[-1.7986455,53.2008085]}},{"type":"Feature","properties":{"id":4092,"z":104.35,"code":"GRD"},"geometry":{"type":"Point","coordinates":[-1.7986132,53.2007923]}},{"type":"Feature","properties":{"id":4093,"z":104.41,"code":"GRD"},"geometry":{"type":"Point","coordinates":[-1.7985223,53.2008098]}},{"type":"Feature","properties":{"id":4094,"z":104.41,"code":"GRD"},"geometry":{"type":"Point","coordinates":[-1.7984622,53.2007998]}},{"type":"Feature","properties":{"id":4095,"z":104.44,"code":"GRD"},"geometry":{"type":"Point","coordinates":[-1.7984188,53.2008016]}},{"type":"Feature","properties":{"id":4096,"z":104.61,"code":"GRD"},"geometry":{"type":"Point","coordinates":[-1.7983545,53.200809]}},{"type":"Feature","properties":{"id":4097,"z":104.65,"code":"GRD"},"geometry":{"type":"Point","coordinates":[-1.7982888,53.2008051]}},{"type":"Feature","properties":{"id":4098,"z":104.82,"code":"GRD"},"geometry":{"type":"Point","coordinates":[-1.7982262,53.2008043]}},{"type":"Feature","properties":{"id":4099,"z":104.99,"code":"GRD"},"geometry":{"type":"Point","coordinates":[-1.798141,53.200811]}},{"type":"Feature","properties":{"id":4100,"z":105.19,"code":"GRD"},"geometry":{"type":"Point","coordinates":[-1.7980808,53.2007928]}},{"type":"Feature","properties":{"id":4101,"z":105.27,"code":"GRD"},"geometry":{"type":"Point","coordinates":[-1.7980166,53.200806]}},{"type":"Feature","properties":{"id":4102,"z":105.28,"code":"GRD"},"geometry":{"type":"Point","coordinates":[-1.7979483,53.2008012]}},{"type":"Feature","properties":{"id":4103,"z":105.32,"code":"GRD"},"geometry":{"type":"Point","coordinates":[-1.7979119,53.2008001]}},{"type":"Feature","properties":{"id":4104,"z":105.21,"code":"GRD"},"geometry":{"type":"Point","coordinates":[-1.7978287,53.2007986]}},{"type":"Feature","properties":{"id":4105,"z":105.08,"code":"GRD"},"geometry":{"type":"Point","coordinates":[-1.7977976,53.2008034]}},{"type":"Feature","properties":{"id":4106,"z":110.46,"code":"GRD"},"geometry":{"type":"Point","coordinates":[-1.802234,53.2008445]}},{"type":"Feature","properties":{"id":4107,"z":110.35,"code":"GRD"},"geometry":{"type":"Point","coordinates":[-1.8021657,53.2008292]}},{"type":"Feature","properties":{"id":4108,"z":110.38,"code":"GRD"},"geometry":{"type":"Point","coordinates":[-1.8021266,53.2008332]}},{"type":"Feature","properties":{"id":4109,"z":110.39,"code":"GRD"},"geometry":{"type":"Point","coordinates":[-1.8020536,53.2008447]}},{"type":"Feature","properties":{"id":4110,"z":110.45,"code":"GRD"},"geometry":{"type":"Point","coordinates":[-1.8020178,53.2008437]}},{"type":"Feature","properties":{"id":4111,"z":110.67,"code":"GRD"},"geometry":{"type":"Point","coordinates":[-1.8019284,53.2008441]}},{"type":"Feature","properties":{"id":4112,"z":110.8,"code":"GRD"},"geometry":{"type":"Point","coordinates":[-1.8018836,53.2008461]}},{"type":"Feature","properties":{"id":4113,"z":111.16,"code":"GRD"},"geometry":{"type":"Point","coordinates":[-1.8017923,53.2008516]}},{"type":"Feature","properties":{"id":4114,"z":111.48,"code":"GRD"},"geometry":{"type":"Point","coordinates":[-1.8017268,53.2008533]}},{"type":"Feature","properties":{"id":4115,"z":111.69,"code":"GRD"},"geometry":{"type":"Point","coordinates":[-1.8016813,53.2008417]}},{"type":"Feature","properties":{"id":4116,"z":112.2,"code":"GRD"},"geometry":{"type":"Point","coordinates":[-1.801601,53.2008526]}},{"type":"Feature","properties":{"id":4117,"z":112.6,"code":"GRD"},"geometry":{"type":"Point","coordinates":[-1.801555,53.2008389]}},{"type":"Feature","properties":{"id":4118,"z":113.01,"code":"GRD"},"geometry":{"type":"Point","coordinates":[-1.8014806,53.2008514]}},{"type":"Feature","properties":{"id":4119,"z":113.54,"code":"GRD"},"geometry":{"type":"Point","coordinates":[-1.8014292,53.2008315]}},{"type":"Feature","properties":{"id":4120,"z":113.77,"code":"GRD"},"geometry":{"type":"Point","coordinates":[-1.8013661,53.2008488]}},{"type":"Feature","properties":{"id":4121,"z":113.99,"code":"GRD"},"geometry":{"type":"Point","coordinates":[-1.801319,53.2008517]}},{"type":"Feature","properties":{"id":4122,"z":114.73,"code":"GRD"},"geometry":{"type":"Point","coordinates":[-1.8012261,53.2008405]}},{"type":"Feature","properties":{"id":4123,"z":114.91,"code":"GRD"},"geometry":{"type":"Point","coordinates":[-1.8011829,53.2008382]}},{"type":"Feature","properties":{"id":4124,"z":115.18,"code":"GRD"},"geometry":{"type":"Point","coordinates":[-1.8011208,53.2008352]}},{"type":"Feature","properties":{"id":4125,"z":115.24,"code":"GRD"},"geometry":{"type":"Point","coordinates":[-1.801052,53.2008391]}},{"type":"Feature","properties":{"id":4126,"z":115.19,"code":"GRD"},"geometry":{"type":"Point","coordinates":[-1.8009792,53.2008409]}},{"type":"Feature","properties":{"id":4127,"z":115.05,"code":"GRD"},"geometry":{"type":"Point","coordinates":[-1.8009243,53.200845]}},{"type":"Feature","properties":{"id":4128,"z":114.77,"code":"GRD"},"geometry":{"type":"Point","coordinates":[-1.8008582,53.200847]}},{"type":"Feature","properties":{"id":4129,"z":114.82,"code":"GRD"},"geometry":{"type":"Point","coordinates":[-1.8007973,53.2008346]}},{"type":"Feature","properties":{"id":4130,"z":114.45,"code":"GRD"},"geometry":{"type":"Point","coordinates":[-1.8007535,53.200844]}},{"type":"Feature","properties":{"id":4131,"z":113.7,"code":"GRD"},"geometry":{"type":"Point","coordinates":[-1.8006615,53.2008489]}},{"type":"Feature","properties":{"id":4132,"z":113.52,"code":"GRD"},"geometry":{"type":"Point","coordinates":[-1.8006081,53.2008344]}},{"type":"Feature","properties":{"id":4133,"z":113.18,"code":"GRD"},"geometry":{"type":"Point","coordinates":[-1.8005584,53.2008404]}},{"type":"Feature","properties":{"id":4134,"z":112.59,"code":"GRD"},"geometry":{"type":"Point","coordinates":[-1.8004838,53.2008287]}},{"type":"Feature","properties":{"id":4135,"z":111.9,"code":"GRD"},"geometry":{"type":"Point","coordinates":[-1.8004105,53.200848]}},{"type":"Feature","properties":{"id":4136,"z":111.69,"code":"GRD"},"geometry":{"type":"Point","coordinates":[-1.8003772,53.2008323]}},{"type":"Feature","properties":{"id":4137,"z":110.92,"code":"GRD"},"geometry":{"type":"Point","coordinates":[-1.8002843,53.200843]}},{"type":"Feature","properties":{"id":4138,"z":110.5,"code":"GRD"},"geometry":{"type":"Point","coordinates":[-1.8002183,53.2008468]}},{"type":"Feature","properties":{"id":4139,"z":110.12,"code":"GRD"},"geometry":{"type":"Point","coordinates":[-1.8001619,53.2008293]}},{"type":"Feature","properties":{"id":4140,"z":109.61,"code":"GRD"},"geometry":{"type":"Point","coordinates":[-1.8000894,53.2008356]}},{"type":"Feature","properties":{"id":4141,"z":109.42,"code":"GRD"},"geometry":{"type":"Point","coordinates":[-1.8000427,53.2008426]}},{"type":"Feature","properties":{"id":4142,"z":109.18,"code":"GRD"},"geometry":{"type":"Point","coordinates":[-1.8000002,53.2008497]}},{"type":"Feature","properties":{"id":4143,"z":108.9,"code":"GRD"},"geometry":{"type":"Point","coordinates":[-1.7999189,53.200833]}},{"type":"Feature","properties":{"id":4144,"z":108.64,"code":"GRD"},"geometry":{"type":"Point","coordinates":[-1.7998589,53.2008463]}},{"type":"Feature","properties":{"id":4145,"z":108.4,"code":"GRD"},"geometry":{"type":"Point","coordinates":[-1.799802,53.2008526]}},{"type":"Feature","properties":{"id":4146,"z":108.3,"code":"GRD"},"geometry":{"type":"Point","coordinates":[-1.7997247,53.2008329]}},{"type":"Feature","properties":{"id":4147,"z":108.11,"code":"GRD"},"geometry":{"type":"Point","coordinates":[-1.799685,53.2008448]}},{"type":"Feature","properties":{"id":4148,"z":108.02,"code":"GRD"},"geometry":{"type":"Point","coordinates":[-1.7996204,53.2008318]}},{"type":"Feature","properties":{"id":4149,"z":107.67,"code":"GRD"},"geometry":{"type":"Point","coordinates":[-1.7995592,53.2008471]}},{"type":"Feature","properties":{"id":4150,"z":107.73,"code":"GRD"},"geometry":{"type":"Point","coordinates":[-1.7994931,53.2008297]}},{"type":"Feature","properties":{"id":4151,"z":107.25,"code":"GRD"},"geometry":{"type":"Point","coordinates":[-1.7994055,53.2008511]}},{"type":"Feature","properties":{"id":4152,"z":107.34,"code":"GRD"},"geometry":{"type":"Point","coordinates":[-1.7993726,53.200832]}},{"type":"Feature","properties":{"id":4153,"z":107.01,"code":"GRD"},"geometry":{"type":"Point","coordinates":[-1.7992966,53.2008331]}},{"type":"Feature","properties":{"id":4154,"z":106.64,"code":"GRD"},"geometry":{"type":"Point","coordinates":[-1.7992129,53.2008309]}},{"type":"Feature","properties":{"id":4155,"z":106.38,"code":"GRD"},"geometry":{"type":"Point","coordinates":[-1.7991567,53.2008315]}},{"type":"Feature","properties":{"id":4156,"z":106.12,"code":"GRD"},"geometry":{"type":"Point","coordinates":[-1.7991129,53.2008531]}},{"type":"Feature","properties":{"id":4157,"z":105.84,"code":"GRD"},"geometry":{"type":"Point","coordinates":[-1.7990305,53.2008534]}},{"type":"Feature","properties":{"id":4158,"z":105.53,"code":"GRD"},"geometry":{"type":"Point","coordinates":[-1.7989722,53.2008312]}},{"type":"Feature","properties":{"id":4159,"z":105.25,"code":"GRD"},"geometry":{"type":"Point","coordinates":[-1.7989077,53.2008379]}},{"type":"Feature","properties":{"id":4160,"z":104.97,"code":"GRD"},"geometry":{"type":"Point","coordinates":[-1.7988349,53.2008298]}},{"type":"Feature","properties":{"id":4161,"z":104.89,"code":"GRD"},"geometry":{"type":"Point","coordinates":[-1.7987678,53.2008478]}},{"type":"Feature","properties":{"id":4162,"z":104.74,"code":"GRD"},"geometry":{"type":"Point","coordinates":[-1.7987333,53.2008379]}},{"type":"Feature","properties":{"id":4163,"z":104.73,"code":"GRD"},"geometry":{"type":"Point","coordinates":[-1.7986777,53.2008532]}},{"type":"Feature","properties":{"id":4164,"z":104.53,"code":"GRD"},"geometry":{"type":"Point","coordinates":[-1.7985983,53.2008318]}},{"type":"Feature","properties":{"id":4165,"z":104.51,"code":"GRD"},"geometry":{"type":"Point","coordinates":[-1.7985161,53.2008318]}},{"type":"Feature","properties":{"id":4166,"z":104.61,"code":"GRD"},"geometry":{"type":"Point","coordinates":[-1.7984677,53.200852]}},{"type":"Feature","properties":{"id":4167,"z":104.54,"code":"GRD"},"geometry":{"type":"Point","coordinates":[-1.7984164,53.2008452]}},{"type":"Feature","properties":{"id":4168,"z":104.65,"code":"GRD"},"geometry":{"type":"Point","coordinates":[-1.7983315,53.2008334]}},{"type":"Feature","properties":{"id":4169,"z":104.76,"code":"GRD"},"geometry":{"type":"Point","coordinates":[-1.7982773,53.2008506]}},{"type":"Feature","properties":{"id":4170,"z":104.81,"code":"GRD"},"geometry":{"type":"Point","coordinates":[-1.7982146,53.200835]}},{"type":"Feature","properties":{"id":4171,"z":104.86,"code":"GRD"},"geometry":{"type":"Point","coordinates":[-1.798172,53.2008285]}},{"type":"Feature","properties":{"id":4172,"z":104.87,"code":"GRD"},"geometry":{"type":"Point","coordinates":[-1.7980893,53.2008428]}},{"type":"Feature","properties":{"id":4173,"z":105.02,"code":"GRD"},"geometry":{"type":"Point","coordinates":[-1.7980426,53.2008335]}},{"type":"Feature","properties":{"id":4174,"z":104.91,"code":"GRD"},"geometry":{"type":"Point","coordinates":[-1.7979629,53.2008384]}},{"type":"Feature","properties":{"id":4175,"z":104.91,"code":"GRD"},"geometry":{"type":"Point","coordinates":[-1.7979049,53.200847]}},{"type":"Feature","properties":{"id":4176,"z":104.95,"code":"GRD"},"geometry":{"type":"Point","coordinates":[-1.797859,53.2008406]}},{"type":"Feature","properties":{"id":4177,"z":104.86,"code":"GRD"},"geometry":{"type":"Point","coordinates":[-1.7977906,53.2008379]}},{"type":"Feature","properties":{"id":4178,"z":110.4,"code":"GRD"},"geometry":{"type":"Point","coordinates":[-1.8021948,53.2008736]}},{"type":"Feature","properties":{"id":4179,"z":110.42,"code":"GRD"},"geometry":{"type":"Point","coordinates":[-1.8021115,53.2008797]}},{"type":"Feature","properties":{"id":4180,"z":110.47,"code":"GRD"},"geometry":{"type":"Point","coordinates":[-1.802044,53.2008815]}},{"type":"Feature","properties":{"id":4181,"z":110.56,"code":"GRD"},"geometry":{"type":"Point","coordinates":[-1.8019834,53.2008773]}},{"type":"Feature","properties":{"id":4182,"z":110.66,"code":"GRD"},"geometry":{"type":"Point","coordinates":[-1.8019497,53.2008716]}},{"type":"Feature","properties":{"id":4183,"z":110.86,"code":"GRD"},"geometry":{"type":"Point","coordinates":[-1.801885,53.2008817]}},{"type":"Feature","properties":{"id":4184,"z":111.14,"code":"GRD"},"geometry":{"type":"Point","coordinates":[-1.8018009,53.2008777]}},{"type":"Feature","properties":{"id":4185,"z":111.38,"code":"GRD"},"geometry":{"type":"Point","coordinates":[-1.8017418,53.2008669]}},{"type":"Feature","properties":{"id":4186,"z":111.65,"code":"GRD"},"geometry":{"type":"Point","coordinates":[-1.8016863,53.2008905]}},{"type":"Feature","properties":{"id":4187,"z":112.02,"code":"GRD"},"geometry":{"type":"Point","coordinates":[-1.8016144,53.2008905]}},{"type":"Feature","properties":{"id":4188,"z":112.42,"code":"GRD"},"geometry":{"type":"Point","coordinates":[-1.8015581,53.2008764]}},{"type":"Feature","properties":{"id":4189,"z":112.58,"code":"GRD"},"geometry":{"type":"Point","coordinates":[-1.8015051,53.2008828]}},{"type":"Feature","properties":{"id":4190,"z":113.09,"code":"GRD"},"geometry":{"type":"Point","coordinates":[-1.8014391,53.2008749]}},{"type":"Feature","properties":{"id":4191,"z":113.48,"code":"GRD"},"geometry":{"type":"Point","coordinates":[-1.8013503,53.2008782]}},{"type":"Feature","properties":{"id":4192,"z":113.93,"code":"GRD"},"geometry":{"type":"Point","coordinates":[-1.8012893,53.2008692]}},{"type":"Feature","properties":{"id":4193,"z":113.89,"code":"GRD"},"geometry":{"type":"Point","coordinates":[-1.8012267,53.2008883]}},{"type":"Feature","properties":{"id":4194,"z":114.26,"code":"GRD"},"geometry":{"type":"Point","coordinates":[-1.8011793,53.2008777]}},{"type":"Feature","properties":{"id":4195,"z":114.51,"code":"GRD"},"geometry":{"type":"Point","coordinates":[-1.8011239,53.2008694]}},{"type":"Feature","properties":{"id":4196,"z":114.25,"code":"GRD"},"geometry":{"type":"Point","coordinates":[-1.8010351,53.2008862]}},{"type":"Feature","properties":{"id":4197,"z":114.37,"code":"GRD"},"geometry":{"type":"Point","coordinates":[-1.8009757,53.2008828]}},{"type":"Feature","properties":{"id":4198,"z":114.39,"code":"GRD"},"geometry":{"type":"Point","coordinates":[-1.8009432,53.2008823]}},{"type":"Feature","properties":{"id":4199,"z":114.19,"code":"GRD"},"geometry":{"type":"Point","coordinates":[-1.8008668,53.2008822]}},{"type":"Feature","properties":{"id":4200,"z":114.19,"code":"GRD"},"geometry":{"type":"Point","coordinates":[-1.8008138,53.2008716]}},{"type":"Feature","properties":{"id":4201,"z":113.72,"code":"GRD"},"geometry":{"type":"Point","coordinates":[-1.800754,53.2008827]}},{"type":"Feature","properties":{"id":4202,"z":113.66,"code":"GRD"},"geometry":{"type":"Point","coordinates":[-1.8006747,53.2008669]}},{"type":"Feature","properties":{"id":4203,"z":113.21,"code":"GRD"},"geometry":{"type":"Point","coordinates":[-1.8006038,53.2008693]}},{"type":"Feature","properties":{"id":4204,"z":112.75,"code":"GRD"},"geometry":{"type":"Point","coordinates":[-1.8005542,53.2008816]}},{"type":"Feature","properties":{"id":4205,"z":112.12,"code":"GRD"},"geometry":{"type":"Point","coordinates":[-1.8004717,53.2008708]}},{"type":"Feature","properties":{"id":4206,"z":111.79,"code":"GRD"},"geometry":{"type":"Point","coordinates":[-1.8004204,53.2008812]}},{"type":"Feature","properties":{"id":4207,"z":111.45,"code":"GRD"},"geometry":{"type":"Point","coordinates":[-1.8003648,53.200872]}},{"type":"Feature","properties":{"id":4208,"z":110.89,"code":"GRD"},"geometry":{"type":"Point","coordinates":[-1.8002899,53.2008879]}},{"type":"Feature","properties":{"id":4209,"z":110.36,"code":"GRD"},"geometry":{"type":"Point","coordinates":[-1.8002147,53.2008724]}},{"type":"Feature","properties":{"id":4210,"z":110.11,"code":"GRD"},"geometry":{"type":"Point","coordinates":[-1.8001678,53.2008868]}},{"type":"Feature","properties":{"id":4211,"z":109.75,"code":"GRD"},"geometry":{"type":"Point","coordinates":[-1.8001075,53.2008865]}},{"type":"Feature","properties":{"id":4212,"z":109.51,"code":"GRD"},"geometry":{"type":"Point","coordinates":[-1.8000575,53.2008759]}},{"type":"Feature","properties":{"id":4213,"z":109.05,"code":"GRD"},"geometry":{"type":"Point","coordinates":[-1.7999802,53.200881]}},{"type":"Feature","properties":{"id":4214,"z":108.76,"code":"GRD"},"geometry":{"type":"Point","coordinates":[-1.7999043,53.2008774]}},{"type":"Feature","properties":{"id":4215,"z":108.47,"code":"GRD"},"geometry":{"type":"Point","coordinates":[-1.7998602,53.2008814]}},{"type":"Feature","properties":{"id":4216,"z":108.33,"code":"GRD"},"geometry":{"type":"Point","coordinates":[-1.7998014,53.2008673]}},{"type":"Feature","properties":{"id":4217,"z":108.0,"code":"GRD"},"geometry":{"type":"Point","coordinates":[-1.7997385,53.2008872]}},{"type":"Feature","properties":{"id":4218,"z":107.83,"code":"GRD"},"geometry":{"type":"Point","coordinates":[-1.7996473,53.200871]}},{"type":"Feature","properties":{"id":4219,"z":107.73,"code":"GRD"},"geometry":{"type":"Point","coordinates":[-1.7996062,53.2008695]}},{"type":"Feature","properties":{"id":4220,"z":107.42,"code":"GRD"},"geometry":{"type":"Point","coordinates":[-1.7995282,53.2008699]}},{"type":"Feature","properties":{"id":4221,"z":107.28,"code":"GRD"},"geometry":{"type":"Point","coordinates":[-1.799472,53.2008689]}},{"type":"Feature","properties":{"id":4222,"z":106.96,"code":"GRD"},"geometry":{"type":"Point","coordinates":[-1.7994154,53.2008873]}},{"type":"Feature","properties":{"id":4223,"z":106.8,"code":"GRD"},"geometry":{"type":"Point","coordinates":[-1.7993701,53.200887]}},{"type":"Feature","properties":{"id":4224,"z":106.66,"code":"GRD"},"geometry":{"type":"Point","coordinates":[-1.799282,53.2008721]}},{"type":"Feature","properties":{"id":4225,"z":106.36,"code":"GRD"},"geometry":{"type":"Point","coordinates":[-1.7992267,53.2008843]}},{"type":"Feature","properties":{"id":4226,"z":106.26,"code":"GRD"},"geometry":{"type":"Point","coordinates":[-1.799159,53.2008676]}},{"type":"Feature","properties":{"id":4227,"z":105.91,"code":"GRD"},"geometry":{"type":"Point","coordinates":[-1.7990815,53.2008886]}},{"type":"Feature","properties":{"id":4228,"z":105.82,"code":"GRD"},"geometry":{"type":"Point","coordinates":[-1.7990456,53.2008672]}},{"type":"Feature","properties":{"id":4229,"z":105.54,"code":"GRD"},"geometry":{"type":"Point","coordinates":[-1.7989578,53.2008891]}},{"type":"Feature","properties":{"id":4230,"z":105.42,"code":"GRD"},"geometry":{"type":"Point","coordinates":[-1.7988994,53.2008855]}},{"type":"Feature","properties":{"id":4231,"z":105.21,"code":"GRD"},"geometry":{"type":"Point","coordinates":[-1.7988533,53.2008841]}},{"type":"Feature","properties":{"id":4232,"z":105.07,"code":"GRD"},"geometry":{"type":"Point","coordinates":[-1.7988058,53.2008834]}},{"type":"Feature","properties":{"id":4233,"z":105.0,"code":"GRD"},"geometry":{"type":"Point","coordinates":[-1.7987103,53.2008774]}},{"type":"Feature","properties":{"id":4234,"z":104.88,"code":"GRD"},"geometry":{"type":"Point","coordinates":[-1.7986506,53.2008807]}},{"type":"Feature","properties":{"id":4235,"z":104.78,"code":"GRD"},"geometry":{"type":"Point","coordinates":[-1.7986079,53.2008724]}},{"type":"Feature","properties":{"id":4236,"z":104.76,"code":"GRD"},"geometry":{"type":"Point","coordinates":[-1.7985248,53.200889]}},{"type":"Feature","properties":{"id":4237,"z":104.63,"code":"GRD"},"geometry":{"type":"Point","coordinates":[-1.7984647,53.2008696]}},{"type":"Feature","properties":{"id":4238,"z":104.72,"code":"GRD"},"geometry":{"type":"Point","coordinates":[-1.7984177,53.2008806]}},{"type":"Feature","properties":{"id":4239,"z":104.66,"code":"GRD"},"geometry":{"type":"Point","coordinates":[-1.7983362,53.2008744]}},{"type":"Feature","properties":{"id":4240,"z":104.66,"code":"GRD"},"geometry":{"type":"Point","coordinates":[-1.7982892,53.2008702]}},{"type":"Feature","properties":{"id":4241,"z":104.73,"code":"GRD"},"geometry":{"type":"Point","coordinates":[-1.7982348,53.2008894]}},{"type":"Feature","properties":{"id":4242,"z":104.66,"code":"GRD"},"geometry":{"type":"Point","coordinates":[-1.7981761,53.2008844]}},{"type":"Feature","properties":{"id":4243,"z":104.87,"code":"GRD"},"geometry":{"type":"Point","coordinates":[-1.7981014,53.2008666]}},{"type":"Feature","properties":{"id":4244,"z":104.76,"code":"GRD"},"geometry":{"type":"Point","coordinates":[-1.7980215,53.2008755]}},{"type":"Feature","properties":{"id":4245,"z":104.61,"code":"GRD"},"geometry":{"type":"Point","coordinates":[-1.797969,53.2008826]}},{"type":"Feature","properties":{"id":4246,"z":104.7,"code":"GRD"},"geometry":{"type":"Point","coordinates":[-1.7978959,53.2008742]}},{"type":"Feature","properties":{"id":4247,"z":104.73,"code":"GRD"},"geometry":{"type":"Point","coordinates":[-1.7978376,53.2008672]}},{"type":"Feature","properties":{"id":4248,"z":104.57,"code":"GRD"},"geometry":{"type":"Point","coordinates":[-1.7977918,53.2008768]}},{"type":"Feature","properties":{"id":4249,"z":110.36,"code":"GRD"},"geometry":{"type":"Point","coordinates":[-1.8021759,53.2009223]}},{"type":"Feature","properties":{"id":4250,"z":110.44,"code":"GRD"},"geometry":{"type":"Point","coordinates":[-1.8021417,53.2009187]}},{"type":"Feature","properties":{"id":4251,"z":110.55,"code":"GRD"},"geometry":{"type":"Point","coordinates":[-1.8020401,53.2009096]}},{"type":"Feature","properties":{"id":4252,"z":110.62,"code":"GRD"},"geometry":{"type":"Point","coordinates":[-1.8020092,53.2009119]}},{"type":"Feature","properties":{"id":4253,"z":110.82,"code":"GRD"},"geometry":{"type":"Point","coordinates":[-1.8019448,53.2009163]}},{"type":"Feature","properties":{"id":4254,"z":111.13,"code":"GRD"},"geometry":{"type":"Point","coordinates":[-1.8018584,53.2009231]}},{"type":"Feature","properties":{"id":4255,"z":111.24,"code":"GRD"},"geometry":{"type":"Point","coordinates":[-1.8018028,53.2009104]}},{"type":"Feature","properties":{"id":4256,"z":111.4,"code":"GRD"},"geometry":{"type":"Point","coordinates":[-1.8017663,53.2009253]}},{"type":"Feature","properties":{"id":4257,"z":111.67,"code":"GRD"},"geometry":{"type":"Point","coordinates":[-1.8016908,53.2009237]}},{"type":"Feature","properties":{"id":4258,"z":112.03,"code":"GRD"},"geometry":{"type":"Point","coordinates":[-1.8016009,53.2009267]}},{"type":"Feature","properties":{"id":4259,"z":112.19,"code":"GRD"},"geometry":{"type":"Point","coordinates":[-1.8015578,53.2009051]}},{"type":"Feature","properties":{"id":4260,"z":112.5,"code":"GRD"},"geometry":{"type":"Point","coordinates":[-1.8015048,53.2009072]}},{"type":"Feature","properties":{"id":4261,"z":112.82,"code":"GRD"},"geometry":{"type":"Point","coordinates":[-1.8014382,53.200905]}},{"type":"Feature","properties":{"id":4262,"z":112.83,"code":"GRD"},"geometry":{"type":"Point","coordinates":[-1.8013763,53.2009252]}},{"type":"Feature","properties":{"id":4263,"z":113.46,"code":"GRD"},"geometry":{"type":"Point","coordinates":[-1.8012899,53.2009041]}},{"type":"Feature","properties":{"id":4264,"z":113.47,"code":"GRD"},"geometry":{"type":"Point","coordinates":[-1.8012322,53.2009174]}},{"type":"Feature","properties":{"id":4265,"z":113.76,"code":"GRD"},"geometry":{"type":"Point","coordinates":[-1.8011663,53.2009063]}},{"type":"Feature","properties":{"id":4266,"z":113.62,"code":"GRD"},"geometry":{"type":"Point","coordinates":[-1.8010964,53.2009182]}},{"type":"Feature","properties":{"id":4267,"z":113.58,"code":"GRD"},"geometry":{"type":"Point","coordinates":[-1.8010724,53.2009214]}},{"type":"Feature","properties":{"id":4268,"z":113.94,"code":"GRD"},"geometry":{"type":"Point","coordinates":[-1.8009808,53.2009083]}},{"type":"Feature","properties":{"id":4269,"z":113.79,"code":"GRD"},"geometry":{"type":"Point","coordinates":[-1.8009348,53.2009124]}},{"type":"Feature","properties":{"id":4270,"z":113.6,"code":"GRD"},"geometry":{"type":"Point","coordinates":[-1.8008483,53.2009179]}},{"type":"Feature","properties":{"id":4271,"z":113.46,"code":"GRD"},"geometry":{"type":"Point","coordinates":[-1.8007915,53.200918]}},{"type":"Feature","properties":{"id":4272,"z":113.21,"code":"GRD"},"geometry":{"type":"Point","coordinates":[-1.8007188,53.2009157]}},{"type":"Feature","properties":{"id":4273,"z":113.13,"code":"GRD"},"geometry":{"type":"Point","coordinates":[-1.8006832,53.2009112]}},{"type":"Feature","properties":{"id":4274,"z":112.82,"code":"GRD"},"geometry":{"type":"Point","coordinates":[-1.8006148,53.2009166]}},{"type":"Feature","properties":{"id":4275,"z":112.63,"code":"GRD"},"geometry":{"type":"Point","coordinates":[-1.8005676,53.20091]}},{"type":"Feature","properties":{"id":4276,"z":112.11,"code":"GRD"},"geometry":{"type":"Point","coordinates":[-1.8004823,53.2009043]}},{"type":"Feature","properties":{"id":4277,"z":111.74,"code":"GRD"},"geometry":{"type":"Point","coordinates":[-1.8004132,53.2009131]}},{"type":"Feature","properties":{"id":4278,"z":111.42,"code":"GRD"},"geometry":{"type":"Point","coordinates":[-1.8003739,53.2009226]}},{"type":"Feature","properties":{"id":4279,"z":110.95,"code":"GRD"},"geometry":{"type":"Point","coordinates":[-1.8003004,53.2009175]}},{"type":"Feature","properties":{"id":4280,"z":110.51,"code":"GRD"},"geometry":{"type":"Point","coordinates":[-1.8002258,53.2009088]}},{"type":"Feature","properties":{"id":4281,"z":110.01,"code":"GRD"},"geometry":{"type":"Point","coordinates":[-1.8001584,53.2009275]}},{"type":"Feature","properties":{"id":4282,"z":109.69,"code":"GRD"},"geometry":{"type":"Point","coordinates":[-1.8001003,53.2009206]}},{"type":"Feature","properties":{"id":4283,"z":109.43,"code":"GRD"},"geometry":{"type":"Point","coordinates":[-1.8000503,53.2009241]}},{"type":"Feature","properties":{"id":4284,"z":109.04,"code":"GRD"},"geometry":{"type":"Point","coordinates":[-1.799978,53.2009107]}},{"type":"Feature","properties":{"id":4285,"z":108.52,"code":"GRD"},"geometry":{"type":"Point","coordinates":[-1.7998989,53.2009201]}},{"type":"Feature","properties":{"id":4286,"z":108.36,"code":"GRD"},"geometry":{"type":"Point","coordinates":[-1.7998462,53.2009124]}},{"type":"Feature","properties":{"id":4287,"z":108.02,"code":"GRD"},"geometry":{"type":"Point","coordinates":[-1.7997858,53.2009139]}},{"type":"Feature","properties":{"id":4288,"z":107.79,"code":"GRD"},"geometry":{"type":"Point","coordinates":[-1.7997291,53.2009081]}},{"type":"Feature","properties":{"id":4289,"z":107.57,"code":"GRD"},"geometry":{"type":"Point","coordinates":[-1.7996569,53.2009077]}},{"type":"Feature","properties":{"id":4290,"z":107.2,"code":"GRD"},"geometry":{"type":"Point","coordinates":[-1.7996168,53.2009199]}},{"type":"Feature","properties":{"id":4291,"z":107.14,"code":"GRD"},"geometry":{"type":"Point","coordinates":[-1.7995613,53.2009148]}},{"type":"Feature","properties":{"id":4292,"z":106.71,"code":"GRD"},"geometry":{"type":"Point","coordinates":[-1.7994642,53.2009227]}},{"type":"Feature","properties":{"id":4293,"z":106.82,"code":"GRD"},"geometry":{"type":"Point","coordinates":[-1.7994195,53.2009038]}},{"type":"Feature","properties":{"id":4294,"z":106.61,"code":"GRD"},"geometry":{"type":"Point","coordinates":[-1.7993697,53.2009094]}},{"type":"Feature","properties":{"id":4295,"z":106.3,"code":"GRD"},"geometry":{"type":"Point","coordinates":[-1.7992982,53.2009177]}},{"type":"Feature","properties":{"id":4296,"z":106.1,"code":"GRD"},"geometry":{"type":"Point","coordinates":[-1.7992179,53.20092]}},{"type":"Feature","properties":{"id":4297,"z":106.05,"code":"GRD"},"geometry":{"type":"Point","coordinates":[-1.7991837,53.2009237]}},{"type":"Feature","properties":{"id":4298,"z":105.92,"code":"GRD"},"geometry":{"type":"Point","coordinates":[-1.7991054,53.200911]}},{"type":"Feature","properties":{"id":4299,"z":105.83,"code":"GRD"},"geometry":{"type":"Point","coordinates":[-1.7990519,53.2009119]}},{"type":"Feature","properties":{"id":4300,"z":105.62,"code":"GRD"},"geometry":{"type":"Point","coordinates":[-1.7989908,53.2009085]}},{"type":"Feature","properties":{"id":4301,"z":105.56,"code":"GRD"},"geometry":{"type":"Point","coordinates":[-1.7989278,53.2009256]}},{"type":"Feature","properties":{"id":4302,"z":105.43,"code":"GRD"},"geometry":{"type":"Point","coordinates":[-1.7988668,53.2009141]}},{"type":"Feature","properties":{"id":4303,"z":105.33,"code":"GRD"},"geometry":{"type":"Point","coordinates":[-1.7987939,53.2009148]}},{"type":"Feature","properties":{"id":4304,"z":105.11,"code":"GRD"},"geometry":{"type":"Point","coordinates":[-1.7987144,53.2009102]}},{"type":"Feature","properties":{"id":4305,"z":105.17,"code":"GRD"},"geometry":{"type":"Point","coordinates":[-1.7986537,53.2009149]}},{"type":"Feature","properties":{"id":4306,"z":105.14,"code":"GRD"},"geometry":{"type":"Point","coordinates":[-1.7986084,53.2009235]}},{"type":"Feature","properties":{"id":4307,"z":104.93,"code":"GRD"},"geometry":{"type":"Point","coordinates":[-1.7985186,53.2009131]}},{"type":"Feature","properties":{"id":4308,"z":104.85,"code":"GRD"},"geometry":{"type":"Point","coordinates":[-1.7984713,53.2009043]}},{"type":"Feature","properties":{"id":4309,"z":104.91,"code":"GRD"},"geometry":{"type":"Point","coordinates":[-1.7984199,53.2009245]}},{"type":"Feature","properties":{"id":4310,"z":104.76,"code":"GRD"},"geometry":{"type":"Point","coordinates":[-1.7983255,53.2009117]}},{"type":"Feature","properties":{"id":4311,"z":104.68,"code":"GRD"},"geometry":{"type":"Point","coordinates":[-1.798278,53.2009086]}},{"type":"Feature","properties":{"id":4312,"z":104.57,"code":"GRD"},"geometry":{"type":"Point","coordinates":[-1.7982013,53.2009167]}},{"type":"Feature","properties":{"id":4313,"z":104.55,"code":"GRD"},"geometry":{"type":"Point","coordinates":[-1.7981545,53.200916]}},{"type":"Feature","properties":{"id":4314,"z":104.49,"code":"GRD"},"geometry":{"type":"Point","coordinates":[-1.7980836,53.2009156]}},{"type":"Feature","properties":{"id":4315,"z":104.51,"code":"GRD"},"geometry":{"type":"Point","coordinates":[-1.7980441,53.2009093]}},{"type":"Feature","properties":{"id":4316,"z":104.38,"code":"GRD"},"geometry":{"type":"Point","coordinates":[-1.7979467,53.2009186]}},{"type":"Feature","properties":{"id":4317,"z":104.32,"code":"GRD"},"geometry":{"type":"Point","coordinates":[-1.7979,53.2009166]}},{"type":"Feature","properties":{"id":4318,"z":104.2,"code":"GRD"},"geometry":{"type":"Point","coordinates":[-1.79782,53.2009264]}},{"type":"Feature","properties":{"id":4319,"z":104.13,"code":"GRD"},"geometry":{"type":"Point","coordinates":[-1.7977573,53.2009225]}},{"type":"Feature","properties":{"id":4320,"z":110.16,"code":"GRD"},"geometry":{"type":"Point","coordinates":[-1.8022304,53.200951]}},{"type":"Feature","properties":{"id":4321,"z":110.26,"code":"GRD"},"geometry":{"type":"Point","coordinates":[-1.802174,53.2009595]}},{"type":"Feature","properties":{"id":4322,"z":110.47,"code":"GRD"},"geometry":{"type":"Point","coordinates":[-1.80211,53.2009499]}},{"type":"Feature","properties":{"id":4323,"z":110.57,"code":"GRD"},"geometry":{"type":"Point","coordinates":[-1.8020411,53.2009496]}},{"type":"Feature","properties":{"id":4324,"z":110.79,"code":"GRD"},"geometry":{"type":"Point","coordinates":[-1.8019925,53.2009631]}},{"type":"Feature","properties":{"id":4325,"z":110.8,"code":"GRD"},"geometry":{"type":"Point","coordinates":[-1.8019494,53.2009453]}},{"type":"Feature","properties":{"id":4326,"z":111.15,"code":"GRD"},"geometry":{"type":"Point","coordinates":[-1.8018792,53.2009578]}},{"type":"Feature","properties":{"id":4327,"z":111.24,"code":"GRD"},"geometry":{"type":"Point","coordinates":[-1.8018245,53.2009463]}},{"type":"Feature","properties":{"id":4328,"z":111.43,"code":"GRD"},"geometry":{"type":"Point","coordinates":[-1.8017549,53.2009552]}},{"type":"Feature","properties":{"id":4329,"z":111.54,"code":"GRD"},"geometry":{"type":"Point","coordinates":[-1.801694,53.2009436]}},{"type":"Feature","properties":{"id":4330,"z":111.94,"code":"GRD"},"geometry":{"type":"Point","coordinates":[-1.8016046,53.2009563]}},{"type":"Feature","properties":{"id":4331,"z":111.97,"code":"GRD"},"geometry":{"type":"Point","coordinates":[-1.8015721,53.2009505]}},{"type":"Feature","properties":{"id":4332,"z":112.16,"code":"GRD"},"geometry":{"type":"Point","coordinates":[-1.8015054,53.2009528]}},{"type":"Feature","properties":{"id":4333,"z":112.56,"code":"GRD"},"geometry":{"type":"Point","coordinates":[-1.801414,53.2009462]}},{"type":"Feature","properties":{"id":4334,"z":112.34,"code":"GRD"},"geometry":{"type":"Point","coordinates":[-1.8013467,53.2009656]}},{"type":"Feature","properties":{"id":4335,"z":112.64,"code":"GRD"},"geometry":{"type":"Point","coordinates":[-1.8012859,53.2009599]}},{"type":"Feature","properties":{"id":4336,"z":112.7,"code":"GRD"},"geometry":{"type":"Point","coordinates":[-1.8012474,53.2009573]}},{"type":"Feature","properties":{"id":4337,"z":113.0,"code":"GRD"},"geometry":{"type":"Point","coordinates":[-1.8011797,53.2009437]}},{"type":"Feature","properties":{"id":4338,"z":112.75,"code":"GRD"},"geometry":{"type":"Point","coordinates":[-1.8011302,53.2009614]}},{"type":"Feature","properties":{"id":4339,"z":112.93,"code":"GRD"},"geometry":{"type":"Point","coordinates":[-1.8010557,53.2009593]}},{"type":"Feature","properties":{"id":4340,"z":113.18,"code":"GRD"},"geometry":{"type":"Point","coordinates":[-1.8009988,53.2009436]}},{"type":"Feature","properties":{"id":4341,"z":112.98,"code":"GRD"},"geometry":{"type":"Point","coordinates":[-1.8009392,53.2009531]}},{"type":"Feature","properties":{"id":4342,"z":112.75,"code":"GRD"},"geometry":{"type":"Point","coordinates":[-1.8008639,53.2009638]}},{"type":"Feature","properties":{"id":4343,"z":112.77,"code":"GRD"},"geometry":{"type":"Point","coordinates":[-1.8008033,53.2009565]}},{"type":"Feature","properties":{"id":4344,"z":112.77,"code":"GRD"},"geometry":{"type":"Point","coordinates":[-1.8007534,53.2009489]}},{"type":"Feature","properties":{"id":4345,"z":112.59,"code":"GRD"},"geometry":{"type":"Point","coordinates":[-1.8006706,53.2009467]}},{"type":"Feature","properties":{"id":4346,"z":112.25,"code":"GRD"},"geometry":{"type":"Point","coordinates":[-1.8005922,53.2009615]}},{"type":"Feature","properties":{"id":4347,"z":112.2,"code":"GRD"},"geometry":{"type":"Point","coordinates":[-1.8005684,53.2009606]}},{"type":"Feature","properties":{"id":4348,"z":111.87,"code":"GRD"},"geometry":{"type":"Point","coordinates":[-1.8004977,53.2009622]}},{"type":"Feature","properties":{"id":4349,"z":111.52,"code":"GRD"},"geometry":{"type":"Point","coordinates":[-1.8004202,53.2009475]}},{"type":"Feature","properties":{"id":4350,"z":111.4,"code":"GRD"},"geometry":{"type":"Point","coordinates":[-1.8003794,53.2009564]}},{"type":"Feature","properties":{"id":4351,"z":110.85,"code":"GRD"},"geometry":{"type":"Point","coordinates":[-1.8002854,53.200945]}},{"type":"Feature","properties":{"id":4352,"z":110.56,"code":"GRD"},"geometry":{"type":"Point","coordinates":[-1.8002366,53.200955]}},{"type":"Feature","properties":{"id":4353,"z":110.13,"code":"GRD"},"geometry":{"type":"Point","coordinates":[-1.8001663,53.2009458]}},{"type":"Feature","properties":{"id":4354,"z":109.92,"code":"GRD"},"geometry":{"type":"Point","coordinates":[-1.8001226,53.200947]}},{"type":"Feature","properties":{"id":4355,"z":109.42,"code":"GRD"},"geometry":{"type":"Point","coordinates":[-1.8000613,53.2009558]}},{"type":"Feature","properties":{"id":4356,"z":108.99,"code":"GRD"},"geometry":{"type":"Point","coordinates":[-1.7999857,53.2009422]}},{"type":"Feature","properties":{"id":4357,"z":108.72,"code":"GRD"},"geometry":{"type":"Point","coordinates":[-1.7999392,53.2009655]}},{"type":"Feature","properties":{"id":4358,"z":108.28,"code":"GRD"},"geometry":{"type":"Point","coordinates":[-1.799865,53.2009502]}},{"type":"Feature","properties":{"id":4359,"z":107.92,"code":"GRD"},"geometry":{"type":"Point","coordinates":[-1.7998086,53.2009533]}},{"type":"Feature","properties":{"id":4360,"z":107.49,"code":"GRD"},"geometry":{"type":"Point","coordinates":[-1.7997379,53.2009495]}},{"type":"Feature","properties":{"id":4361,"z":107.26,"code":"GRD"},"geometry":{"type":"Point","coordinates":[-1.7996707,53.2009425]}},{"type":"Feature","properties":{"id":4362,"z":106.85,"code":"GRD"},"geometry":{"type":"Point","coordinates":[-1.7996094,53.2009629]}},{"type":"Feature","properties":{"id":4363,"z":106.79,"code":"GRD"},"geometry":{"type":"Point","coordinates":[-1.7995516,53.2009471]}},{"type":"Feature","properties":{"id":4364,"z":106.5,"code":"GRD"},"geometry":{"type":"Point","coordinates":[-1.7994844,53.2009494]}},{"type":"Feature","properties":{"id":4365,"z":106.37,"code":"GRD"},"geometry":{"type":"Point","coordinates":[-1.7994343,53.2009451]}},{"type":"Feature","properties":{"id":4366,"z":106.03,"code":"GRD"},"geometry":{"type":"Point","coordinates":[-1.7993386,53.2009635]}},{"type":"Feature","properties":{"id":4367,"z":106.05,"code":"GRD"},"geometry":{"type":"Point","coordinates":[-1.7992811,53.2009433]}},{"type":"Feature","properties":{"id":4368,"z":105.98,"code":"GRD"},"geometry":{"type":"Point","coordinates":[-1.7992188,53.200947]}},{"type":"Feature","properties":{"id":4369,"z":105.74,"code":"GRD"},"geometry":{"type":"Point","coordinates":[-1.7991646,53.2009597]}},{"type":"Feature","properties":{"id":4370,"z":105.69,"code":"GRD"},"geometry":{"type":"Point","coordinates":[-1.7990816,53.2009639]}},{"type":"Feature","properties":{"id":4371,"z":105.66,"code":"GRD"},"geometry":{"type":"Point","coordinates":[-1.7990432,53.2009586]}},{"type":"Feature","properties":{"id":4372,"z":105.69,"code":"GRD"},"geometry":{"type":"Point","coordinates":[-1.7989893,53.2009529]}},{"type":"Feature","properties":{"id":4373,"z":105.61,"code":"GRD"},"geometry":{"type":"Point","coordinates":[-1.7989042,53.2009522]}},{"type":"Feature","properties":{"id":4374,"z":105.61,"code":"GRD"},"geometry":{"type":"Point","coordinates":[-1.7988606,53.2009653]}},{"type":"Feature","properties":{"id":4375,"z":105.52,"code":"GRD"},"geometry":{"type":"Point","coordinates":[-1.7987857,53.2009461]}},{"type":"Feature","properties":{"id":4376,"z":105.5,"code":"GRD"},"geometry":{"type":"Point","coordinates":[-1.7987016,53.2009605]}},{"type":"Feature","properties":{"id":4377,"z":105.4,"code":"GRD"},"geometry":{"type":"Point","coordinates":[-1.7986421,53.2009643]}},{"type":"Feature","properties":{"id":4378,"z":105.22,"code":"GRD"},"geometry":{"type":"Point","coordinates":[-1.7985778,53.2009459]}},{"type":"Feature","properties":{"id":4379,"z":105.27,"code":"GRD"},"geometry":{"type":"Point","coordinates":[-1.7985506,53.2009591]}},{"type":"Feature","properties":{"id":4380,"z":105.08,"code":"GRD"},"geometry":{"type":"Point","coordinates":[-1.7984892,53.2009531]}},{"type":"Feature","properties":{"id":4381,"z":105.08,"code":"GRD"},"geometry":{"type":"Point","coordinates":[-1.7984264,53.2009596]}},{"type":"Feature","properties":{"id":4382,"z":104.74,"code":"GRD"},"geometry":{"type":"Point","coordinates":[-1.7983252,53.2009489]}},{"type":"Feature","properties":{"id":4383,"z":104.77,"code":"GRD"},"geometry":{"type":"Point","coordinates":[-1.7982896,53.2009627]}},{"type":"Feature","properties":{"id":4384,"z":104.53,"code":"GRD"},"geometry":{"type":"Point","coordinates":[-1.7981976,53.200947]}},{"type":"Feature","properties":{"id":4385,"z":104.46,"code":"GRD"},"geometry":{"type":"Point","coordinates":[-1.798153,53.2009513]}},{"type":"Feature","properties":{"id":4386,"z":104.32,"code":"GRD"},"geometry":{"type":"Point","coordinates":[-1.7980726,53.2009597]}},{"type":"Feature","properties":{"id":4387,"z":104.2,"code":"GRD"},"geometry":{"type":"Point","coordinates":[-1.7980159,53.2009511]}},{"type":"Feature","properties":{"id":4388,"z":104.11,"code":"GRD"},"geometry":{"type":"Point","coordinates":[-1.7979596,53.2009443]}},{"type":"Feature","properties":{"id":4389,"z":104.12,"code":"GRD"},"geometry":{"type":"Point","coordinates":[-1.7978834,53.2009458]}},{"type":"Feature","properties":{"id":4390,"z":103.9,"code":"GRD"},"geometry":{"type":"Point","coordinates":[-1.7978408,53.2009516]}},{"type":"Feature","properties":{"id":4391,"z":103.74,"code":"GRD"},"geometry":{"type":"Point","coordinates":[-1.7977876,53.2009636]}},{"type":"Feature","properties":{"id":4392,"z":110.21,"code":"GRD"},"geometry":{"type":"Point","coordinates":[-1.8021771,53.2010038]}},{"type":"Feature","properties":{"id":4393,"z":110.47,"code":"GRD"},"geometry":{"type":"Point","coordinates":[-1.8021121,53.2009849]}},{"type":"Feature","properties":{"id":4394,"z":110.56,"code":"GRD"},"geometry":{"type":"Point","coordinates":[-1.8020796,53.2009996]}},{"type":"Feature","properties":{"id":4395,"z":110.79,"code":"GRD"},"geometry":{"type":"Point","coordinates":[-1.8019849,53.2009842]}},{"type":"Feature","properties":{"id":4396,"z":111.12,"code":"GRD"},"geometry":{"type":"Point","coordinates":[-1.8019186,53.2009953]}},{"type":"Feature","properties":{"id":4397,"z":111.2,"code":"GRD"},"geometry":{"type":"Point","coordinates":[-1.8018562,53.2009806]}},{"type":"Feature","properties":{"id":4398,"z":111.31,"code":"GRD"},"geometry":{"type":"Point","coordinates":[-1.8018226,53.2009931]}},{"type":"Feature","properties":{"id":4399,"z":111.44,"code":"GRD"},"geometry":{"type":"Point","coordinates":[-1.8017635,53.2010014]}},{"type":"Feature","properties":{"id":4400,"z":111.6,"code":"GRD"},"geometry":{"type":"Point","coordinates":[-1.8017006,53.2010015]}},{"type":"Feature","properties":{"id":4401,"z":111.83,"code":"GRD"},"geometry":{"type":"Point","coordinates":[-1.8016157,53.2009851]}},{"type":"Feature","properties":{"id":4402,"z":111.83,"code":"GRD"},"geometry":{"type":"Point","coordinates":[-1.8015638,53.2009852]}},{"type":"Feature","properties":{"id":4403,"z":111.96,"code":"GRD"},"geometry":{"type":"Point","coordinates":[-1.8014918,53.2009862]}},{"type":"Feature","properties":{"id":4404,"z":111.92,"code":"GRD"},"geometry":{"type":"Point","coordinates":[-1.8014466,53.2009967]}},{"type":"Feature","properties":{"id":4405,"z":112.21,"code":"GRD"},"geometry":{"type":"Point","coordinates":[-1.8013716,53.2009858]}},{"type":"Feature","properties":{"id":4406,"z":111.92,"code":"GRD"},"geometry":{"type":"Point","coordinates":[-1.8012955,53.2010018]}},{"type":"Feature","properties":{"id":4407,"z":111.99,"code":"GRD"},"geometry":{"type":"Point","coordinates":[-1.8012488,53.2010042]}},{"type":"Feature","properties":{"id":4408,"z":112.43,"code":"GRD"},"geometry":{"type":"Point","coordinates":[-1.8011871,53.2009801]}},{"type":"Feature","properties":{"id":4409,"z":112.32,"code":"GRD"},"geometry":{"type":"Point","coordinates":[-1.8011105,53.2009864]}},{"type":"Feature","properties":{"id":4410,"z":112.27,"code":"GRD"},"geometry":{"type":"Point","coordinates":[-1.8010563,53.2009894]}},{"type":"Feature","properties":{"id":4411,"z":112.21,"code":"GRD"},"geometry":{"type":"Point","coordinates":[-1.8009879,53.2009959]}},{"type":"Feature","properties":{"id":4412,"z":112.09,"code":"GRD"},"geometry":{"type":"Point","coordinates":[-1.8009466,53.2010013]}},{"type":"Feature","properties":{"id":4413,"z":112.24,"code":"GRD"},"geometry":{"type":"Point","coordinates":[-1.8008756,53.2009961]}},{"type":"Feature","properties":{"id":4414,"z":112.17,"code":"GRD"},"geometry":{"type":"Point","coordinates":[-1.8008047,53.2009938]}},{"type":"Feature","properties":{"id":4415,"z":112.05,"code":"GRD"},"geometry":{"type":"Point","coordinates":[-1.8007552,53.2010038]}},{"type":"Feature","properties":{"id":4416,"z":112.19,"code":"GRD"},"geometry":{"type":"Point","coordinates":[-1.800678,53.2009875]}},{"type":"Feature","properties":{"id":4417,"z":111.96,"code":"GRD"},"geometry":{"type":"Point","coordinates":[-1.8005996,53.2009898]}},{"type":"Feature","properties":{"id":4418,"z":111.87,"code":"GRD"},"geometry":{"type":"Point","coordinates":[-1.800565,53.2009936]}},{"type":"Feature","properties":{"id":4419,"z":111.56,"code":"GRD"},"geometry":{"type":"Point","coordinates":[-1.8004653,53.2010027]}},{"type":"Feature","properties":{"id":4420,"z":111.39,"code":"GRD"},"geometry":{"type":"Point","coordinates":[-1.8004241,53.2009995]}},{"type":"Feature","properties":{"id":4421,"z":111.2,"code":"GRD"},"geometry":{"type":"Point","coordinates":[-1.8003755,53.2009938]}},{"type":"Feature","properties":{"id":4422,"z":110.89,"code":"GRD"},"geometry":{"type":"Point","coordinates":[-1.8003099,53.2009981]}},{"type":"Feature","properties":{"id":4423,"z":110.43,"code":"GRD"},"geometry":{"type":"Point","coordinates":[-1.8002223,53.2010035]}},{"type":"Feature","properties":{"id":4424,"z":110.13,"code":"GRD"},"geometry":{"type":"Point","coordinates":[-1.8001718,53.2010036]}},{"type":"Feature","properties":{"id":4425,"z":109.75,"code":"GRD"},"geometry":{"type":"Point","coordinates":[-1.8001096,53.200988]}},{"type":"Feature","properties":{"id":4426,"z":109.22,"code":"GRD"},"geometry":{"type":"Point","coordinates":[-1.8000275,53.2009923]}},{"type":"Feature","properties":{"id":4427,"z":108.93,"code":"GRD"},"geometry":{"type":"Point","coordinates":[-1.7999869,53.2009795]}},{"type":"Feature","properties":{"id":4428,"z":108.6,"code":"GRD"},"geometry":{"type":"Point","coordinates":[-1.7999379,53.200997]}},{"type":"Feature","properties":{"id":4429,"z":108.01,"code":"GRD"},"geometry":{"type":"Point","coordinates":[-1.7998588,53.2010023]}},{"type":"Feature","properties":{"id":4430,"z":107.74,"code":"GRD"},"geometry":{"type":"Point","coordinates":[-1.7998041,53.2009793]}},{"type":"Feature","properties":{"id":4431,"z":107.2,"code":"GRD"},"geometry":{"type":"Point","coordinates":[-1.7997452,53.2010025]}},{"type":"Feature","properties":{"id":4432,"z":106.75,"code":"GRD"},"geometry":{"type":"Point","coordinates":[-1.7996517,53.2010027]}},{"type":"Feature","properties":{"id":4433,"z":106.58,"code":"GRD"},"geometry":{"type":"Point","coordinates":[-1.7995956,53.2009823]}},{"type":"Feature","properties":{"id":4434,"z":106.31,"code":"GRD"},"geometry":{"type":"Point","coordinates":[-1.7995351,53.2009881]}},{"type":"Feature","properties":{"id":4435,"z":106.11,"code":"GRD"},"geometry":{"type":"Point","coordinates":[-1.7994957,53.2009995]}},{"type":"Feature","properties":{"id":4436,"z":106.0,"code":"GRD"},"geometry":{"type":"Point","coordinates":[-1.799404,53.2009794]}},{"type":"Feature","properties":{"id":4437,"z":105.86,"code":"GRD"},"geometry":{"type":"Point","coordinates":[-1.7993503,53.2009834]}},{"type":"Feature","properties":{"id":4438,"z":105.69,"code":"GRD"},"geometry":{"type":"Point","coordinates":[-1.7992698,53.2009872]}},{"type":"Feature","properties":{"id":4439,"z":105.72,"code":"GRD"},"geometry":{"type":"Point","coordinates":[-1.7992092,53.2009794]}},{"type":"Feature","properties":{"id":4440,"z":105.68,"code":"GRD"},"geometry":{"type":"Point","coordinates":[-1.7991715,53.2009848]}},{"type":"Feature","properties":{"id":4441,"z":105.62,"code":"GRD"},"geometry":{"type":"Point","coordinates":[-1.799085,53.2009874]}},{"type":"Feature","properties":{"id":4442,"z":105.68,"code":"GRD"},"geometry":{"type":"Point","coordinates":[-1.7990529,53.2009906]}},{"type":"Feature","properties":{"id":4443,"z":105.7,"code":"GRD"},"geometry":{"type":"Point","coordinates":[-1.7989733,53.2009936]}},{"type":"Feature","properties":{"id":4444,"z":105.65,"code":"GRD"},"geometry":{"type":"Point","coordinates":[-1.7989233,53.2009837]}},{"type":"Feature","properties":{"id":4445,"z":105.73,"code":"GRD"},"geometry":{"type":"Point","coordinates":[-1.7988491,53.200996]}},{"type":"Feature","properties":{"id":4446,"z":105.72,"code":"GRD"},"geometry":{"type":"Point","coordinates":[-1.7988004,53.2009795]}},{"type":"Feature","properties":{"id":4447,"z":105.65,"code":"GRD"},"geometry":{"type":"Point","coordinates":[-1.7987138,53.200983]}},{"type":"Feature","properties":{"id":4448,"z":105.63,"code":"GRD"},"geometry":{"type":"Point","coordinates":[-1.7986665,53.2009869]}},{"type":"Feature","properties":{"id":4449,"z":105.43,"code":"GRD"},"geometry":{"type":"Point","coordinates":[-1.7985874,53.2009813]}},{"type":"Feature","properties":{"id":4450,"z":105.38,"code":"GRD"},"geometry":{"type":"Point","coordinates":[-1.7985526,53.2009848]}},{"type":"Feature","properties":{"id":4451,"z":105.22,"code":"GRD"},"geometry":{"type":"Point","coordinates":[-1.7984548,53.2009998]}},{"type":"Feature","properties":{"id":4452,"z":105.19,"code":"GRD"},"geometry":{"type":"Point","coordinates":[-1.7984005,53.2010042]}},{"type":"Feature","properties":{"id":4453,"z":104.93,"code":"GRD"},"geometry":{"type":"Point","coordinates":[-1.7983617,53.2009892]}},{"type":"Feature","properties":{"id":4454,"z":104.74,"code":"GRD"},"geometry":{"type":"Point","coordinates":[-1.7982963,53.2009946]}},{"type":"Feature","properties":{"id":4455,"z":104.56,"code":"GRD"},"geometry":{"type":"Point","coordinates":[-1.7982361,53.2009909]}},{"type":"Feature","properties":{"id":4456,"z":104.24,"code":"GRD"},"geometry":{"type":"Point","coordinates":[-1.7981502,53.2009894]}},{"type":"Feature","properties":{"id":4457,"z":104.08,"code":"GRD"},"geometry":{"type":"Point","coordinates":[-1.7980842,53.200997]}},{"type":"Feature","properties":{"id":4458,"z":104.02,"code":"GRD"},"geometry":{"type":"Point","coordinates":[-1.7980331,53.2009835]}},{"type":"Feature","properties":{"id":4459,"z":103.88,"code":"GRD"},"geometry":{"type":"Point","coordinates":[-1.7979789,53.200984]}},{"type":"Feature","properties":{"id":4460,"z":103.69,"code":"GRD"},"geometry":{"type":"Point","coordinates":[-1.7978996,53.2009948]}},{"type":"Feature","properties":{"id":4461,"z":103.58,"code":"GRD"},"geometry":{"type":"Point","coordinates":[-1.7978374,53.2009964]}},{"type":"Feature","properties":{"id":4462,"z":103.49,"code":"GRD"},"geometry":{"type":"Point","coordinates":[-1.7977954,53.2009974]}},{"type":"Feature","properties":{"id":4463,"z":110.25,"code":"GRD"},"geometry":{"type":"Point","coordinates":[-1.8021815,53.2010373]}},{"type":"Feature","properties":{"id":4464,"z":110.43,"code":"GRD"},"geometry":{"type":"Point","coordinates":[-1.8021228,53.2010197]}},{"type":"Feature","properties":{"id":4465,"z":110.63,"code":"GRD"},"geometry":{"type":"Point","coordinates":[-1.8020773,53.2010372]}},{"type":"Feature","properties":{"id":4466,"z":110.89,"code":"GRD"},"geometry":{"type":"Point","coordinates":[-1.8020185,53.2010267]}},{"type":"Feature","properties":{"id":4467,"z":111.16,"code":"GRD"},"geometry":{"type":"Point","coordinates":[-1.8019139,53.2010177]}},{"type":"Feature","properties":{"id":4468,"z":111.28,"code":"GRD"},"geometry":{"type":"Point","coordinates":[-1.8018773,53.2010414]}},{"type":"Feature","properties":{"id":4469,"z":111.5,"code":"GRD"},"geometry":{"type":"Point","coordinates":[-1.8017881,53.2010401]}},{"type":"Feature","properties":{"id":4470,"z":111.53,"code":"GRD"},"geometry":{"type":"Point","coordinates":[-1.8017503,53.2010338]}},{"type":"Feature","properties":{"id":4471,"z":111.54,"code":"GRD"},"geometry":{"type":"Point","coordinates":[-1.8017035,53.2010263]}},{"type":"Feature","properties":{"id":4472,"z":111.57,"code":"GRD"},"geometry":{"type":"Point","coordinates":[-1.8016115,53.2010411]}},{"type":"Feature","properties":{"id":4473,"z":111.66,"code":"GRD"},"geometry":{"type":"Point","coordinates":[-1.8015616,53.2010322]}},{"type":"Feature","properties":{"id":4474,"z":111.6,"code":"GRD"},"geometry":{"type":"Point","coordinates":[-1.8015137,53.2010398]}},{"type":"Feature","properties":{"id":4475,"z":111.68,"code":"GRD"},"geometry":{"type":"Point","coordinates":[-1.8014514,53.2010248]}},{"type":"Feature","properties":{"id":4476,"z":111.57,"code":"GRD"},"geometry":{"type":"Point","coordinates":[-1.8013825,53.2010362]}},{"type":"Feature","properties":{"id":4477,"z":111.63,"code":"GRD"},"geometry":{"type":"Point","coordinates":[-1.801286,53.2010226]}},{"type":"Feature","properties":{"id":4478,"z":111.57,"code":"GRD"},"geometry":{"type":"Point","coordinates":[-1.8012545,53.2010265]}},{"type":"Feature","properties":{"id":4479,"z":111.43,"code":"GRD"},"geometry":{"type":"Point","coordinates":[-1.801161,53.2010358]}},{"type":"Feature","properties":{"id":4480,"z":111.64,"code":"GRD"},"geometry":{"type":"Point","coordinates":[-1.8011246,53.2010226]}},{"type":"Feature","properties":{"id":4481,"z":111.45,"code":"GRD"},"geometry":{"type":"Point","coordinates":[-1.8010463,53.2010364]}},{"type":"Feature","properties":{"id":4482,"z":111.77,"code":"GRD"},"geometry":{"type":"Point","coordinates":[-1.8009709,53.2010189]}},{"type":"Feature","properties":{"id":4483,"z":111.65,"code":"GRD"},"geometry":{"type":"Point","coordinates":[-1.8009078,53.2010284]}},{"type":"Feature","properties":{"id":4484,"z":111.44,"code":"GRD"},"geometry":{"type":"Point","coordinates":[-1.8008546,53.2010377]}},{"type":"Feature","properties":{"id":4485,"z":111.6,"code":"GRD"},"geometry":{"type":"Point","coordinates":[-1.8007892,53.201033]}},{"type":"Feature","properties":{"id":4486,"z":111.78,"code":"GRD"},"geometry":{"type":"Point","coordinates":[-1.8007171,53.2010237]}},{"type":"Feature","properties":{"id":4487,"z":111.59,"code":"GRD"},"geometry":{"type":"Point","coordinates":[-1.8006593,53.201033]}},{"type":"Feature","properties":{"id":4488,"z":111.56,"code":"GRD"},"geometry":{"type":"Point","coordinates":[-1.8006092,53.2010384]}},{"type":"Feature","properties":{"id":4489,"z":111.5,"code":"GRD"},"geometry":{"type":"Point","coordinates":[-1.8005494,53.2010375]}},{"type":"Feature","properties":{"id":4490,"z":111.45,"code":"GRD"},"geometry":{"type":"Point","coordinates":[-1.8004991,53.2010365]}},{"type":"Feature","properties":{"id":4491,"z":111.28,"code":"GRD"},"geometry":{"type":"Point","coordinates":[-1.8004244,53.2010349]}},{"type":"Feature","properties":{"id":4492,"z":111.03,"code":"GRD"},"geometry":{"type":"Point","coordinates":[-1.800359,53.2010383]}},{"type":"Feature","properties":{"id":4493,"z":110.77,"code":"GRD"},"geometry":{"type":"Point","coordinates":[-1.800296,53.2010267]}},{"type":"Feature","properties":{"id":4494,"z":110.42,"code":"GRD"},"geometry":{"type":"Point","coordinates":[-1.8002183,53.2010245]}},{"type":"Feature","properties":{"id":4495,"z":110.21,"code":"GRD"},"geometry":{"type":"Point","coordinates":[-1.8001814,53.2010373]}},{"type":"Feature","properties":{"id":4496,"z":109.6,"code":"GRD"},"geometry":{"type":"Point","coordinates":[-1.8001001,53.2010231]}},{"type":"Feature","properties":{"id":4497,"z":109.19,"code":"GRD"},"geometry":{"type":"Point","coordinates":[-1.8000256,53.2010225]}},{"type":"Feature","properties":{"id":4498,"z":108.74,"code":"GRD"},"geometry":{"type":"Point","coordinates":[-1.7999634,53.2010184]}},{"type":"Feature","properties":{"id":4499,"z":108.24,"code":"GRD"},"geometry":{"type":"Point","coordinates":[-1.7998999,53.2010177]}},{"type":"Feature","properties":{"id":4500,"z":107.79,"code":"GRD"},"geometry":{"type":"Point","coordinates":[-1.7998481,53.2010401]}},{"type":"Feature","properties":{"id":4501,"z":107.51,"code":"GRD"},"geometry":{"type":"Point","coordinates":[-1.7998075,53.2010228]}},{"type":"Feature","properties":{"id":4502,"z":106.82,"code":"GRD"},"geometry":{"type":"Point","coordinates":[-1.7997115,53.2010387]}},{"type":"Feature","properties":{"id":4503,"z":106.65,"code":"GRD"},"geometry":{"type":"Point","coordinates":[-1.7996623,53.2010245]}},{"type":"Feature","properties":{"id":4504,"z":106.29,"code":"GRD"},"geometry":{"type":"Point","coordinates":[-1.7996161,53.2010387]}},{"type":"Feature","properties":{"id":4505,"z":106.03,"code":"GRD"},"geometry":{"type":"Point","coordinates":[-1.7995451,53.2010287]}},{"type":"Feature","properties":{"id":4506,"z":105.64,"code":"GRD"},"geometry":{"type":"Point","coordinates":[-1.7994625,53.2010356]}},{"type":"Feature","properties":{"id":4507,"z":105.48,"code":"GRD"},"geometry":{"type":"Point","coordinates":[-1.7994021,53.2010368]}},{"type":"Feature","properties":{"id":4508,"z":105.55,"code":"GRD"},"geometry":{"type":"Point","coordinates":[-1.7993731,53.2010226]}},{"type":"Feature","properties":{"id":4509,"z":105.28,"code":"GRD"},"geometry":{"type":"Point","coordinates":[-1.7992875,53.2010392]}},{"type":"Feature","properties":{"id":4510,"z":105.49,"code":"GRD"},"geometry":{"type":"Point","coordinates":[-1.7992435,53.2010234]}},{"type":"Feature","properties":{"id":4511,"z":105.39,"code":"GRD"},"geometry":{"type":"Point","coordinates":[-1.7991748,53.2010312]}},{"type":"Feature","properties":{"id":4512,"z":105.49,"code":"GRD"},"geometry":{"type":"Point","coordinates":[-1.7991028,53.2010355]}},{"type":"Feature","properties":{"id":4513,"z":105.66,"code":"GRD"},"geometry":{"type":"Point","coordinates":[-1.7990262,53.2010344]}},{"type":"Feature","properties":{"id":4514,"z":105.71,"code":"GRD"},"geometry":{"type":"Point","coordinates":[-1.7989801,53.2010349]}},{"type":"Feature","properties":{"id":4515,"z":105.82,"code":"GRD"},"geometry":{"type":"Point","coordinates":[-1.7989244,53.2010255]}},{"type":"Feature","properties":{"id":4516,"z":105.81,"code":"GRD"},"geometry":{"type":"Point","coordinates":[-1.7988517,53.2010191]}},{"type":"Feature","properties":{"id":4517,"z":105.93,"code":"GRD"},"geometry":{"type":"Point","coordinates":[-1.7987926,53.2010296]}},{"type":"Feature","properties":{"id":4518,"z":105.92,"code":"GRD"},"geometry":{"type":"Point","coordinates":[-1.7987055,53.2010383]}},{"type":"Feature","properties":{"id":4519,"z":105.93,"code":"GRD"},"geometry":{"type":"Point","coordinates":[-1.7986766,53.2010392]}},{"type":"Feature","properties":{"id":4520,"z":105.79,"code":"GRD"},"geometry":{"type":"Point","coordinates":[-1.7985854,53.2010355]}},{"type":"Feature","properties":{"id":4521,"z":105.57,"code":"GRD"},"geometry":{"type":"Point","coordinates":[-1.7985472,53.2010192]}},{"type":"Feature","properties":{"id":4522,"z":105.51,"code":"GRD"},"geometry":{"type":"Point","coordinates":[-1.7984746,53.2010362]}},{"type":"Feature","properties":{"id":4523,"z":105.27,"code":"GRD"},"geometry":{"type":"Point","coordinates":[-1.798425,53.2010223]}},{"type":"Feature","properties":{"id":4524,"z":105.0,"code":"GRD"},"geometry":{"type":"Point","coordinates":[-1.7983422,53.2010332]}},{"type":"Feature","properties":{"id":4525,"z":104.74,"code":"GRD"},"geometry":{"type":"Point","coordinates":[-1.7982927,53.2010184]}},{"type":"Feature","properties":{"id":4526,"z":104.53,"code":"GRD"},"geometry":{"type":"Point","coordinates":[-1.7982316,53.2010178]}},{"type":"Feature","properties":{"id":4527,"z":104.17,"code":"GRD"},"geometry":{"type":"Point","coordinates":[-1.7981539,53.2010284]}},{"type":"Feature","properties":{"id":4528,"z":103.88,"code":"GRD"},"geometry":{"type":"Point","coordinates":[-1.7980754,53.2010291]}},{"type":"Feature","properties":{"id":4529,"z":103.62,"code":"GRD"},"geometry":{"type":"Point","coordinates":[-1.7980211,53.2010415]}},{"type":"Feature","properties":{"id":4530,"z":103.52,"code":"GRD"},"geometry":{"type":"Point","coordinates":[-1.797956,53.2010228]}},{"type":"Feature","properties":{"id":4531,"z":103.46,"code":"GRD"},"geometry":{"type":"Point","coordinates":[-1.7979063,53.201024]}},{"type":"Feature","properties":{"id":4532,"z":103.48,"code":"GRD"},"geometry":{"type":"Point","coordinates":[-1.797855,53.2010176]}},{"type":"Feature","properties":{"id":4533,"z":103.18,"code":"GRD"},"geometry":{"type":"Point","coordinates":[-1.7977575,53.2010264]}},{"type":"Feature","properties":{"id":4534,"z":109.92,"code":"GRD"},"geometry":{"type":"Point","coordinates":[-1.8022416,53.2010598]}},{"type":"Feature","properties":{"id":4535,"z":110.11,"code":"GRD"},"geometry":{"type":"Point","coordinates":[-1.8021935,53.2010747]}},{"type":"Feature","properties":{"id":4536,"z":110.4,"code":"GRD"},"geometry":{"type":"Point","coordinates":[-1.8021223,53.2010605]}},{"type":"Feature","properties":{"id":4537,"z":110.66,"code":"GRD"},"geometry":{"type":"Point","coordinates":[-1.8020733,53.2010659]}},{"type":"Feature","properties":{"id":4538,"z":111.08,"code":"GRD"},"geometry":{"type":"Point","coordinates":[-1.8019795,53.2010659]}},{"type":"Feature","properties":{"id":4539,"z":111.13,"code":"GRD"},"geometry":{"type":"Point","coordinates":[-1.8019501,53.2010777]}},{"type":"Feature","properties":{"id":4540,"z":111.37,"code":"GRD"},"geometry":{"type":"Point","coordinates":[-1.8018635,53.2010658]}},{"type":"Feature","properties":{"id":4541,"z":111.49,"code":"GRD"},"geometry":{"type":"Point","coordinates":[-1.8018216,53.2010662]}},{"type":"Feature","properties":{"id":4542,"z":111.56,"code":"GRD"},"geometry":{"type":"Point","coordinates":[-1.8017602,53.201065]}},{"type":"Feature","properties":{"id":4543,"z":111.53,"code":"GRD"},"geometry":{"type":"Point","coordinates":[-1.801682,53.2010702]}},{"type":"Feature","properties":{"id":4544,"z":111.5,"code":"GRD"},"geometry":{"type":"Point","coordinates":[-1.8016131,53.2010698]}},{"type":"Feature","properties":{"id":4545,"z":111.43,"code":"GRD"},"geometry":{"type":"Point","coordinates":[-1.8015521,53.201078]}},{"type":"Feature","properties":{"id":4546,"z":111.34,"code":"GRD"},"geometry":{"type":"Point","coordinates":[-1.801478,53.2010669]}},{"type":"Feature","properties":{"id":4547,"z":111.36,"code":"GRD"},"geometry":{"type":"Point","coordinates":[-1.8014497,53.2010671]}},{"type":"Feature","properties":{"id":4548,"z":111.04,"code":"GRD"},"geometry":{"type":"Point","coordinates":[-1.8013558,53.201079]}},{"type":"Feature","properties":{"id":4549,"z":111.05,"code":"GRD"},"geometry":{"type":"Point","coordinates":[-1.8013055,53.2010699]}},{"type":"Feature","properties":{"id":4550,"z":111.14,"code":"GRD"},"geometry":{"type":"Point","coordinates":[-1.8012222,53.2010573]}},{"type":"Feature","properties":{"id":4551,"z":111.13,"code":"GRD"},"geometry":{"type":"Point","coordinates":[-1.8011664,53.2010553]}},{"type":"Feature","properties":{"id":4552,"z":110.77,"code":"GRD"},"geometry":{"type":"Point","coordinates":[-1.8011207,53.2010725]}},{"type":"Feature","properties":{"id":4553,"z":110.77,"code":"GRD"},"geometry":{"type":"Point","coordinates":[-1.8010707,53.2010738]}},{"type":"Feature","properties":{"id":4554,"z":110.84,"code":"GRD"},"geometry":{"type":"Point","coordinates":[-1.8009893,53.2010682]}},{"type":"Feature","properties":{"id":4555,"z":110.92,"code":"GRD"},"geometry":{"type":"Point","coordinates":[-1.8009309,53.2010638]}},{"type":"Feature","properties":{"id":4556,"z":111.19,"code":"GRD"},"geometry":{"type":"Point","coordinates":[-1.8008462,53.2010565]}},{"type":"Feature","properties":{"id":4557,"z":111.12,"code":"GRD"},"geometry":{"type":"Point","coordinates":[-1.8007994,53.2010609]}},{"type":"Feature","properties":{"id":4558,"z":111.22,"code":"GRD"},"geometry":{"type":"Point","coordinates":[-1.8007192,53.2010623]}},{"type":"Feature","properties":{"id":4559,"z":111.14,"code":"GRD"},"geometry":{"type":"Point","coordinates":[-1.8006584,53.2010755]}},{"type":"Feature","properties":{"id":4560,"z":111.33,"code":"GRD"},"geometry":{"type":"Point","coordinates":[-1.8006307,53.2010583]}},{"type":"Feature","properties":{"id":4561,"z":111.19,"code":"GRD"},"geometry":{"type":"Point","coordinates":[-1.800549,53.201076]}},{"type":"Feature","properties":{"id":4562,"z":111.23,"code":"GRD"},"geometry":{"type":"Point","coordinates":[-1.8004766,53.2010673]}},{"type":"Feature","properties":{"id":4563,"z":111.15,"code":"GRD"},"geometry":{"type":"Point","coordinates":[-1.8004305,53.2010613]}},{"type":"Feature","properties":{"id":4564,"z":110.98,"code":"GRD"},"geometry":{"type":"Point","coordinates":[-1.8003556,53.2010663]}},{"type":"Feature","properties":{"id":4565,"z":110.66,"code":"GRD"},"geometry":{"type":"Point","coordinates":[-1.8002773,53.2010767]}},{"type":"Feature","properties":{"id":4566,"z":110.35,"code":"GRD"},"geometry":{"type":"Point","coordinates":[-1.8002287,53.2010763]}},{"type":"Feature","properties":{"id":4567,"z":110.05,"code":"GRD"},"geometry":{"type":"Point","coordinates":[-1.8001627,53.2010597]}},{"type":"Feature","properties":{"id":4568,"z":109.64,"code":"GRD"},"geometry":{"type":"Point","coordinates":[-1.8001041,53.2010672]}},{"type":"Feature","properties":{"id":4569,"z":109.37,"code":"GRD"},"geometry":{"type":"Point","coordinates":[-1.8000585,53.2010708]}},{"type":"Feature","properties":{"id":4570,"z":108.92,"code":"GRD"},"geometry":{"type":"Point","coordinates":[-1.7999982,53.2010659]}},{"type":"Feature","properties":{"id":4571,"z":108.36,"code":"GRD"},"geometry":{"type":"Point","coordinates":[-1.7999359,53.2010753]}},{"type":"Feature","properties":{"id":4572,"z":107.83,"code":"GRD"},"geometry":{"type":"Point","coordinates":[-1.7998763,53.2010749]}},{"type":"Feature","properties":{"id":4573,"z":107.42,"code":"GRD"},"geometry":{"type":"Point","coordinates":[-1.7998002,53.2010583]}},{"type":"Feature","properties":{"id":4574,"z":106.76,"code":"GRD"},"geometry":{"type":"Point","coordinates":[-1.799723,53.2010607]}},{"type":"Feature","properties":{"id":4575,"z":106.33,"code":"GRD"},"geometry":{"type":"Point","coordinates":[-1.7996768,53.2010695]}},{"type":"Feature","properties":{"id":4576,"z":106.09,"code":"GRD"},"geometry":{"type":"Point","coordinates":[-1.7996157,53.2010613]}},{"type":"Feature","properties":{"id":4577,"z":105.79,"code":"GRD"},"geometry":{"type":"Point","coordinates":[-1.7995529,53.2010586]}},{"type":"Feature","properties":{"id":4578,"z":105.4,"code":"GRD"},"geometry":{"type":"Point","coordinates":[-1.7994817,53.2010659]}},{"type":"Feature","properties":{"id":4579,"z":105.2,"code":"GRD"},"geometry":{"type":"Point","coordinates":[-1.7994075,53.2010701]}},{"type":"Feature","properties":{"id":4580,"z":105.14,"code":"GRD"},"geometry":{"type":"Point","coordinates":[-1.7993534,53.2010761]}},{"type":"Feature","properties":{"id":4581,"z":105.12,"code":"GRD"},"geometry":{"type":"Point","coordinates":[-1.7993097,53.2010775]}},{"type":"Feature","properties":{"id":4582,"z":105.27,"code":"GRD"},"geometry":{"type":"Point","coordinates":[-1.7992102,53.2010649]}},{"type":"Feature","properties":{"id":4583,"z":105.26,"code":"GRD"},"geometry":{"type":"Point","coordinates":[-1.7991451,53.2010773]}},{"type":"Feature","properties":{"id":4584,"z":105.35,"code":"GRD"},"geometry":{"type":"Point","coordinates":[-1.7991073,53.2010616]}},{"type":"Feature","properties":{"id":4585,"z":105.63,"code":"GRD"},"geometry":{"type":"Point","coordinates":[-1.7990386,53.2010637]}},{"type":"Feature","properties":{"id":4586,"z":105.72,"code":"GRD"},"geometry":{"type":"Point","coordinates":[-1.7989942,53.2010643]}},{"type":"Feature","properties":{"id":4587,"z":105.9,"code":"GRD"},"geometry":{"type":"Point","coordinates":[-1.7988989,53.2010772]}},{"type":"Feature","properties":{"id":4588,"z":105.99,"code":"GRD"},"geometry":{"type":"Point","coordinates":[-1.7988299,53.201073]}},{"type":"Feature","properties":{"id":4589,"z":106.1,"code":"GRD"},"geometry":{"type":"Point","coordinates":[-1.7987668,53.2010749]}},{"type":"Feature","properties":{"id":4590,"z":105.98,"code":"GRD"},"geometry":{"type":"Point","coordinates":[-1.7987121,53.201056]}},{"type":"Feature","properties":{"id":4591,"z":105.98,"code":"GRD"},"geometry":{"type":"Point","coordinates":[-1.7986747,53.2010628]}},{"type":"Feature","properties":{"id":4592,"z":105.93,"code":"GRD"},"geometry":{"type":"Point","coordinates":[-1.7985983,53.201061]}},{"type":"Feature","properties":{"id":4593,"z":105.75,"code":"GRD"},"geometry":{"type":"Point","coordinates":[-1.7985352,53.201055]}},{"type":"Feature","properties":{"id":4594,"z":105.51,"code":"GRD"},"geometry":{"type":"Point","coordinates":[-1.7984581,53.2010651]}},{"type":"Feature","properties":{"id":4595,"z":105.38,"code":"GRD"},"geometry":{"type":"Point","coordinates":[-1.7984151,53.2010697]}},{"type":"Feature","properties":{"id":4596,"z":104.96,"code":"GRD"},"geometry":{"type":"Point","coordinates":[-1.7983354,53.2010654]}},{"type":"Feature","properties":{"id":4597,"z":104.58,"code":"GRD"},"geometry":{"type":"Point","coordinates":[-1.7982684,53.2010729]}},{"type":"Feature","properties":{"id":4598,"z":104.32,"code":"GRD"},"geometry":{"type":"Point","coordinates":[-1.7982073,53.2010552]}},{"type":"Feature","properties":{"id":4599,"z":104.03,"code":"GRD"},"geometry":{"type":"Point","coordinates":[-1.7981416,53.2010587]}},{"type":"Feature","properties":{"id":4600,"z":103.72,"code":"GRD"},"geometry":{"type":"Point","coordinates":[-1.7980747,53.2010632]}},{"type":"Feature","properties":{"id":4601,"z":103.61,"code":"GRD"},"geometry":{"type":"Point","coordinates":[-1.7980427,53.2010638]}},{"type":"Feature","properties":{"id":4602,"z":103.19,"code":"GRD"},"geometry":{"type":"Point","coordinates":[-1.7979691,53.2010706]}},{"type":"Feature","properties":{"id":4603,"z":102.99,"code":"GRD"},"geometry":{"type":"Point","coordinates":[-1.7978912,53.2010789]}},{"type":"Feature","properties":{"id":4604,"z":102.97,"code":"GRD"},"geometry":{"type":"Point","coordinates":[-1.7978355,53.2010653]}},{"type":"Feature","properties":{"id":4605,"z":102.95,"code":"GRD"},"geometry":{"type":"Point","coordinates":[-1.7977635,53.2010684]}},{"type":"Feature","properties":{"id":4606,"z":109.77,"code":"GRD"},"geometry":{"type":"Point","coordinates":[-1.8022412,53.2011129]}},{"type":"Feature","properties":{"id":4607,"z":110.0,"code":"GRD"},"geometry":{"type":"Point","coordinates":[-1.8021884,53.2011099]}},{"type":"Feature","properties":{"id":4608,"z":110.52,"code":"GRD"},"geometry":{"type":"Point","coordinates":[-1.8021073,53.2011046]}},{"type":"Feature","properties":{"id":4609,"z":110.62,"code":"GRD"},"geometry":{"type":"Point","coordinates":[-1.8020748,53.2011138]}},{"type":"Feature","properties":{"id":4610,"z":110.97,"code":"GRD"},"geometry":{"type":"Point","coordinates":[-1.8019953,53.2011165]}},{"type":"Feature","properties":{"id":4611,"z":111.14,"code":"GRD"},"geometry":{"type":"Point","coordinates":[-1.8019504,53.2011149]}},{"type":"Feature","properties":{"id":4612,"z":111.27,"code":"GRD"},"geometry":{"type":"Point","coordinates":[-1.8018819,53.2010965]}},{"type":"Feature","properties":{"id":4613,"z":111.45,"code":"GRD"},"geometry":{"type":"Point","coordinates":[-1.8018054,53.2010935]}},{"type":"Feature","properties":{"id":4614,"z":111.45,"code":"GRD"},"geometry":{"type":"Point","coordinates":[-1.8017337,53.2011093]}},{"type":"Feature","properties":{"id":4615,"z":111.53,"code":"GRD"},"geometry":{"type":"Point","coordinates":[-1.8016828,53.2011117]}},{"type":"Feature","properties":{"id":4616,"z":111.43,"code":"GRD"},"geometry":{"type":"Point","coordinates":[-1.8016368,53.2011001]}},{"type":"Feature","properties":{"id":4617,"z":111.16,"code":"GRD"},"geometry":{"type":"Point","coordinates":[-1.8015481,53.2011098]}},{"type":"Feature","properties":{"id":4618,"z":111.13,"code":"GRD"},"geometry":{"type":"Point","coordinates":[-1.8015135,53.2011139]}},{"type":"Feature","properties":{"id":4619,"z":110.97,"code":"GRD"},"geometry":{"type":"Point","coordinates":[-1.8014389,53.2011049]}},{"type":"Feature","properties":{"id":4620,"z":110.85,"code":"GRD"},"geometry":{"type":"Point","coordinates":[-1.8013846,53.2011031]}},{"type":"Feature","properties":{"id":4621,"z":110.76,"code":"GRD"},"geometry":{"type":"Point","coordinates":[-1.8013112,53.2010952]}},{"type":"Feature","properties":{"id":4622,"z":110.62,"code":"GRD"},"geometry":{"type":"Point","coordinates":[-1.801229,53.2010931]}},{"type":"Feature","properties":{"id":4623,"z":110.27,"code":"GRD"},"geometry":{"type":"Point","coordinates":[-1.8011827,53.2011161]}},{"type":"Feature","properties":{"id":4624,"z":110.23,"code":"GRD"},"geometry":{"type":"Point","coordinates":[-1.8011238,53.2011054]}},{"type":"Feature","properties":{"id":4625,"z":110.28,"code":"GRD"},"geometry":{"type":"Point","coordinates":[-1.8010322,53.2011025]}},{"type":"Feature","properties":{"id":4626,"z":110.22,"code":"GRD"},"geometry":{"type":"Point","coordinates":[-1.8009773,53.2011051]}},{"type":"Feature","properties":{"id":4627,"z":110.59,"code":"GRD"},"geometry":{"type":"Point","coordinates":[-1.800909,53.2010927]}},{"type":"Feature","properties":{"id":4628,"z":110.28,"code":"GRD"},"geometry":{"type":"Point","coordinates":[-1.8008596,53.2011113]}},{"type":"Feature","properties":{"id":4629,"z":110.66,"code":"GRD"},"geometry":{"type":"Point","coordinates":[-1.8007916,53.2010963]}},{"type":"Feature","properties":{"id":4630,"z":110.79,"code":"GRD"},"geometry":{"type":"Point","coordinates":[-1.8007389,53.2010974]}},{"type":"Feature","properties":{"id":4631,"z":110.64,"code":"GRD"},"geometry":{"type":"Point","coordinates":[-1.8006792,53.2011121]}},{"type":"Feature","properties":{"id":4632,"z":110.85,"code":"GRD"},"geometry":{"type":"Point","coordinates":[-1.8006101,53.2011088]}},{"type":"Feature","properties":{"id":4633,"z":110.93,"code":"GRD"},"geometry":{"type":"Point","coordinates":[-1.8005426,53.2011174]}},{"type":"Feature","properties":{"id":4634,"z":110.99,"code":"GRD"},"geometry":{"type":"Point","coordinates":[-1.8004959,53.2011025]}},{"type":"Feature","properties":{"id":4635,"z":110.84,"code":"GRD"},"geometry":{"type":"Point","coordinates":[-1.8004118,53.2011137]}},{"type":"Feature","properties":{"id":4636,"z":110.82,"code":"GRD"},"geometry":{"type":"Point","coordinates":[-1.8003739,53.2011107]}},{"type":"Feature","properties":{"id":4637,"z":110.66,"code":"GRD"},"geometry":{"type":"Point","coordinates":[-1.8003031,53.2011119]}},{"type":"Feature","properties":{"id":4638,"z":110.32,"code":"GRD"},"geometry":{"type":"Point","coordinates":[-1.8002281,53.201102]}},{"type":"Feature","properties":{"id":4639,"z":110.02,"code":"GRD"},"geometry":{"type":"Point","coordinates":[-1.8001837,53.2011141]}},{"type":"Feature","properties":{"id":4640,"z":109.63,"code":"GRD"},"geometry":{"type":"Point","coordinates":[-1.8001071,53.2011083]}},{"type":"Feature","properties":{"id":4641,"z":109.14,"code":"GRD"},"geometry":{"type":"Point","coordinates":[-1.8000463,53.2011102]}},{"type":"Feature","properties":{"id":4642,"z":108.78,"code":"GRD"},"geometry":{"type":"Point","coordinates":[-1.8000023,53.2011022]}},{"type":"Feature","properties":{"id":4643,"z":108.07,"code":"GRD"},"geometry":{"type":"Point","coordinates":[-1.7999188,53.2011134]}},{"type":"Feature","properties":{"id":4644,"z":107.69,"code":"GRD"},"geometry":{"type":"Point","coordinates":[-1.7998722,53.2011105]}},{"type":"Feature","properties":{"id":4645,"z":107.11,"code":"GRD"},"geometry":{"type":"Point","coordinates":[-1.7997946,53.2010956]}},{"type":"Feature","properties":{"id":4646,"z":106.57,"code":"GRD"},"geometry":{"type":"Point","coordinates":[-1.7997318,53.2010966]}},{"type":"Feature","properties":{"id":4647,"z":106.0,"code":"GRD"},"geometry":{"type":"Point","coordinates":[-1.7996463,53.2010976]}},{"type":"Feature","properties":{"id":4648,"z":105.67,"code":"GRD"},"geometry":{"type":"Point","coordinates":[-1.7996065,53.2011075]}},{"type":"Feature","properties":{"id":4649,"z":105.31,"code":"GRD"},"geometry":{"type":"Point","coordinates":[-1.7995265,53.2011017]}},{"type":"Feature","properties":{"id":4650,"z":105.17,"code":"GRD"},"geometry":{"type":"Point","coordinates":[-1.7994956,53.2011032]}},{"type":"Feature","properties":{"id":4651,"z":104.97,"code":"GRD"},"geometry":{"type":"Point","coordinates":[-1.7994056,53.2011002]}},{"type":"Feature","properties":{"id":4652,"z":104.85,"code":"GRD"},"geometry":{"type":"Point","coordinates":[-1.7993389,53.2011158]}},{"type":"Feature","properties":{"id":4653,"z":104.91,"code":"GRD"},"geometry":{"type":"Point","coordinates":[-1.7992925,53.2011057]}},{"type":"Feature","properties":{"id":4654,"z":105.03,"code":"GRD"},"geometry":{"type":"Point","coordinates":[-1.7992311,53.201097]}},{"type":"Feature","properties":{"id":4655,"z":105.12,"code":"GRD"},"geometry":{"type":"Point","coordinates":[-1.7991772,53.2011029]}},{"type":"Feature","properties":{"id":4656,"z":105.47,"code":"GRD"},"geometry":{"type":"Point","coordinates":[-1.7990794,53.201102]}},{"type":"Feature","properties":{"id":4657,"z":105.53,"code":"GRD"},"geometry":{"type":"Point","coordinates":[-1.7990311,53.2011153]}},{"type":"Feature","properties":{"id":4658,"z":105.68,"code":"GRD"},"geometry":{"type":"Point","coordinates":[-1.7989708,53.2011109]}},{"type":"Feature","properties":{"id":4659,"z":105.96,"code":"GRD"},"geometry":{"type":"Point","coordinates":[-1.7988955,53.2010924]}},{"type":"Feature","properties":{"id":4660,"z":106.08,"code":"GRD"},"geometry":{"type":"Point","coordinates":[-1.7988301,53.2010932]}},{"type":"Feature","properties":{"id":4661,"z":106.18,"code":"GRD"},"geometry":{"type":"Point","coordinates":[-1.7987745,53.2011032]}},{"type":"Feature","properties":{"id":4662,"z":106.25,"code":"GRD"},"geometry":{"type":"Point","coordinates":[-1.7987376,53.2011135]}},{"type":"Feature","properties":{"id":4663,"z":106.3,"code":"GRD"},"geometry":{"type":"Point","coordinates":[-1.7986642,53.2011064]}},{"type":"Feature","properties":{"id":4664,"z":106.1,"code":"GRD"},"geometry":{"type":"Point","coordinates":[-1.7985986,53.2011115]}},{"type":"Feature","properties":{"id":4665,"z":105.99,"code":"GRD"},"geometry":{"type":"Point","coordinates":[-1.7985447,53.2011008]}},{"type":"Feature","properties":{"id":4666,"z":105.73,"code":"GRD"},"geometry":{"type":"Point","coordinates":[-1.7984867,53.2010989]}},{"type":"Feature","properties":{"id":4667,"z":105.51,"code":"GRD"},"geometry":{"type":"Point","coordinates":[-1.7984223,53.2010962]}},{"type":"Feature","properties":{"id":4668,"z":105.01,"code":"GRD"},"geometry":{"type":"Point","coordinates":[-1.7983246,53.2011085]}},{"type":"Feature","properties":{"id":4669,"z":104.66,"code":"GRD"},"geometry":{"type":"Point","coordinates":[-1.7982705,53.2011077]}},{"type":"Feature","properties":{"id":4670,"z":104.19,"code":"GRD"},"geometry":{"type":"Point","coordinates":[-1.798199,53.2011058]}},{"type":"Feature","properties":{"id":4671,"z":104.04,"code":"GRD"},"geometry":{"type":"Point","coordinates":[-1.7981727,53.201104]}},{"type":"Feature","properties":{"id":4672,"z":103.56,"code":"GRD"},"geometry":{"type":"Point","coordinates":[-1.7980902,53.2011133]}},{"type":"Feature","properties":{"id":4673,"z":103.39,"code":"GRD"},"geometry":{"type":"Point","coordinates":[-1.7980465,53.2011015]}},{"type":"Feature","properties":{"id":4674,"z":102.99,"code":"GRD"},"geometry":{"type":"Point","coordinates":[-1.7979482,53.201112]}},{"type":"Feature","properties":{"id":4675,"z":102.95,"code":"GRD"},"geometry":{"type":"Point","coordinates":[-1.7979169,53.201098]}},{"type":"Feature","properties":{"id":4676,"z":102.79,"code":"GRD"},"geometry":{"type":"Point","coordinates":[-1.797848,53.2010985]}},{"type":"Feature","properties":{"id":4677,"z":102.73,"code":"GRD"},"geometry":{"type":"Point","coordinates":[-1.7977841,53.2011072]}},{"type":"Feature","properties":{"id":4678,"z":109.68,"code":"GRD"},"geometry":{"type":"Point","coordinates":[-1.8022468,53.2011484]}},{"type":"Feature","properties":{"id":4679,"z":110.07,"code":"GRD"},"geometry":{"type":"Point","coordinates":[-1.8021834,53.2011379]}},{"type":"Feature","properties":{"id":4680,"z":110.37,"code":"GRD"},"geometry":{"type":"Point","coordinates":[-1.8021356,53.2011404]}},{"type":"Feature","properties":{"id":4681,"z":110.74,"code":"GRD"},"geometry":{"type":"Point","coordinates":[-1.8020514,53.2011312]}},{"type":"Feature","properties":{"id":4682,"z":111.03,"code":"GRD"},"geometry":{"type":"Point","coordinates":[-1.8019957,53.2011477]}},{"type":"Feature","properties":{"id":4683,"z":111.09,"code":"GRD"},"geometry":{"type":"Point","coordinates":[-1.8019534,53.2011549]}},{"type":"Feature","properties":{"id":4684,"z":111.22,"code":"GRD"},"geometry":{"type":"Point","coordinates":[-1.8018918,53.2011494]}},{"type":"Feature","properties":{"id":4685,"z":111.45,"code":"GRD"},"geometry":{"type":"Point","coordinates":[-1.8017898,53.2011489]}},{"type":"Feature","properties":{"id":4686,"z":111.47,"code":"GRD"},"geometry":{"type":"Point","coordinates":[-1.8017631,53.2011463]}},{"type":"Feature","properties":{"id":4687,"z":111.43,"code":"GRD"},"geometry":{"type":"Point","coordinates":[-1.8016981,53.2011377]}},{"type":"Feature","properties":{"id":4688,"z":111.31,"code":"GRD"},"geometry":{"type":"Point","coordinates":[-1.8016384,53.2011436]}},{"type":"Feature","properties":{"id":4689,"z":111.07,"code":"GRD"},"geometry":{"type":"Point","coordinates":[-1.801545,53.2011374]}},{"type":"Feature","properties":{"id":4690,"z":110.72,"code":"GRD"},"geometry":{"type":"Point","coordinates":[-1.8014903,53.2011518]}},{"type":"Feature","properties":{"id":4691,"z":110.55,"code":"GRD"},"geometry":{"type":"Point","coordinates":[-1.8014125,53.2011362]}},{"type":"Feature","properties":{"id":4692,"z":110.34,"code":"GRD"},"geometry":{"type":"Point","coordinates":[-1.8013808,53.2011551]}},{"type":"Feature","properties":{"id":4693,"z":110.2,"code":"GRD"},"geometry":{"type":"Point","coordinates":[-1.8012868,53.2011322]}},{"type":"Feature","properties":{"id":4694,"z":109.95,"code":"GRD"},"geometry":{"type":"Point","coordinates":[-1.8012531,53.2011518]}},{"type":"Feature","properties":{"id":4695,"z":109.8,"code":"GRD"},"geometry":{"type":"Point","coordinates":[-1.8011903,53.2011494]}},{"type":"Feature","properties":{"id":4696,"z":109.69,"code":"GRD"},"geometry":{"type":"Point","coordinates":[-1.8011314,53.2011427]}},{"type":"Feature","properties":{"id":4697,"z":109.82,"code":"GRD"},"geometry":{"type":"Point","coordinates":[-1.8010375,53.201131]}},{"type":"Feature","properties":{"id":4698,"z":109.54,"code":"GRD"},"geometry":{"type":"Point","coordinates":[-1.800981,53.2011515]}},{"type":"Feature","properties":{"id":4699,"z":109.8,"code":"GRD"},"geometry":{"type":"Point","coordinates":[-1.8009143,53.2011409]}},{"type":"Feature","properties":{"id":4700,"z":109.77,"code":"GRD"},"geometry":{"type":"Point","coordinates":[-1.8008738,53.2011495]}},{"type":"Feature","properties":{"id":4701,"z":110.11,"code":"GRD"},"geometry":{"type":"Point","coordinates":[-1.8008011,53.2011305]}},{"type":"Feature","properties":{"id":4702,"z":110.18,"code":"GRD"},"geometry":{"type":"Point","coordinates":[-1.8007578,53.201144]}},{"type":"Feature","properties":{"id":4703,"z":110.27,"code":"GRD"},"geometry":{"type":"Point","coordinates":[-1.8006902,53.2011496]}},{"type":"Feature","properties":{"id":4704,"z":110.46,"code":"GRD"},"geometry":{"type":"Point","coordinates":[-1.800632,53.2011474]}},{"type":"Feature","properties":{"id":4705,"z":110.79,"code":"GRD"},"geometry":{"type":"Point","coordinates":[-1.8005499,53.2011431]}},{"type":"Feature","properties":{"id":4706,"z":110.8,"code":"GRD"},"geometry":{"type":"Point","coordinates":[-1.8004712,53.2011372]}},{"type":"Feature","properties":{"id":4707,"z":110.76,"code":"GRD"},"geometry":{"type":"Point","coordinates":[-1.8004423,53.2011371]}},{"type":"Feature","properties":{"id":4708,"z":110.74,"code":"GRD"},"geometry":{"type":"Point","coordinates":[-1.8003655,53.2011451]}},{"type":"Feature","properties":{"id":4709,"z":110.48,"code":"GRD"},"geometry":{"type":"Point","coordinates":[-1.8002853,53.2011488]}},{"type":"Feature","properties":{"id":4710,"z":110.17,"code":"GRD"},"geometry":{"type":"Point","coordinates":[-1.8002134,53.2011314]}},{"type":"Feature","properties":{"id":4711,"z":109.95,"code":"GRD"},"geometry":{"type":"Point","coordinates":[-1.8001845,53.2011404]}},{"type":"Feature","properties":{"id":4712,"z":109.52,"code":"GRD"},"geometry":{"type":"Point","coordinates":[-1.8001206,53.2011534]}},{"type":"Feature","properties":{"id":4713,"z":109.15,"code":"GRD"},"geometry":{"type":"Point","coordinates":[-1.8000554,53.2011452]}},{"type":"Feature","properties":{"id":4714,"z":108.47,"code":"GRD"},"geometry":{"type":"Point","coordinates":[-1.7999717,53.2011387]}},{"type":"Feature","properties":{"id":4715,"z":107.97,"code":"GRD"},"geometry":{"type":"Point","coordinates":[-1.7999136,53.2011404]}},{"type":"Feature","properties":{"id":4716,"z":107.54,"code":"GRD"},"geometry":{"type":"Point","coordinates":[-1.7998686,53.2011381]}},{"type":"Feature","properties":{"id":4717,"z":106.89,"code":"GRD"},"geometry":{"type":"Point","coordinates":[-1.7997891,53.201134]}},{"type":"Feature","properties":{"id":4718,"z":106.51,"code":"GRD"},"geometry":{"type":"Point","coordinates":[-1.799742,53.2011392]}},{"type":"Feature","properties":{"id":4719,"z":105.9,"code":"GRD"},"geometry":{"type":"Point","coordinates":[-1.7996792,53.2011513]}},{"type":"Feature","properties":{"id":4720,"z":105.39,"code":"GRD"},"geometry":{"type":"Point","coordinates":[-1.7995857,53.2011384]}},{"type":"Feature","properties":{"id":4721,"z":105.0,"code":"GRD"},"geometry":{"type":"Point","coordinates":[-1.7995389,53.2011528]}},{"type":"Feature","properties":{"id":4722,"z":104.88,"code":"GRD"},"geometry":{"type":"Point","coordinates":[-1.799471,53.2011464]}},{"type":"Feature","properties":{"id":4723,"z":104.83,"code":"GRD"},"geometry":{"type":"Point","coordinates":[-1.7994317,53.2011303]}},{"type":"Feature","properties":{"id":4724,"z":104.77,"code":"GRD"},"geometry":{"type":"Point","coordinates":[-1.7993428,53.2011419]}},{"type":"Feature","properties":{"id":4725,"z":104.68,"code":"GRD"},"geometry":{"type":"Point","coordinates":[-1.7992995,53.2011351]}},{"type":"Feature","properties":{"id":4726,"z":104.92,"code":"GRD"},"geometry":{"type":"Point","coordinates":[-1.7992231,53.2011306]}},{"type":"Feature","properties":{"id":4727,"z":105.01,"code":"GRD"},"geometry":{"type":"Point","coordinates":[-1.7991717,53.2011412]}},{"type":"Feature","properties":{"id":4728,"z":105.19,"code":"GRD"},"geometry":{"type":"Point","coordinates":[-1.799113,53.2011474]}},{"type":"Feature","properties":{"id":4729,"z":105.42,"code":"GRD"},"geometry":{"type":"Point","coordinates":[-1.7990353,53.201149]}},{"type":"Feature","properties":{"id":4730,"z":105.77,"code":"GRD"},"geometry":{"type":"Point","coordinates":[-1.7989618,53.2011484]}},{"type":"Feature","properties":{"id":4731,"z":106.05,"code":"GRD"},"geometry":{"type":"Point","coordinates":[-1.7988976,53.2011363]}},{"type":"Feature","properties":{"id":4732,"z":106.1,"code":"GRD"},"geometry":{"type":"Point","coordinates":[-1.7988542,53.2011303]}},{"type":"Feature","properties":{"id":4733,"z":106.25,"code":"GRD"},"geometry":{"type":"Point","coordinates":[-1.7987876,53.2011348]}},{"type":"Feature","properties":{"id":4734,"z":106.31,"code":"GRD"},"geometry":{"type":"Point","coordinates":[-1.7987385,53.2011524]}},{"type":"Feature","properties":{"id":4735,"z":106.41,"code":"GRD"},"geometry":{"type":"Point","coordinates":[-1.7986493,53.2011449]}},{"type":"Feature","properties":{"id":4736,"z":106.24,"code":"GRD"},"geometry":{"type":"Point","coordinates":[-1.798597,53.2011464]}},{"type":"Feature","properties":{"id":4737,"z":105.99,"code":"GRD"},"geometry":{"type":"Point","coordinates":[-1.7985317,53.2011369]}},{"type":"Feature","properties":{"id":4738,"z":105.84,"code":"GRD"},"geometry":{"type":"Point","coordinates":[-1.7984835,53.2011356]}},{"type":"Feature","properties":{"id":4739,"z":105.36,"code":"GRD"},"geometry":{"type":"Point","coordinates":[-1.7984102,53.2011345]}},{"type":"Feature","properties":{"id":4740,"z":105.1,"code":"GRD"},"geometry":{"type":"Point","coordinates":[-1.798358,53.2011378]}},{"type":"Feature","properties":{"id":4741,"z":104.72,"code":"GRD"},"geometry":{"type":"Point","coordinates":[-1.7982804,53.2011424]}},{"type":"Feature","properties":{"id":4742,"z":104.19,"code":"GRD"},"geometry":{"type":"Point","coordinates":[-1.7982131,53.2011345]}},{"type":"Feature","properties":{"id":4743,"z":103.99,"code":"GRD"},"geometry":{"type":"Point","coordinates":[-1.7981737,53.2011378]}},{"type":"Feature","properties":{"id":4744,"z":103.43,"code":"GRD"},"geometry":{"type":"Point","coordinates":[-1.7980895,53.2011452]}},{"type":"Feature","properties":{"id":4745,"z":103.16,"code":"GRD"},"geometry":{"type":"Point","coordinates":[-1.7980265,53.201134]}},{"type":"Feature","properties":{"id":4746,"z":102.87,"code":"GRD"},"geometry":{"type":"Point","coordinates":[-1.7979873,53.2011543]}},{"type":"Feature","properties":{"id":4747,"z":102.55,"code":"GRD"},"geometry":{"type":"Point","coordinates":[-1.7979111,53.2011495]}},{"type":"Feature","properties":{"id":4748,"z":102.54,"code":"GRD"},"geometry":{"type":"Point","coordinates":[-1.7978258,53.2011459]}},{"type":"Feature","properties":{"id":4749,"z":102.53,"code":"GRD"},"geometry":{"type":"Point","coordinates":[-1.7977828,53.2011411]}},{"type":"Feature","properties":{"id":4750,"z":109.63,"code":"GRD"},"geometry":{"type":"Point","coordinates":[-1.8022464,53.2011725]}},{"type":"Feature","properties":{"id":4751,"z":109.97,"code":"GRD"},"geometry":{"type":"Point","coordinates":[-1.8021906,53.2011708]}},{"type":"Feature","properties":{"id":4752,"z":110.31,"code":"GRD"},"geometry":{"type":"Point","coordinates":[-1.8021347,53.2011683]}},{"type":"Feature","properties":{"id":4753,"z":110.64,"code":"GRD"},"geometry":{"type":"Point","coordinates":[-1.8020602,53.2011823]}},{"type":"Feature","properties":{"id":4754,"z":110.88,"code":"GRD"},"geometry":{"type":"Point","coordinates":[-1.8020168,53.2011815]}},{"type":"Feature","properties":{"id":4755,"z":111.14,"code":"GRD"},"geometry":{"type":"Point","coordinates":[-1.801929,53.201186]}},{"type":"Feature","properties":{"id":4756,"z":111.26,"code":"GRD"},"geometry":{"type":"Point","coordinates":[-1.801869,53.2011768]}},{"type":"Feature","properties":{"id":4757,"z":111.35,"code":"GRD"},"geometry":{"type":"Point","coordinates":[-1.8018112,53.2011863]}},{"type":"Feature","properties":{"id":4758,"z":111.29,"code":"GRD"},"geometry":{"type":"Point","coordinates":[-1.8017351,53.2011867]}},{"type":"Feature","properties":{"id":4759,"z":111.3,"code":"GRD"},"geometry":{"type":"Point","coordinates":[-1.8016963,53.2011753]}},{"type":"Feature","properties":{"id":4760,"z":111.11,"code":"GRD"},"geometry":{"type":"Point","coordinates":[-1.801617,53.2011693]}},{"type":"Feature","properties":{"id":4761,"z":110.91,"code":"GRD"},"geometry":{"type":"Point","coordinates":[-1.8015551,53.2011729]}},{"type":"Feature","properties":{"id":4762,"z":110.57,"code":"GRD"},"geometry":{"type":"Point","coordinates":[-1.8014801,53.2011694]}},{"type":"Feature","properties":{"id":4763,"z":110.32,"code":"GRD"},"geometry":{"type":"Point","coordinates":[-1.8014166,53.2011777]}},{"type":"Feature","properties":{"id":4764,"z":109.82,"code":"GRD"},"geometry":{"type":"Point","coordinates":[-1.8013491,53.2011899]}},{"type":"Feature","properties":{"id":4765,"z":109.75,"code":"GRD"},"geometry":{"type":"Point","coordinates":[-1.8013176,53.2011851]}},{"type":"Feature","properties":{"id":4766,"z":109.55,"code":"GRD"},"geometry":{"type":"Point","coordinates":[-1.8012602,53.2011841]}},{"type":"Feature","properties":{"id":4767,"z":109.39,"code":"GRD"},"geometry":{"type":"Point","coordinates":[-1.8011738,53.2011776]}},{"type":"Feature","properties":{"id":4768,"z":109.37,"code":"GRD"},"geometry":{"type":"Point","coordinates":[-1.8011343,53.2011715]}},{"type":"Feature","properties":{"id":4769,"z":109.09,"code":"GRD"},"geometry":{"type":"Point","coordinates":[-1.801041,53.2011833]}},{"type":"Feature","properties":{"id":4770,"z":109.2,"code":"GRD"},"geometry":{"type":"Point","coordinates":[-1.8010106,53.2011764]}},{"type":"Feature","properties":{"id":4771,"z":109.07,"code":"GRD"},"geometry":{"type":"Point","coordinates":[-1.8009422,53.2011929]}},{"type":"Feature","properties":{"id":4772,"z":109.22,"code":"GRD"},"geometry":{"type":"Point","coordinates":[-1.8008712,53.2011844]}},{"type":"Feature","properties":{"id":4773,"z":109.72,"code":"GRD"},"geometry":{"type":"Point","coordinates":[-1.8008123,53.2011686]}},{"type":"Feature","properties":{"id":4774,"z":109.75,"code":"GRD"},"geometry":{"type":"Point","coordinates":[-1.8007315,53.2011852]}},{"type":"Feature","properties":{"id":4775,"z":109.93,"code":"GRD"},"geometry":{"type":"Point","coordinates":[-1.8006884,53.2011797]}},{"type":"Feature","properties":{"id":4776,"z":110.25,"code":"GRD"},"geometry":{"type":"Point","coordinates":[-1.8006211,53.2011711]}},{"type":"Feature","properties":{"id":4777,"z":110.42,"code":"GRD"},"geometry":{"type":"Point","coordinates":[-1.8005519,53.2011712]}},{"type":"Feature","properties":{"id":4778,"z":110.49,"code":"GRD"},"geometry":{"type":"Point","coordinates":[-1.8005057,53.2011702]}},{"type":"Feature","properties":{"id":4779,"z":110.4,"code":"GRD"},"geometry":{"type":"Point","coordinates":[-1.8004294,53.201188]}},{"type":"Feature","properties":{"id":4780,"z":110.51,"code":"GRD"},"geometry":{"type":"Point","coordinates":[-1.800379,53.2011783]}},{"type":"Feature","properties":{"id":4781,"z":110.38,"code":"GRD"},"geometry":{"type":"Point","coordinates":[-1.8003117,53.2011799]}},{"type":"Feature","properties":{"id":4782,"z":110.24,"code":"GRD"},"geometry":{"type":"Point","coordinates":[-1.8002402,53.2011695]}},{"type":"Feature","properties":{"id":4783,"z":109.74,"code":"GRD"},"geometry":{"type":"Point","coordinates":[-1.8001673,53.2011783]}},{"type":"Feature","properties":{"id":4784,"z":109.37,"code":"GRD"},"geometry":{"type":"Point","coordinates":[-1.8001056,53.2011804]}},{"type":"Feature","properties":{"id":4785,"z":108.83,"code":"GRD"},"geometry":{"type":"Point","coordinates":[-1.8000318,53.2011809]}},{"type":"Feature","properties":{"id":4786,"z":108.52,"code":"GRD"},"geometry":{"type":"Point","coordinates":[-1.7999931,53.2011825]}},{"type":"Feature","properties":{"id":4787,"z":107.88,"code":"GRD"},"geometry":{"type":"Point","coordinates":[-1.7999264,53.2011815]}},{"type":"Feature","properties":{"id":4788,"z":107.27,"code":"GRD"},"geometry":{"type":"Point","coordinates":[-1.7998481,53.2011724]}},{"type":"Feature","properties":{"id":4789,"z":106.71,"code":"GRD"},"geometry":{"type":"Point","coordinates":[-1.7997965,53.2011809]}},{"type":"Feature","properties":{"id":4790,"z":106.13,"code":"GRD"},"geometry":{"type":"Point","coordinates":[-1.7997192,53.2011721]}},{"type":"Feature","properties":{"id":4791,"z":105.87,"code":"GRD"},"geometry":{"type":"Point","coordinates":[-1.7996874,53.2011787]}},{"type":"Feature","properties":{"id":4792,"z":105.33,"code":"GRD"},"geometry":{"type":"Point","coordinates":[-1.7996197,53.2011728]}},{"type":"Feature","properties":{"id":4793,"z":104.99,"code":"GRD"},"geometry":{"type":"Point","coordinates":[-1.7995364,53.2011748]}},{"type":"Feature","properties":{"id":4794,"z":104.71,"code":"GRD"},"geometry":{"type":"Point","coordinates":[-1.7994723,53.2011806]}},{"type":"Feature","properties":{"id":4795,"z":104.51,"code":"GRD"},"geometry":{"type":"Point","coordinates":[-1.7994067,53.2011881]}},{"type":"Feature","properties":{"id":4796,"z":104.53,"code":"GRD"},"geometry":{"type":"Point","coordinates":[-1.7993326,53.2011682]}},{"type":"Feature","properties":{"id":4797,"z":104.54,"code":"GRD"},"geometry":{"type":"Point","coordinates":[-1.7992915,53.2011884]}},{"type":"Feature","properties":{"id":4798,"z":104.71,"code":"GRD"},"geometry":{"type":"Point","coordinates":[-1.7992288,53.2011815]}},{"type":"Feature","properties":{"id":4799,"z":104.85,"code":"GRD"},"geometry":{"type":"Point","coordinates":[-1.7991597,53.2011811]}},{"type":"Feature","properties":{"id":4800,"z":105.13,"code":"GRD"},"geometry":{"type":"Point","coordinates":[-1.799117,53.2011773]}},{"type":"Feature","properties":{"id":4801,"z":105.55,"code":"GRD"},"geometry":{"type":"Point","coordinates":[-1.7990301,53.2011712]}},{"type":"Feature","properties":{"id":4802,"z":105.76,"code":"GRD"},"geometry":{"type":"Point","coordinates":[-1.7989709,53.2011898]}},{"type":"Feature","properties":{"id":4803,"z":105.93,"code":"GRD"},"geometry":{"type":"Point","coordinates":[-1.7989169,53.2011812]}},{"type":"Feature","properties":{"id":4804,"z":106.24,"code":"GRD"},"geometry":{"type":"Point","coordinates":[-1.7988517,53.2011923]}},{"type":"Feature","properties":{"id":4805,"z":106.29,"code":"GRD"},"geometry":{"type":"Point","coordinates":[-1.7987643,53.2011705]}},{"type":"Feature","properties":{"id":4806,"z":106.41,"code":"GRD"},"geometry":{"type":"Point","coordinates":[-1.7987036,53.2011769]}},{"type":"Feature","properties":{"id":4807,"z":106.45,"code":"GRD"},"geometry":{"type":"Point","coordinates":[-1.7986636,53.2011731]}},{"type":"Feature","properties":{"id":4808,"z":106.27,"code":"GRD"},"geometry":{"type":"Point","coordinates":[-1.7985764,53.2011724]}},{"type":"Feature","properties":{"id":4809,"z":106.08,"code":"GRD"},"geometry":{"type":"Point","coordinates":[-1.7985197,53.2011881]}},{"type":"Feature","properties":{"id":4810,"z":105.88,"code":"GRD"},"geometry":{"type":"Point","coordinates":[-1.7984723,53.201178]}},{"type":"Feature","properties":{"id":4811,"z":105.46,"code":"GRD"},"geometry":{"type":"Point","coordinates":[-1.7983966,53.2011733]}},{"type":"Feature","properties":{"id":4812,"z":105.01,"code":"GRD"},"geometry":{"type":"Point","coordinates":[-1.7983373,53.2011903]}},{"type":"Feature","properties":{"id":4813,"z":104.59,"code":"GRD"},"geometry":{"type":"Point","coordinates":[-1.7982712,53.2011835]}},{"type":"Feature","properties":{"id":4814,"z":104.21,"code":"GRD"},"geometry":{"type":"Point","coordinates":[-1.7982229,53.2011679]}},{"type":"Feature","properties":{"id":4815,"z":103.9,"code":"GRD"},"geometry":{"type":"Point","coordinates":[-1.7981686,53.2011799]}},{"type":"Feature","properties":{"id":4816,"z":103.33,"code":"GRD"},"geometry":{"type":"Point","coordinates":[-1.7980811,53.2011766]}},{"type":"Feature","properties":{"id":4817,"z":102.98,"code":"GRD"},"geometry":{"type":"Point","coordinates":[-1.7980217,53.2011831]}},{"type":"Feature","properties":{"id":4818,"z":102.61,"code":"GRD"},"geometry":{"type":"Point","coordinates":[-1.7979494,53.2011771]}},{"type":"Feature","properties":{"id":4819,"z":102.47,"code":"GRD"},"geometry":{"type":"Point","coordinates":[-1.7978886,53.2011761]}},{"type":"Feature","properties":{"id":4820,"z":102.44,"code":"GRD"},"geometry":{"type":"Point","coordinates":[-1.7978514,53.2011771]}},{"type":"Feature","properties":{"id":4821,"z":102.27,"code":"GRD"},"geometry":{"type":"Point","coordinates":[-1.7977907,53.2011884]}},{"type":"Feature","properties":{"id":4822,"z":109.66,"code":"GRD"},"geometry":{"type":"Point","coordinates":[-1.802229,53.201214]}},{"type":"Feature","properties":{"id":4823,"z":109.88,"code":"GRD"},"geometry":{"type":"Point","coordinates":[-1.8021816,53.2012114]}},{"type":"Feature","properties":{"id":4824,"z":110.08,"code":"GRD"},"geometry":{"type":"Point","coordinates":[-1.8021444,53.2012274]}},{"type":"Feature","properties":{"id":4825,"z":110.71,"code":"GRD"},"geometry":{"type":"Point","coordinates":[-1.8020456,53.2012271]}},{"type":"Feature","properties":{"id":4826,"z":110.94,"code":"GRD"},"geometry":{"type":"Point","coordinates":[-1.8019877,53.2012238]}},{"type":"Feature","properties":{"id":4827,"z":111.02,"code":"GRD"},"geometry":{"type":"Point","coordinates":[-1.8019169,53.2012277]}},{"type":"Feature","properties":{"id":4828,"z":111.19,"code":"GRD"},"geometry":{"type":"Point","coordinates":[-1.801879,53.2012287]}},{"type":"Feature","properties":{"id":4829,"z":111.27,"code":"GRD"},"geometry":{"type":"Point","coordinates":[-1.8017931,53.2012193]}},{"type":"Feature","properties":{"id":4830,"z":111.22,"code":"GRD"},"geometry":{"type":"Point","coordinates":[-1.8017265,53.2012139]}},{"type":"Feature","properties":{"id":4831,"z":111.02,"code":"GRD"},"geometry":{"type":"Point","coordinates":[-1.8016665,53.2012259]}},{"type":"Feature","properties":{"id":4832,"z":110.97,"code":"GRD"},"geometry":{"type":"Point","coordinates":[-1.8016226,53.201222]}},{"type":"Feature","properties":{"id":4833,"z":110.74,"code":"GRD"},"geometry":{"type":"Point","coordinates":[-1.8015657,53.2012105]}},{"type":"Feature","properties":{"id":4834,"z":110.28,"code":"GRD"},"geometry":{"type":"Point","coordinates":[-1.8014942,53.2012176]}},{"type":"Feature","properties":{"id":4835,"z":110.04,"code":"GRD"},"geometry":{"type":"Point","coordinates":[-1.8014439,53.2012255]}},{"type":"Feature","properties":{"id":4836,"z":109.81,"code":"GRD"},"geometry":{"type":"Point","coordinates":[-1.801375,53.2012156]}},{"type":"Feature","properties":{"id":4837,"z":109.26,"code":"GRD"},"geometry":{"type":"Point","coordinates":[-1.8012951,53.2012255]}},{"type":"Feature","properties":{"id":4838,"z":109.12,"code":"GRD"},"geometry":{"type":"Point","coordinates":[-1.8012449,53.2012143]}},{"type":"Feature","properties":{"id":4839,"z":108.92,"code":"GRD"},"geometry":{"type":"Point","coordinates":[-1.8011924,53.2012232]}},{"type":"Feature","properties":{"id":4840,"z":108.67,"code":"GRD"},"geometry":{"type":"Point","coordinates":[-1.8011168,53.2012293]}},{"type":"Feature","properties":{"id":4841,"z":108.66,"code":"GRD"},"geometry":{"type":"Point","coordinates":[-1.8010564,53.2012171]}},{"type":"Feature","properties":{"id":4842,"z":108.81,"code":"GRD"},"geometry":{"type":"Point","coordinates":[-1.8010003,53.2012108]}},{"type":"Feature","properties":{"id":4843,"z":108.85,"code":"GRD"},"geometry":{"type":"Point","coordinates":[-1.8009215,53.2012198]}},{"type":"Feature","properties":{"id":4844,"z":108.98,"code":"GRD"},"geometry":{"type":"Point","coordinates":[-1.8008538,53.2012244]}},{"type":"Feature","properties":{"id":4845,"z":109.16,"code":"GRD"},"geometry":{"type":"Point","coordinates":[-1.8007959,53.2012188]}},{"type":"Feature","properties":{"id":4846,"z":109.41,"code":"GRD"},"geometry":{"type":"Point","coordinates":[-1.8007388,53.2012141]}},{"type":"Feature","properties":{"id":4847,"z":109.67,"code":"GRD"},"geometry":{"type":"Point","coordinates":[-1.8006745,53.2012167]}},{"type":"Feature","properties":{"id":4848,"z":109.87,"code":"GRD"},"geometry":{"type":"Point","coordinates":[-1.8006099,53.2012224]}},{"type":"Feature","properties":{"id":4849,"z":110.13,"code":"GRD"},"geometry":{"type":"Point","coordinates":[-1.8005282,53.2012135]}},{"type":"Feature","properties":{"id":4850,"z":110.14,"code":"GRD"},"geometry":{"type":"Point","coordinates":[-1.8004813,53.2012202]}},{"type":"Feature","properties":{"id":4851,"z":110.18,"code":"GRD"},"geometry":{"type":"Point","coordinates":[-1.800434,53.2012302]}},{"type":"Feature","properties":{"id":4852,"z":110.18,"code":"GRD"},"geometry":{"type":"Point","coordinates":[-1.8003778,53.2012258]}},{"type":"Feature","properties":{"id":4853,"z":110.11,"code":"GRD"},"geometry":{"type":"Point","coordinates":[-1.800305,53.2012293]}},{"type":"Feature","properties":{"id":4854,"z":109.92,"code":"GRD"},"geometry":{"type":"Point","coordinates":[-1.8002409,53.2012201]}},{"type":"Feature","properties":{"id":4855,"z":109.67,"code":"GRD"},"geometry":{"type":"Point","coordinates":[-1.8001685,53.2012189]}},{"type":"Feature","properties":{"id":4856,"z":109.43,"code":"GRD"},"geometry":{"type":"Point","coordinates":[-1.8001245,53.2012062]}},{"type":"Feature","properties":{"id":4857,"z":108.82,"code":"GRD"},"geometry":{"type":"Point","coordinates":[-1.8000442,53.2012126]}},{"type":"Feature","properties":{"id":4858,"z":108.24,"code":"GRD"},"geometry":{"type":"Point","coordinates":[-1.7999719,53.2012137]}},{"type":"Feature","properties":{"id":4859,"z":107.78,"code":"GRD"},"geometry":{"type":"Point","coordinates":[-1.7999261,53.2012218]}},{"type":"Feature","properties":{"id":4860,"z":107.08,"code":"GRD"},"geometry":{"type":"Point","coordinates":[-1.7998474,53.2012265]}},{"type":"Feature","properties":{"id":4861,"z":106.71,"code":"GRD"},"geometry":{"type":"Point","coordinates":[-1.7998121,53.2012223]}},{"type":"Feature","properties":{"id":4862,"z":106.08,"code":"GRD"},"geometry":{"type":"Point","coordinates":[-1.7997362,53.2012208]}},{"type":"Feature","properties":{"id":4863,"z":105.63,"code":"GRD"},"geometry":{"type":"Point","coordinates":[-1.7996778,53.2012226]}},{"type":"Feature","properties":{"id":4864,"z":104.95,"code":"GRD"},"geometry":{"type":"Point","coordinates":[-1.7995853,53.2012148]}},{"type":"Feature","properties":{"id":4865,"z":104.73,"code":"GRD"},"geometry":{"type":"Point","coordinates":[-1.79953,53.2012145]}},{"type":"Feature","properties":{"id":4866,"z":104.54,"code":"GRD"},"geometry":{"type":"Point","coordinates":[-1.7994879,53.201222]}},{"type":"Feature","properties":{"id":4867,"z":104.44,"code":"GRD"},"geometry":{"type":"Point","coordinates":[-1.7994097,53.2012195]}},{"type":"Feature","properties":{"id":4868,"z":104.42,"code":"GRD"},"geometry":{"type":"Point","coordinates":[-1.7993323,53.2012143]}},{"type":"Feature","properties":{"id":4869,"z":104.51,"code":"GRD"},"geometry":{"type":"Point","coordinates":[-1.7992725,53.2012271]}},{"type":"Feature","properties":{"id":4870,"z":104.58,"code":"GRD"},"geometry":{"type":"Point","coordinates":[-1.7992447,53.2012099]}},{"type":"Feature","properties":{"id":4871,"z":104.95,"code":"GRD"},"geometry":{"type":"Point","coordinates":[-1.7991552,53.2012097]}},{"type":"Feature","properties":{"id":4872,"z":105.16,"code":"GRD"},"geometry":{"type":"Point","coordinates":[-1.799088,53.2012273]}},{"type":"Feature","properties":{"id":4873,"z":105.44,"code":"GRD"},"geometry":{"type":"Point","coordinates":[-1.7990238,53.2012121]}},{"type":"Feature","properties":{"id":4874,"z":105.76,"code":"GRD"},"geometry":{"type":"Point","coordinates":[-1.7989561,53.2012091]}},{"type":"Feature","properties":{"id":4875,"z":106.04,"code":"GRD"},"geometry":{"type":"Point","coordinates":[-1.7988978,53.2012248]}},{"type":"Feature","properties":{"id":4876,"z":106.18,"code":"GRD"},"geometry":{"type":"Point","coordinates":[-1.798847,53.2012191]}},{"type":"Feature","properties":{"id":4877,"z":106.36,"code":"GRD"},"geometry":{"type":"Point","coordinates":[-1.7988043,53.2012237]}},{"type":"Feature","properties":{"id":4878,"z":106.39,"code":"GRD"},"geometry":{"type":"Point","coordinates":[-1.7987032,53.201217]}},{"type":"Feature","properties":{"id":4879,"z":106.44,"code":"GRD"},"geometry":{"type":"Point","coordinates":[-1.7986644,53.2012289]}},{"type":"Feature","properties":{"id":4880,"z":106.32,"code":"GRD"},"geometry":{"type":"Point","coordinates":[-1.7986084,53.2012178]}},{"type":"Feature","properties":{"id":4881,"z":106.09,"code":"GRD"},"geometry":{"type":"Point","coordinates":[-1.7985415,53.2012086]}},{"type":"Feature","properties":{"id":4882,"z":105.8,"code":"GRD"},"geometry":{"type":"Point","coordinates":[-1.7984624,53.2012087]}},{"type":"Feature","properties":{"id":4883,"z":105.36,"code":"GRD"},"geometry":{"type":"Point","coordinates":[-1.7983914,53.201226]}},{"type":"Feature","properties":{"id":4884,"z":105.06,"code":"GRD"},"geometry":{"type":"Point","coordinates":[-1.7983441,53.2012279]}},{"type":"Feature","properties":{"id":4885,"z":104.63,"code":"GRD"},"geometry":{"type":"Point","coordinates":[-1.7982915,53.2012078]}},{"type":"Feature","properties":{"id":4886,"z":104.25,"code":"GRD"},"geometry":{"type":"Point","coordinates":[-1.7982346,53.2012079]}},{"type":"Feature","properties":{"id":4887,"z":103.51,"code":"GRD"},"geometry":{"type":"Point","coordinates":[-1.7981368,53.2012152]}},{"type":"Feature","properties":{"id":4888,"z":103.31,"code":"GRD"},"geometry":{"type":"Point","coordinates":[-1.7980982,53.2012272]}},{"type":"Feature","properties":{"id":4889,"z":102.88,"code":"GRD"},"geometry":{"type":"Point","coordinates":[-1.7980501,53.2012295]}},{"type":"Feature","properties":{"id":4890,"z":102.61,"code":"GRD"},"geometry":{"type":"Point","coordinates":[-1.7979702,53.2012256]}},{"type":"Feature","properties":{"id":4891,"z":102.4,"code":"GRD"},"geometry":{"type":"Point","coordinates":[-1.7978929,53.2012236]}},{"type":"Feature","properties":{"id":4892,"z":102.3,"code":"GRD"},"geometry":{"type":"Point","coordinates":[-1.7978323,53.2012078]}},{"type":"Feature","properties":{"id":4893,"z":102.25,"code":"GRD"},"geometry":{"type":"Point","coordinates":[-1.7977641,53.2012198]}},{"type":"Feature","properties":{"id":4894,"z":109.49,"code":"GRD"},"geometry":{"type":"Point","coordinates":[-1.8022443,53.2012489]}},{"type":"Feature","properties":{"id":4895,"z":109.65,"code":"GRD"},"geometry":{"type":"Point","coordinates":[-1.802197,53.2012666]}},{"type":"Feature","properties":{"id":4896,"z":110.13,"code":"GRD"},"geometry":{"type":"Point","coordinates":[-1.802127,53.2012649]}},{"type":"Feature","properties":{"id":4897,"z":110.51,"code":"GRD"},"geometry":{"type":"Point","coordinates":[-1.8020726,53.2012441]}},{"type":"Feature","properties":{"id":4898,"z":110.69,"code":"GRD"},"geometry":{"type":"Point","coordinates":[-1.8020125,53.2012471]}},{"type":"Feature","properties":{"id":4899,"z":110.88,"code":"GRD"},"geometry":{"type":"Point","coordinates":[-1.8019511,53.2012663]}},{"type":"Feature","properties":{"id":4900,"z":111.08,"code":"GRD"},"geometry":{"type":"Point","coordinates":[-1.8018659,53.2012563]}},{"type":"Feature","properties":{"id":4901,"z":111.15,"code":"GRD"},"geometry":{"type":"Point","coordinates":[-1.8017913,53.2012539]}},{"type":"Feature","properties":{"id":4902,"z":110.93,"code":"GRD"},"geometry":{"type":"Point","coordinates":[-1.8017454,53.2012665]}},{"type":"Feature","properties":{"id":4903,"z":110.97,"code":"GRD"},"geometry":{"type":"Point","coordinates":[-1.8017007,53.2012611]}},{"type":"Feature","properties":{"id":4904,"z":110.85,"code":"GRD"},"geometry":{"type":"Point","coordinates":[-1.8016355,53.2012501]}},{"type":"Feature","properties":{"id":4905,"z":110.32,"code":"GRD"},"geometry":{"type":"Point","coordinates":[-1.8015401,53.2012632]}},{"type":"Feature","properties":{"id":4906,"z":110.07,"code":"GRD"},"geometry":{"type":"Point","coordinates":[-1.8014937,53.2012461]}},{"type":"Feature","properties":{"id":4907,"z":109.78,"code":"GRD"},"geometry":{"type":"Point","coordinates":[-1.8014213,53.2012433]}},{"type":"Feature","properties":{"id":4908,"z":109.22,"code":"GRD"},"geometry":{"type":"Point","coordinates":[-1.8013472,53.2012671]}},{"type":"Feature","properties":{"id":4909,"z":109.03,"code":"GRD"},"geometry":{"type":"Point","coordinates":[-1.8012957,53.201259]}},{"type":"Feature","properties":{"id":4910,"z":108.93,"code":"GRD"},"geometry":{"type":"Point","coordinates":[-1.8012625,53.2012544]}},{"type":"Feature","properties":{"id":4911,"z":108.53,"code":"GRD"},"geometry":{"type":"Point","coordinates":[-1.8011712,53.2012625]}},{"type":"Feature","properties":{"id":4912,"z":108.54,"code":"GRD"},"geometry":{"type":"Point","coordinates":[-1.8011231,53.2012472]}},{"type":"Feature","properties":{"id":4913,"z":108.46,"code":"GRD"},"geometry":{"type":"Point","coordinates":[-1.8010504,53.2012501]}},{"type":"Feature","properties":{"id":4914,"z":108.52,"code":"GRD"},"geometry":{"type":"Point","coordinates":[-1.8009724,53.2012437]}},{"type":"Feature","properties":{"id":4915,"z":108.61,"code":"GRD"},"geometry":{"type":"Point","coordinates":[-1.800929,53.2012453]}},{"type":"Feature","properties":{"id":4916,"z":108.65,"code":"GRD"},"geometry":{"type":"Point","coordinates":[-1.8008685,53.2012503]}},{"type":"Feature","properties":{"id":4917,"z":108.76,"code":"GRD"},"geometry":{"type":"Point","coordinates":[-1.8007949,53.2012602]}},{"type":"Feature","properties":{"id":4918,"z":109.11,"code":"GRD"},"geometry":{"type":"Point","coordinates":[-1.8007413,53.2012444]}},{"type":"Feature","properties":{"id":4919,"z":109.15,"code":"GRD"},"geometry":{"type":"Point","coordinates":[-1.8006857,53.2012665]}},{"type":"Feature","properties":{"id":4920,"z":109.39,"code":"GRD"},"geometry":{"type":"Point","coordinates":[-1.8006255,53.2012674]}},{"type":"Feature","properties":{"id":4921,"z":109.62,"code":"GRD"},"geometry":{"type":"Point","coordinates":[-1.8005686,53.2012644]}},{"type":"Feature","properties":{"id":4922,"z":109.95,"code":"GRD"},"geometry":{"type":"Point","coordinates":[-1.8004692,53.2012501]}},{"type":"Feature","properties":{"id":4923,"z":110.06,"code":"GRD"},"geometry":{"type":"Point","coordinates":[-1.8004173,53.2012509]}},{"type":"Feature","properties":{"id":4924,"z":109.97,"code":"GRD"},"geometry":{"type":"Point","coordinates":[-1.8003612,53.2012597]}},{"type":"Feature","properties":{"id":4925,"z":109.9,"code":"GRD"},"geometry":{"type":"Point","coordinates":[-1.8002905,53.2012597]}},{"type":"Feature","properties":{"id":4926,"z":109.85,"code":"GRD"},"geometry":{"type":"Point","coordinates":[-1.8002548,53.2012541]}},{"type":"Feature","properties":{"id":4927,"z":109.31,"code":"GRD"},"geometry":{"type":"Point","coordinates":[-1.8001636,53.2012678]}},{"type":"Feature","properties":{"id":4928,"z":109.24,"code":"GRD"},"geometry":{"type":"Point","coordinates":[-1.8001204,53.2012532]}},{"type":"Feature","properties":{"id":4929,"z":108.64,"code":"GRD"},"geometry":{"type":"Point","coordinates":[-1.8000414,53.2012652]}},{"type":"Feature","properties":{"id":4930,"z":108.08,"code":"GRD"},"geometry":{"type":"Point","coordinates":[-1.7999754,53.2012518]}},{"type":"Feature","properties":{"id":4931,"z":107.53,"code":"GRD"},"geometry":{"type":"Point","coordinates":[-1.7999188,53.201259]}},{"type":"Feature","properties":{"id":4932,"z":106.92,"code":"GRD"},"geometry":{"type":"Point","coordinates":[-1.7998444,53.2012494]}},{"type":"Feature","properties":{"id":4933,"z":106.37,"code":"GRD"},"geometry":{"type":"Point","coordinates":[-1.7997877,53.2012457]}},{"type":"Feature","properties":{"id":4934,"z":105.87,"code":"GRD"},"geometry":{"type":"Point","coordinates":[-1.799729,53.2012456]}},{"type":"Feature","properties":{"id":4935,"z":105.4,"code":"GRD"},"geometry":{"type":"Point","coordinates":[-1.799672,53.2012542]}},{"type":"Feature","properties":{"id":4936,"z":105.04,"code":"GRD"},"geometry":{"type":"Point","coordinates":[-1.7995989,53.2012573]}},{"type":"Feature","properties":{"id":4937,"z":104.64,"code":"GRD"},"geometry":{"type":"Point","coordinates":[-1.7995333,53.201252]}},{"type":"Feature","properties":{"id":4938,"z":104.51,"code":"GRD"},"geometry":{"type":"Point","coordinates":[-1.7994968,53.2012603]}},{"type":"Feature","properties":{"id":4939,"z":104.37,"code":"GRD"},"geometry":{"type":"Point","coordinates":[-1.7994087,53.2012649]}},{"type":"Feature","properties":{"id":4940,"z":104.28,"code":"GRD"},"geometry":{"type":"Point","coordinates":[-1.7993707,53.2012554]}},{"type":"Feature","properties":{"id":4941,"z":104.38,"code":"GRD"},"geometry":{"type":"Point","coordinates":[-1.7992994,53.2012642]}},{"type":"Feature","properties":{"id":4942,"z":104.57,"code":"GRD"},"geometry":{"type":"Point","coordinates":[-1.7992281,53.2012571]}},{"type":"Feature","properties":{"id":4943,"z":104.84,"code":"GRD"},"geometry":{"type":"Point","coordinates":[-1.7991576,53.2012464]}},{"type":"Feature","properties":{"id":4944,"z":105.01,"code":"GRD"},"geometry":{"type":"Point","coordinates":[-1.799107,53.20125]}},{"type":"Feature","properties":{"id":4945,"z":105.45,"code":"GRD"},"geometry":{"type":"Point","coordinates":[-1.799017,53.201253]}},{"type":"Feature","properties":{"id":4946,"z":105.75,"code":"GRD"},"geometry":{"type":"Point","coordinates":[-1.7989564,53.2012441]}},{"type":"Feature","properties":{"id":4947,"z":105.84,"code":"GRD"},"geometry":{"type":"Point","coordinates":[-1.7989138,53.2012527]}},{"type":"Feature","properties":{"id":4948,"z":106.19,"code":"GRD"},"geometry":{"type":"Point","coordinates":[-1.7988431,53.201251]}},{"type":"Feature","properties":{"id":4949,"z":106.43,"code":"GRD"},"geometry":{"type":"Point","coordinates":[-1.7987793,53.2012558]}},{"type":"Feature","properties":{"id":4950,"z":106.39,"code":"GRD"},"geometry":{"type":"Point","coordinates":[-1.798724,53.2012633]}},{"type":"Feature","properties":{"id":4951,"z":106.38,"code":"GRD"},"geometry":{"type":"Point","coordinates":[-1.7986672,53.2012536]}},{"type":"Feature","properties":{"id":4952,"z":106.38,"code":"GRD"},"geometry":{"type":"Point","coordinates":[-1.798615,53.2012538]}},{"type":"Feature","properties":{"id":4953,"z":106.17,"code":"GRD"},"geometry":{"type":"Point","coordinates":[-1.7985404,53.2012515]}},{"type":"Feature","properties":{"id":4954,"z":105.89,"code":"GRD"},"geometry":{"type":"Point","coordinates":[-1.7984822,53.2012496]}},{"type":"Feature","properties":{"id":4955,"z":105.54,"code":"GRD"},"geometry":{"type":"Point","coordinates":[-1.7984093,53.201257]}},{"type":"Feature","properties":{"id":4956,"z":105.04,"code":"GRD"},"geometry":{"type":"Point","coordinates":[-1.798352,53.2012672]}},{"type":"Feature","properties":{"id":4957,"z":104.51,"code":"GRD"},"geometry":{"type":"Point","coordinates":[-1.7982739,53.2012433]}},{"type":"Feature","properties":{"id":4958,"z":103.95,"code":"GRD"},"geometry":{"type":"Point","coordinates":[-1.7981977,53.2012619]}},{"type":"Feature","properties":{"id":4959,"z":103.55,"code":"GRD"},"geometry":{"type":"Point","coordinates":[-1.7981383,53.2012627]}},{"type":"Feature","properties":{"id":4960,"z":103.15,"code":"GRD"},"geometry":{"type":"Point","coordinates":[-1.7980805,53.2012579]}},{"type":"Feature","properties":{"id":4961,"z":102.89,"code":"GRD"},"geometry":{"type":"Point","coordinates":[-1.7980262,53.2012471]}},{"type":"Feature","properties":{"id":4962,"z":102.65,"code":"GRD"},"geometry":{"type":"Point","coordinates":[-1.7979851,53.2012565]}},{"type":"Feature","properties":{"id":4963,"z":102.31,"code":"GRD"},"geometry":{"type":"Point","coordinates":[-1.7978977,53.2012459]}},{"type":"Feature","properties":{"id":4964,"z":102.17,"code":"GRD"},"geometry":{"type":"Point","coordinates":[-1.7978247,53.2012656]}},{"type":"Feature","properties":{"id":4965,"z":102.26,"code":"GRD"},"geometry":{"type":"Point","coordinates":[-1.7977675,53.2012541]}},{"type":"Feature","properties":{"id":4966,"z":109.46,"code":"GRD"},"geometry":{"type":"Point","coordinates":[-1.8022335,53.2012822]}},{"type":"Feature","properties":{"id":4967,"z":109.79,"code":"GRD"},"geometry":{"type":"Point","coordinates":[-1.8021727,53.2012996]}},{"type":"Feature","properties":{"id":4968,"z":109.93,"code":"GRD"},"geometry":{"type":"Point","coordinates":[-1.8021348,53.2012976]}},{"type":"Feature","properties":{"id":4969,"z":110.34,"code":"GRD"},"geometry":{"type":"Point","coordinates":[-1.802064,53.2012952]}},{"type":"Feature","properties":{"id":4970,"z":110.63,"code":"GRD"},"geometry":{"type":"Point","coordinates":[-1.801995,53.201289]}},{"type":"Feature","properties":{"id":4971,"z":110.79,"code":"GRD"},"geometry":{"type":"Point","coordinates":[-1.801929,53.2013016]}},{"type":"Feature","properties":{"id":4972,"z":110.86,"code":"GRD"},"geometry":{"type":"Point","coordinates":[-1.8018829,53.2012958]}},{"type":"Feature","properties":{"id":4973,"z":111.0,"code":"GRD"},"geometry":{"type":"Point","coordinates":[-1.8018269,53.2012819]}},{"type":"Feature","properties":{"id":4974,"z":110.87,"code":"GRD"},"geometry":{"type":"Point","coordinates":[-1.8017353,53.2012844]}},{"type":"Feature","properties":{"id":4975,"z":110.76,"code":"GRD"},"geometry":{"type":"Point","coordinates":[-1.8016953,53.2012956]}},{"type":"Feature","properties":{"id":4976,"z":110.48,"code":"GRD"},"geometry":{"type":"Point","coordinates":[-1.8016207,53.2012866]}},{"type":"Feature","properties":{"id":4977,"z":110.05,"code":"GRD"},"geometry":{"type":"Point","coordinates":[-1.8015377,53.2012894]}},{"type":"Feature","properties":{"id":4978,"z":109.75,"code":"GRD"},"geometry":{"type":"Point","coordinates":[-1.801482,53.2012967]}},{"type":"Feature","properties":{"id":4979,"z":109.55,"code":"GRD"},"geometry":{"type":"Point","coordinates":[-1.8014387,53.2012918]}},{"type":"Feature","properties":{"id":4980,"z":109.33,"code":"GRD"},"geometry":{"type":"Point","coordinates":[-1.8013867,53.2012835]}},{"type":"Feature","properties":{"id":4981,"z":108.85,"code":"GRD"},"geometry":{"type":"Point","coordinates":[-1.8013021,53.201287]}},{"type":"Feature","properties":{"id":4982,"z":108.56,"code":"GRD"},"geometry":{"type":"Point","coordinates":[-1.8012406,53.2012908]}},{"type":"Feature","properties":{"id":4983,"z":108.34,"code":"GRD"},"geometry":{"type":"Point","coordinates":[-1.801188,53.2013048]}},{"type":"Feature","properties":{"id":4984,"z":108.24,"code":"GRD"},"geometry":{"type":"Point","coordinates":[-1.8011174,53.2012842]}},{"type":"Feature","properties":{"id":4985,"z":108.02,"code":"GRD"},"geometry":{"type":"Point","coordinates":[-1.8010425,53.2013005]}},{"type":"Feature","properties":{"id":4986,"z":108.11,"code":"GRD"},"geometry":{"type":"Point","coordinates":[-1.800972,53.201294]}},{"type":"Feature","properties":{"id":4987,"z":108.11,"code":"GRD"},"geometry":{"type":"Point","coordinates":[-1.8009135,53.2012962]}},{"type":"Feature","properties":{"id":4988,"z":108.29,"code":"GRD"},"geometry":{"type":"Point","coordinates":[-1.8008472,53.2012997]}},{"type":"Feature","properties":{"id":4989,"z":108.5,"code":"GRD"},"geometry":{"type":"Point","coordinates":[-1.8007865,53.2013043]}},{"type":"Feature","properties":{"id":4990,"z":108.65,"code":"GRD"},"geometry":{"type":"Point","coordinates":[-1.800743,53.2013042]}},{"type":"Feature","properties":{"id":4991,"z":108.94,"code":"GRD"},"geometry":{"type":"Point","coordinates":[-1.8006816,53.2012879]}},{"type":"Feature","properties":{"id":4992,"z":109.12,"code":"GRD"},"geometry":{"type":"Point","coordinates":[-1.8006207,53.2012982]}},{"type":"Feature","properties":{"id":4993,"z":109.33,"code":"GRD"},"geometry":{"type":"Point","coordinates":[-1.8005637,53.2013014]}},{"type":"Feature","properties":{"id":4994,"z":109.62,"code":"GRD"},"geometry":{"type":"Point","coordinates":[-1.8004989,53.2012853]}},{"type":"Feature","properties":{"id":4995,"z":109.75,"code":"GRD"},"geometry":{"type":"Point","coordinates":[-1.8004269,53.2012861]}},{"type":"Feature","properties":{"id":4996,"z":109.66,"code":"GRD"},"geometry":{"type":"Point","coordinates":[-1.8003448,53.2012949]}},{"type":"Feature","properties":{"id":4997,"z":109.62,"code":"GRD"},"geometry":{"type":"Point","coordinates":[-1.8003171,53.2013022]}},{"type":"Feature","properties":{"id":4998,"z":109.44,"code":"GRD"},"geometry":{"type":"Point","coordinates":[-1.8002153,53.2012812]}},{"type":"Feature","properties":{"id":4999,"z":109.05,"code":"GRD"},"geometry":{"type":"Point","coordinates":[-1.8001564,53.2013051]}},{"type":"Feature","properties":{"id":5000,"z":108.79,"code":"GRD"},"geometry":{"type":"Point","coordinates":[-1.800091,53.2013033]}},{"type":"Feature","properties":{"id":5001,"z":108.38,"code":"GRD"},"geometry":{"type":"Point","coordinates":[-1.8000246,53.2012972]}},{"type":"Feature","properties":{"id":5002,"z":107.84,"code":"GRD"},"geometry":{"type":"Point","coordinates":[-1.7999661,53.2012876]}},{"type":"Feature","properties":{"id":5003,"z":107.39,"code":"GRD"},"geometry":{"type":"Point","coordinates":[-1.7999202,53.2013059]}},{"type":"Feature","properties":{"id":5004,"z":106.79,"code":"GRD"},"geometry":{"type":"Point","coordinates":[-1.7998474,53.2012926]}},{"type":"Feature","properties":{"id":5005,"z":106.39,"code":"GRD"},"geometry":{"type":"Point","coordinates":[-1.799796,53.2012882]}},{"type":"Feature","properties":{"id":5006,"z":105.77,"code":"GRD"},"geometry":{"type":"Point","coordinates":[-1.7997305,53.2012954]}},{"type":"Feature","properties":{"id":5007,"z":105.4,"code":"GRD"},"geometry":{"type":"Point","coordinates":[-1.7996707,53.2012935]}},{"type":"Feature","properties":{"id":5008,"z":104.98,"code":"GRD"},"geometry":{"type":"Point","coordinates":[-1.7996047,53.2013022]}},{"type":"Feature","properties":{"id":5009,"z":104.55,"code":"GRD"},"geometry":{"type":"Point","coordinates":[-1.7995303,53.2012886]}},{"type":"Feature","properties":{"id":5010,"z":104.5,"code":"GRD"},"geometry":{"type":"Point","coordinates":[-1.7994923,53.2012889]}},{"type":"Feature","properties":{"id":5011,"z":104.33,"code":"GRD"},"geometry":{"type":"Point","coordinates":[-1.7993977,53.2012971]}},{"type":"Feature","properties":{"id":5012,"z":104.28,"code":"GRD"},"geometry":{"type":"Point","coordinates":[-1.799364,53.2012843]}},{"type":"Feature","properties":{"id":5013,"z":104.28,"code":"GRD"},"geometry":{"type":"Point","coordinates":[-1.7993041,53.201306]}},{"type":"Feature","properties":{"id":5014,"z":104.61,"code":"GRD"},"geometry":{"type":"Point","coordinates":[-1.7992156,53.2013052]}},{"type":"Feature","properties":{"id":5015,"z":104.8,"code":"GRD"},"geometry":{"type":"Point","coordinates":[-1.7991452,53.2013047]}},{"type":"Feature","properties":{"id":5016,"z":104.89,"code":"GRD"},"geometry":{"type":"Point","coordinates":[-1.7991145,53.2012897]}},{"type":"Feature","properties":{"id":5017,"z":105.23,"code":"GRD"},"geometry":{"type":"Point","coordinates":[-1.7990519,53.2012878]}},{"type":"Feature","properties":{"id":5018,"z":105.54,"code":"GRD"},"geometry":{"type":"Point","coordinates":[-1.7989628,53.2013053]}},{"type":"Feature","properties":{"id":5019,"z":105.92,"code":"GRD"},"geometry":{"type":"Point","coordinates":[-1.7988955,53.2013037]}},{"type":"Feature","properties":{"id":5020,"z":106.02,"code":"GRD"},"geometry":{"type":"Point","coordinates":[-1.7988613,53.2012907]}},{"type":"Feature","properties":{"id":5021,"z":106.24,"code":"GRD"},"geometry":{"type":"Point","coordinates":[-1.7987714,53.201284]}},{"type":"Feature","properties":{"id":5022,"z":106.36,"code":"GRD"},"geometry":{"type":"Point","coordinates":[-1.7987149,53.2012816]}},{"type":"Feature","properties":{"id":5023,"z":106.36,"code":"GRD"},"geometry":{"type":"Point","coordinates":[-1.7986589,53.2012842]}},{"type":"Feature","properties":{"id":5024,"z":106.22,"code":"GRD"},"geometry":{"type":"Point","coordinates":[-1.7985897,53.2012913]}},{"type":"Feature","properties":{"id":5025,"z":105.93,"code":"GRD"},"geometry":{"type":"Point","coordinates":[-1.7985128,53.201284]}},{"type":"Feature","properties":{"id":5026,"z":105.75,"code":"GRD"},"geometry":{"type":"Point","coordinates":[-1.7984879,53.2012936]}},{"type":"Feature","properties":{"id":5027,"z":105.52,"code":"GRD"},"geometry":{"type":"Point","coordinates":[-1.7984273,53.2012855]}},{"type":"Feature","properties":{"id":5028,"z":105.07,"code":"GRD"},"geometry":{"type":"Point","coordinates":[-1.7983551,53.2012919]}},{"type":"Feature","properties":{"id":5029,"z":104.55,"code":"GRD"},"geometry":{"type":"Point","coordinates":[-1.7982925,53.2012907]}},{"type":"Feature","properties":{"id":5030,"z":104.01,"code":"GRD"},"geometry":{"type":"Point","coordinates":[-1.7982072,53.201295]}},{"type":"Feature","properties":{"id":5031,"z":103.77,"code":"GRD"},"geometry":{"type":"Point","coordinates":[-1.7981754,53.2012925]}},{"type":"Feature","properties":{"id":5032,"z":103.22,"code":"GRD"},"geometry":{"type":"Point","coordinates":[-1.7981038,53.2012886]}},{"type":"Feature","properties":{"id":5033,"z":102.99,"code":"GRD"},"geometry":{"type":"Point","coordinates":[-1.798047,53.2012832]}},{"type":"Feature","properties":{"id":5034,"z":102.51,"code":"GRD"},"geometry":{"type":"Point","coordinates":[-1.797982,53.2012918]}},{"type":"Feature","properties":{"id":5035,"z":102.33,"code":"GRD"},"geometry":{"type":"Point","coordinates":[-1.797894,53.2012878]}},{"type":"Feature","properties":{"id":5036,"z":102.24,"code":"GRD"},"geometry":{"type":"Point","coordinates":[-1.797856,53.2012948]}},{"type":"Feature","properties":{"id":5037,"z":102.16,"code":"GRD"},"geometry":{"type":"Point","coordinates":[-1.7977664,53.2012901]}},{"type":"Feature","properties":{"id":5038,"z":109.37,"code":"GRD"},"geometry":{"type":"Point","coordinates":[-1.8022302,53.2013428]}},{"type":"Feature","properties":{"id":5039,"z":109.69,"code":"GRD"},"geometry":{"type":"Point","coordinates":[-1.8021826,53.2013285]}},{"type":"Feature","properties":{"id":5040,"z":109.83,"code":"GRD"},"geometry":{"type":"Point","coordinates":[-1.8021227,53.2013415]}},{"type":"Feature","properties":{"id":5041,"z":110.26,"code":"GRD"},"geometry":{"type":"Point","coordinates":[-1.8020607,53.2013193]}},{"type":"Feature","properties":{"id":5042,"z":110.52,"code":"GRD"},"geometry":{"type":"Point","coordinates":[-1.8019866,53.2013214]}},{"type":"Feature","properties":{"id":5043,"z":110.64,"code":"GRD"},"geometry":{"type":"Point","coordinates":[-1.8019317,53.2013251]}},{"type":"Feature","properties":{"id":5044,"z":110.66,"code":"GRD"},"geometry":{"type":"Point","coordinates":[-1.8018638,53.2013345]}},{"type":"Feature","properties":{"id":5045,"z":110.66,"code":"GRD"},"geometry":{"type":"Point","coordinates":[-1.8017881,53.2013217]}},{"type":"Feature","properties":{"id":5046,"z":110.66,"code":"GRD"},"geometry":{"type":"Point","coordinates":[-1.8017569,53.2013309]}},{"type":"Feature","properties":{"id":5047,"z":110.46,"code":"GRD"},"geometry":{"type":"Point","coordinates":[-1.8016949,53.2013319]}},{"type":"Feature","properties":{"id":5048,"z":110.33,"code":"GRD"},"geometry":{"type":"Point","coordinates":[-1.8016273,53.2013207]}},{"type":"Feature","properties":{"id":5049,"z":109.88,"code":"GRD"},"geometry":{"type":"Point","coordinates":[-1.8015422,53.2013213]}},{"type":"Feature","properties":{"id":5050,"z":109.73,"code":"GRD"},"geometry":{"type":"Point","coordinates":[-1.8015004,53.2013217]}},{"type":"Feature","properties":{"id":5051,"z":109.28,"code":"GRD"},"geometry":{"type":"Point","coordinates":[-1.8014262,53.20132]}},{"type":"Feature","properties":{"id":5052,"z":108.96,"code":"GRD"},"geometry":{"type":"Point","coordinates":[-1.8013702,53.2013285]}},{"type":"Feature","properties":{"id":5053,"z":108.52,"code":"GRD"},"geometry":{"type":"Point","coordinates":[-1.8012843,53.201327]}},{"type":"Feature","properties":{"id":5054,"z":108.34,"code":"GRD"},"geometry":{"type":"Point","coordinates":[-1.8012411,53.2013306]}},{"type":"Feature","properties":{"id":5055,"z":108.15,"code":"GRD"},"geometry":{"type":"Point","coordinates":[-1.8011981,53.2013417]}},{"type":"Feature","properties":{"id":5056,"z":107.94,"code":"GRD"},"geometry":{"type":"Point","coordinates":[-1.8010956,53.2013342]}},{"type":"Feature","properties":{"id":5057,"z":107.97,"code":"GRD"},"geometry":{"type":"Point","coordinates":[-1.8010603,53.2013196]}},{"type":"Feature","properties":{"id":5058,"z":107.87,"code":"GRD"},"geometry":{"type":"Point","coordinates":[-1.8009964,53.2013258]}},{"type":"Feature","properties":{"id":5059,"z":107.96,"code":"GRD"},"geometry":{"type":"Point","coordinates":[-1.8009243,53.2013439]}},{"type":"Feature","properties":{"id":5060,"z":108.12,"code":"GRD"},"geometry":{"type":"Point","coordinates":[-1.8008719,53.2013205]}},{"type":"Feature","properties":{"id":5061,"z":108.25,"code":"GRD"},"geometry":{"type":"Point","coordinates":[-1.8007875,53.2013281]}},{"type":"Feature","properties":{"id":5062,"z":108.57,"code":"GRD"},"geometry":{"type":"Point","coordinates":[-1.8007246,53.2013212]}},{"type":"Feature","properties":{"id":5063,"z":108.63,"code":"GRD"},"geometry":{"type":"Point","coordinates":[-1.8006721,53.2013342]}},{"type":"Feature","properties":{"id":5064,"z":108.88,"code":"GRD"},"geometry":{"type":"Point","coordinates":[-1.8006134,53.2013295]}},{"type":"Feature","properties":{"id":5065,"z":109.21,"code":"GRD"},"geometry":{"type":"Point","coordinates":[-1.8005343,53.2013272]}},{"type":"Feature","properties":{"id":5066,"z":109.35,"code":"GRD"},"geometry":{"type":"Point","coordinates":[-1.8004835,53.2013285]}},{"type":"Feature","properties":{"id":5067,"z":109.34,"code":"GRD"},"geometry":{"type":"Point","coordinates":[-1.8004436,53.2013408]}},{"type":"Feature","properties":{"id":5068,"z":109.48,"code":"GRD"},"geometry":{"type":"Point","coordinates":[-1.8003788,53.201323]}},{"type":"Feature","properties":{"id":5069,"z":109.32,"code":"GRD"},"geometry":{"type":"Point","coordinates":[-1.8003054,53.201331]}},{"type":"Feature","properties":{"id":5070,"z":109.04,"code":"GRD"},"geometry":{"type":"Point","coordinates":[-1.8002158,53.201335]}},{"type":"Feature","properties":{"id":5071,"z":109.15,"code":"GRD"},"geometry":{"type":"Point","coordinates":[-1.8001817,53.2013211]}},{"type":"Feature","properties":{"id":5072,"z":108.53,"code":"GRD"},"geometry":{"type":"Point","coordinates":[-1.8000981,53.2013389]}},{"type":"Feature","properties":{"id":5073,"z":108.18,"code":"GRD"},"geometry":{"type":"Point","coordinates":[-1.8000374,53.201324]}},{"type":"Feature","properties":{"id":5074,"z":107.84,"code":"GRD"},"geometry":{"type":"Point","coordinates":[-1.7999918,53.2013424]}},{"type":"Feature","properties":{"id":5075,"z":107.15,"code":"GRD"},"geometry":{"type":"Point","coordinates":[-1.7999168,53.2013366]}},{"type":"Feature","properties":{"id":5076,"z":106.87,"code":"GRD"},"geometry":{"type":"Point","coordinates":[-1.7998618,53.2013287]}},{"type":"Feature","properties":{"id":5077,"z":106.08,"code":"GRD"},"geometry":{"type":"Point","coordinates":[-1.7997746,53.2013225]}},{"type":"Feature","properties":{"id":5078,"z":105.83,"code":"GRD"},"geometry":{"type":"Point","coordinates":[-1.7997337,53.2013418]}},{"type":"Feature","properties":{"id":5079,"z":105.17,"code":"GRD"},"geometry":{"type":"Point","coordinates":[-1.7996509,53.2013254]}},{"type":"Feature","properties":{"id":5080,"z":104.88,"code":"GRD"},"geometry":{"type":"Point","coordinates":[-1.7995951,53.2013214]}},{"type":"Feature","properties":{"id":5081,"z":104.64,"code":"GRD"},"geometry":{"type":"Point","coordinates":[-1.7995439,53.2013236]}},{"type":"Feature","properties":{"id":5082,"z":104.41,"code":"GRD"},"geometry":{"type":"Point","coordinates":[-1.7994819,53.2013356]}},{"type":"Feature","properties":{"id":5083,"z":104.22,"code":"GRD"},"geometry":{"type":"Point","coordinates":[-1.7993969,53.2013264]}},{"type":"Feature","properties":{"id":5084,"z":104.29,"code":"GRD"},"geometry":{"type":"Point","coordinates":[-1.7993591,53.2013293]}},{"type":"Feature","properties":{"id":5085,"z":104.47,"code":"GRD"},"geometry":{"type":"Point","coordinates":[-1.7992769,53.2013354]}},{"type":"Feature","properties":{"id":5086,"z":104.52,"code":"GRD"},"geometry":{"type":"Point","coordinates":[-1.79922,53.2013261]}},{"type":"Feature","properties":{"id":5087,"z":104.73,"code":"GRD"},"geometry":{"type":"Point","coordinates":[-1.7991803,53.2013437]}},{"type":"Feature","properties":{"id":5088,"z":104.93,"code":"GRD"},"geometry":{"type":"Point","coordinates":[-1.7991151,53.201324]}},{"type":"Feature","properties":{"id":5089,"z":105.09,"code":"GRD"},"geometry":{"type":"Point","coordinates":[-1.7990517,53.2013423]}},{"type":"Feature","properties":{"id":5090,"z":105.52,"code":"GRD"},"geometry":{"type":"Point","coordinates":[-1.7989738,53.2013219]}},{"type":"Feature","properties":{"id":5091,"z":105.78,"code":"GRD"},"geometry":{"type":"Point","coordinates":[-1.7989051,53.2013345]}},{"type":"Feature","properties":{"id":5092,"z":106.03,"code":"GRD"},"geometry":{"type":"Point","coordinates":[-1.7988342,53.2013419]}},{"type":"Feature","properties":{"id":5093,"z":106.07,"code":"GRD"},"geometry":{"type":"Point","coordinates":[-1.7987757,53.2013406]}},{"type":"Feature","properties":{"id":5094,"z":106.3,"code":"GRD"},"geometry":{"type":"Point","coordinates":[-1.7987082,53.2013312]}},{"type":"Feature","properties":{"id":5095,"z":106.19,"code":"GRD"},"geometry":{"type":"Point","coordinates":[-1.798672,53.201324]}},{"type":"Feature","properties":{"id":5096,"z":106.03,"code":"GRD"},"geometry":{"type":"Point","coordinates":[-1.7985916,53.2013324]}},{"type":"Feature","properties":{"id":5097,"z":105.97,"code":"GRD"},"geometry":{"type":"Point","coordinates":[-1.7985456,53.2013292]}},{"type":"Feature","properties":{"id":5098,"z":105.58,"code":"GRD"},"geometry":{"type":"Point","coordinates":[-1.7984665,53.2013377]}},{"type":"Feature","properties":{"id":5099,"z":105.34,"code":"GRD"},"geometry":{"type":"Point","coordinates":[-1.7984196,53.2013309]}},{"type":"Feature","properties":{"id":5100,"z":104.83,"code":"GRD"},"geometry":{"type":"Point","coordinates":[-1.798333,53.2013257]}},{"type":"Feature","properties":{"id":5101,"z":104.48,"code":"GRD"},"geometry":{"type":"Point","coordinates":[-1.7982897,53.2013401]}},{"type":"Feature","properties":{"id":5102,"z":104.1,"code":"GRD"},"geometry":{"type":"Point","coordinates":[-1.7982312,53.2013399]}},{"type":"Feature","properties":{"id":5103,"z":103.6,"code":"GRD"},"geometry":{"type":"Point","coordinates":[-1.7981567,53.2013323]}},{"type":"Feature","properties":{"id":5104,"z":103.25,"code":"GRD"},"geometry":{"type":"Point","coordinates":[-1.7981082,53.2013281]}},{"type":"Feature","properties":{"id":5105,"z":102.76,"code":"GRD"},"geometry":{"type":"Point","coordinates":[-1.7980118,53.2013284]}},{"type":"Feature","properties":{"id":5106,"z":102.5,"code":"GRD"},"geometry":{"type":"Point","coordinates":[-1.7979499,53.2013261]}},{"type":"Feature","properties":{"id":5107,"z":102.35,"code":"GRD"},"geometry":{"type":"Point","coordinates":[-1.7979,53.2013375]}},{"type":"Feature","properties":{"id":5108,"z":102.22,"code":"GRD"},"geometry":{"type":"Point","coordinates":[-1.7978268,53.20132]}},{"type":"Feature","properties":{"id":5109,"z":102.21,"code":"GRD"},"geometry":{"type":"Point","coordinates":[-1.797758,53.2013264]}}]}